Workbook
Name SeuilConforme: PARAMETRES!$B$5
Name SeuilSurveiller: PARAMETRES!$B$6
Name SeuilAlerte: PARAMETRES!$B$6
Name StatutConforme: PARAMETRES!$B$7
Name StatutSurveiller: PARAMETRES!$B$8
Name StatutSousStandard: PARAMETRES!$B$9
Name StatutInitial: PARAMETRES!$B$10
Name StatutStandardManquant: PARAMETRES!$B$11
Name StatutDoublon: PARAMETRES!$B$12
Name MatriculesEmployes: T_EMPLOYES[MATRICULE]
Name NomsEmployes: T_EMPLOYES[NOM ET PRENOM]
Name ListeMatricules: T_EMPLOYES[MATRICULE]
Name ListeRuns: T_RUNS[ID RUN]
Name ListeLignes: T_LIGNES[LIGNE]
Name ListeEspeces: T_ESPECES[ESPÈCE]
Name ListeProduits: T_PRODUITS[PRODUIT]
Name ListeMarques: T_MARQUES[MARQUE]
Name ListeFormats: T_FORMATS[FORMAT]
Name ListePreparations: T_PREPARATIONS[PRÉPARATION]
Name ListeMoules: T_MOULES[MOULE]
Name ListeActivites: T_ACTIVITES[ACTIVITÉ]
Name ListeTours: T_TOURS[TOUR]
Name ListeMotifs: T_MOTIFS[MOTIF ARRÊT]
Name ListeTypesTest: T_TYPES_TEST[TYPE DE TEST]
Name ListeStatutsRun: T_STATUTS_RUN[STATUT RUN]
Name ListeOuiNon: T_OUI_NON[OUI / NON]

Sheet PARAMETRES
A1: PARAMETRES — CADENCES MO
A2: Feuille de reference unique. Completer les listes ci-dessous AVANT de creer un RUN. Les cellules creme sont les seules a saisir.
A3: SEUILS ET LIBELLES DE PERFORMANCE (CONFIGURABLES)
A4: PARAMÈTRE | B4: VALEUR | C4: COMMENTAIRE
A5: SEUIL CONFORME (% DU STANDARD) | B5: 1 | C5: ATTEINTE >= CE SEUIL : STATUT CONFORME
A6: SEUIL A SURVEILLER (% DU STANDARD) | B6: 0.9 | C6: ATTEINTE >= CE SEUIL ET < SEUIL CONFORME : STATUT A SURVEILLER (valeur reprise de la version 1.3)
A7: LIBELLE STATUT CONFORME | B7: CONFORME
A8: LIBELLE STATUT INTERMEDIAIRE | B8: A SURVEILLER
A9: LIBELLE STATUT INSUFFISANT | B9: SOUS STANDARD
A10: LIBELLE STATUT PREMIER CONTROLE | B10: CONTROLE INITIAL | C10: Premier controle du matricule : aucune duree mesuree, pas de cadence
A11: LIBELLE STATUT STANDARD ABSENT | B11: STANDARD MANQUANT | C11: Aucune ligne active de la table STANDARDS ne correspond a la configuration
A12: LIBELLE STATUT DOUBLON | B12: DOUBLON | C12: Matricule deja controle sur le meme RUN + TOUR + LIGNE
A14: LISTES DE REFERENCE
A15: LIGNE | B15: ESPÈCE | C15: PRODUIT | D15: MARQUE | E15: FORMAT | F15: PRÉPARATION | G15: MOULE | H15: ACTIVITÉ | I15: TOUR | J15: MOTIF ARRÊT | K15: TYPE DE TEST | L15: STATUT RUN | M15: OUI / NON
A16: L1 | B16: SARDINE | C16: FMHT | F16: HG | H16: GRATTAGE | I16: TOUR 01 | J16: PAUSE | K16: TEST INDIVIDUEL | L16: ACTIF | M16: OUI
A17: L2 | B17: MAQUEREAU | C17: SPSA HO | F17: HGT | H17: REMPLISSAGE | I17: TOUR 02 | J17: MANQUE MATIERE | K17: TEST COMPARATIF | L17: CLOTURE | M17: NON
A18: L3 | C18: SPSA HOEV BIO | H18: GRATTAGE + REMPLISSAGE | I18: TOUR 03 | J18: PANNE | K18: TEST FORMATION | L18: ANNULE
A19: L4 | C19: FMHOEV BIO | H19: INACTIVE | I19: TOUR 04 | J19: ATTENTE CUISSON | K19: TEST QUALITE
A20: L5 | I20: TOUR 05 | J20: ATTENTE QUALITE
A21: L6 | I21: TOUR 06 | J21: NETTOYAGE
A22: L7 | I22: TOUR 07 | J22: CHANGEMENT PRODUIT
A23: L8 | I23: TOUR 08 | J23: ORGANISATION
I24: TOUR 09 | J24: CHANGEMENT DE LOT
I25: TOUR 10 | J25: REGLAGE MACHINE
I26: TOUR 11 | J26: MANQUE DE PERSONNEL
I27: TOUR 12 | J27: COUPURE ELECTRICITE
J28: MANQUE EMBALLAGE
J29: EVACUATION DECHETS
J30: AUTRE
A40: STANDARDS DE CADENCE
A41: Une ligne = une configuration de production. Laisser vide une dimension non applicable (ex. MOULE pour la sardine). Seules les lignes ACTIF = OUI sont utilisees. Le standard repris de la version 1.3 est a confirmer.
A42: ESPÈCE | B42: PRODUIT | C42: MARQUE | D42: FORMAT | E42: PRÉPARATION | F42: MOULE | G42: ACTIVITÉ | H42: STANDARD BOITES/H/FEMME | I42: ACTIF | J42: CLÉ (CALCULÉE)
A43: SARDINE | B43: FMHOEV BIO | G43: GRATTAGE + REMPLISSAGE | H43: 112 | I43: OUI | J43: =IF(OR($A43="",$I43<>"OUI"),"",$A43&"|"&$B43&"|"&$C43&"|"&$D43&"|"&$E43&"|"&$F43&"|"&$G43)
J44: =IF(OR($A44="",$I44<>"OUI"),"",$A44&"|"&$B44&"|"&$C44&"|"&$D44&"|"&$E44&"|"&$F44&"|"&$G44)
J45: =IF(OR($A45="",$I45<>"OUI"),"",$A45&"|"&$B45&"|"&$C45&"|"&$D45&"|"&$E45&"|"&$F45&"|"&$G45)
J46: =IF(OR($A46="",$I46<>"OUI"),"",$A46&"|"&$B46&"|"&$C46&"|"&$D46&"|"&$E46&"|"&$F46&"|"&$G46)
J47: =IF(OR($A47="",$I47<>"OUI"),"",$A47&"|"&$B47&"|"&$C47&"|"&$D47&"|"&$E47&"|"&$F47&"|"&$G47)
J48: =IF(OR($A48="",$I48<>"OUI"),"",$A48&"|"&$B48&"|"&$C48&"|"&$D48&"|"&$E48&"|"&$F48&"|"&$G48)
J49: =IF(OR($A49="",$I49<>"OUI"),"",$A49&"|"&$B49&"|"&$C49&"|"&$D49&"|"&$E49&"|"&$F49&"|"&$G49)
J50: =IF(OR($A50="",$I50<>"OUI"),"",$A50&"|"&$B50&"|"&$C50&"|"&$D50&"|"&$E50&"|"&$F50&"|"&$G50)
J51: =IF(OR($A51="",$I51<>"OUI"),"",$A51&"|"&$B51&"|"&$C51&"|"&$D51&"|"&$E51&"|"&$F51&"|"&$G51)
J52: =IF(OR($A52="",$I52<>"OUI"),"",$A52&"|"&$B52&"|"&$C52&"|"&$D52&"|"&$E52&"|"&$F52&"|"&$G52)
J53: =IF(OR($A53="",$I53<>"OUI"),"",$A53&"|"&$B53&"|"&$C53&"|"&$D53&"|"&$E53&"|"&$F53&"|"&$G53)
J54: =IF(OR($A54="",$I54<>"OUI"),"",$A54&"|"&$B54&"|"&$C54&"|"&$D54&"|"&$E54&"|"&$F54&"|"&$G54)
J55: =IF(OR($A55="",$I55<>"OUI"),"",$A55&"|"&$B55&"|"&$C55&"|"&$D55&"|"&$E55&"|"&$F55&"|"&$G55)
... J342: =IF(OR($A342="",$I342<>"OUI"),"",$A342&"|"&$B342&"|"&$C342&"|"&$D342&"|"&$E342&"|"&$F342&"|"&$G342)
A345: EMPLOYES
A346: MATRICULE | B346: NOM ET PRENOM | C346: ACTIF

Sheet RUNS
A1: RUNS — CONTEXTE DE PRODUCTION
A2: Un RUN = une configuration de production. L'activite de chaque ligne (L1 a L8) appartient au RUN : elle n'est jamais figee. Saisir un ID RUN unique et stable (ex. RUN-20260905-01) : il relie tout l'historique.
A4: LISTE DES RUNS
A5: ID RUN | B5: DATE | C5: HEURE DEBUT | D5: HEURE FIN | E5: ESPÈCE | F5: PRODUIT | G5: MARQUE | H5: FORMAT | I5: LOT MP | J5: PRÉPARATION | K5: MOULE | L5: ACTIVITÉ L1 | M5: ACTIVITÉ L2 | N5: ACTIVITÉ L3 | O5: ACTIVITÉ L4 | P5: ACTIVITÉ L5 | Q5: ACTIVITÉ L6 | R5: ACTIVITÉ L7 | S5: ACTIVITÉ L8 | T5: STATUT RUN | U5: CONTRÔLE DE COHÉRENCE
U6: =IF($A6="","",IF(COUNTIF(RUNS!$A$6:$A$1005,$A6)>1,"ID RUN EN DOUBLON",IF($B6="","DATE MANQUANTE",IF($E6="","ESPECE MANQUANTE",IF($F6="","PRODUIT MANQUANT",IF($T6="","STATUT RUN MANQUANT",IF(COUNTIF($L6:$S6,"INACTIVE")=8,"AUCUNE LIGNE ACTIVE","RUN VALIDE")))))))
U7: =IF($A7="","",IF(COUNTIF(RUNS!$A$6:$A$1005,$A7)>1,"ID RUN EN DOUBLON",IF($B7="","DATE MANQUANTE",IF($E7="","ESPECE MANQUANTE",IF($F7="","PRODUIT MANQUANT",IF($T7="","STATUT RUN MANQUANT",IF(COUNTIF($L7:$S7,"INACTIVE")=8,"AUCUNE LIGNE ACTIVE","RUN VALIDE")))))))
U8: =IF($A8="","",IF(COUNTIF(RUNS!$A$6:$A$1005,$A8)>1,"ID RUN EN DOUBLON",IF($B8="","DATE MANQUANTE",IF($E8="","ESPECE MANQUANTE",IF($F8="","PRODUIT MANQUANT",IF($T8="","STATUT RUN MANQUANT",IF(COUNTIF($L8:$S8,"INACTIVE")=8,"AUCUNE LIGNE ACTIVE","RUN VALIDE")))))))
U9: =IF($A9="","",IF(COUNTIF(RUNS!$A$6:$A$1005,$A9)>1,"ID RUN EN DOUBLON",IF($B9="","DATE MANQUANTE",IF($E9="","ESPECE MANQUANTE",IF($F9="","PRODUIT MANQUANT",IF($T9="","STATUT RUN MANQUANT",IF(COUNTIF($L9:$S9,"INACTIVE")=8,"AUCUNE LIGNE ACTIVE","RUN VALIDE")))))))
U10: =IF($A10="","",IF(COUNTIF(RUNS!$A$6:$A$1005,$A10)>1,"ID RUN EN DOUBLON",IF($B10="","DATE MANQUANTE",IF($E10="","ESPECE MANQUANTE",IF($F10="","PRODUIT MANQUANT",IF($T10="","STATUT RUN MANQUANT",IF(COUNTIF($L10:$S10,"INACTIVE")=8,"AUCUNE LIGNE ACTIVE","RUN VALIDE")))))))
U11: =IF($A11="","",IF(COUNTIF(RUNS!$A$6:$A$1005,$A11)>1,"ID RUN EN DOUBLON",IF($B11="","DATE MANQUANTE",IF($E11="","ESPECE MANQUANTE",IF($F11="","PRODUIT MANQUANT",IF($T11="","STATUT RUN MANQUANT",IF(COUNTIF($L11:$S11,"INACTIVE")=8,"AUCUNE LIGNE ACTIVE","RUN VALIDE")))))))
U12: =IF($A12="","",IF(COUNTIF(RUNS!$A$6:$A$1005,$A12)>1,"ID RUN EN DOUBLON",IF($B12="","DATE MANQUANTE",IF($E12="","ESPECE MANQUANTE",IF($F12="","PRODUIT MANQUANT",IF($T12="","STATUT RUN MANQUANT",IF(COUNTIF($L12:$S12,"INACTIVE")=8,"AUCUNE LIGNE ACTIVE","RUN VALIDE")))))))
U13: =IF($A13="","",IF(COUNTIF(RUNS!$A$6:$A$1005,$A13)>1,"ID RUN EN DOUBLON",IF($B13="","DATE MANQUANTE",IF($E13="","ESPECE MANQUANTE",IF($F13="","PRODUIT MANQUANT",IF($T13="","STATUT RUN MANQUANT",IF(COUNTIF($L13:$S13,"INACTIVE")=8,"AUCUNE LIGNE ACTIVE","RUN VALIDE")))))))
U14: =IF($A14="","",IF(COUNTIF(RUNS!$A$6:$A$1005,$A14)>1,"ID RUN EN DOUBLON",IF($B14="","DATE MANQUANTE",IF($E14="","ESPECE MANQUANTE",IF($F14="","PRODUIT MANQUANT",IF($T14="","STATUT RUN MANQUANT",IF(COUNTIF($L14:$S14,"INACTIVE")=8,"AUCUNE LIGNE ACTIVE","RUN VALIDE")))))))
U15: =IF($A15="","",IF(COUNTIF(RUNS!$A$6:$A$1005,$A15)>1,"ID RUN EN DOUBLON",IF($B15="","DATE MANQUANTE",IF($E15="","ESPECE MANQUANTE",IF($F15="","PRODUIT MANQUANT",IF($T15="","STATUT RUN MANQUANT",IF(COUNTIF($L15:$S15,"INACTIVE")=8,"AUCUNE LIGNE ACTIVE","RUN VALIDE")))))))
U16: =IF($A16="","",IF(COUNTIF(RUNS!$A$6:$A$1005,$A16)>1,"ID RUN EN DOUBLON",IF($B16="","DATE MANQUANTE",IF($E16="","ESPECE MANQUANTE",IF($F16="","PRODUIT MANQUANT",IF($T16="","STATUT RUN MANQUANT",IF(COUNTIF($L16:$S16,"INACTIVE")=8,"AUCUNE LIGNE ACTIVE","RUN VALIDE")))))))
U17: =IF($A17="","",IF(COUNTIF(RUNS!$A$6:$A$1005,$A17)>1,"ID RUN EN DOUBLON",IF($B17="","DATE MANQUANTE",IF($E17="","ESPECE MANQUANTE",IF($F17="","PRODUIT MANQUANT",IF($T17="","STATUT RUN MANQUANT",IF(COUNTIF($L17:$S17,"INACTIVE")=8,"AUCUNE LIGNE ACTIVE","RUN VALIDE")))))))
... U205: =IF($A205="","",IF(COUNTIF(RUNS!$A$6:$A$1005,$A205)>1,"ID RUN EN DOUBLON",IF($B205="","DATE MANQUANTE",IF($E205="","ESPECE MANQUANTE",IF($F205="","PRODUIT MANQUANT",IF($T205="","STATUT RUN MANQUANT",IF(COUNTIF($L205:$S205,"INACTIVE")=8,"AUCUNE LIGNE ACTIVE","RUN VALIDE")))))))

Sheet SAISIE CONTROLE
A1: SAISIE CONTROLE — TERRAIN
A2: 1. Choisir RUN / TOUR / LIGNE 2. Saisir HEURE DU CONTROLE et EFFECTIF PRESENT 3. Saisir MATRICULE + NB BOITES pour chaque femme 4. Copier le bloc de transfert vers BASE CONTROLES (collage special : valeurs).
A3: CONTEXTE
B4: RUN ACTIF | E4: DATE DU RUN | F4: =IF($C$4="","",IFERROR(IF(INDEX(RUNS!$B$6:$B$1005,MATCH($C$4,RUNS!$A$6:$A$1005,0))="","",INDEX(RUNS!$B$6:$B$1005,MATCH($C$4,RUNS!$A$6:$A$1005,0))),"")) | G4: ESPÈCE | H4: =IF($C$4="","",IFERROR(IF(INDEX(RUNS!$E$6:$E$1005,MATCH($C$4,RUNS!$A$6:$A$1005,0))="","",INDEX(RUNS!$E$6:$E$1005,MATCH($C$4,RUNS!$A$6:$A$1005,0))),""))
B5: TOUR | E5: PRODUIT | F5: =IF($C$4="","",IFERROR(IF(INDEX(RUNS!$F$6:$F$1005,MATCH($C$4,RUNS!$A$6:$A$1005,0))="","",INDEX(RUNS!$F$6:$F$1005,MATCH($C$4,RUNS!$A$6:$A$1005,0))),"")) | G5: PRÉPARATION | H5: =IF($C$4="","",IFERROR(IF(INDEX(RUNS!$J$6:$J$1005,MATCH($C$4,RUNS!$A$6:$A$1005,0))="","",INDEX(RUNS!$J$6:$J$1005,MATCH($C$4,RUNS!$A$6:$A$1005,0))),""))
B6: LIGNE | E6: MARQUE | F6: =IF($C$4="","",IFERROR(IF(INDEX(RUNS!$G$6:$G$1005,MATCH($C$4,RUNS!$A$6:$A$1005,0))="","",INDEX(RUNS!$G$6:$G$1005,MATCH($C$4,RUNS!$A$6:$A$1005,0))),"")) | G6: MOULE | H6: =IF($C$4="","",IFERROR(IF(INDEX(RUNS!$K$6:$K$1005,MATCH($C$4,RUNS!$A$6:$A$1005,0))="","",INDEX(RUNS!$K$6:$K$1005,MATCH($C$4,RUNS!$A$6:$A$1005,0))),""))
B7: HEURE DU CONTROLE | E7: FORMAT | F7: =IF($C$4="","",IFERROR(IF(INDEX(RUNS!$H$6:$H$1005,MATCH($C$4,RUNS!$A$6:$A$1005,0))="","",INDEX(RUNS!$H$6:$H$1005,MATCH($C$4,RUNS!$A$6:$A$1005,0))),"")) | G7: ACTIVITÉ LIGNE | H7: =IF($C$4="","",IFERROR(IF(INDEX(RUNS!$L$6:$S$1005,MATCH($C$4,RUNS!$A$6:$A$1005,0),MATCH("ACTIVITÉ "&$C$6,RUNS!$L$5:$S$5,0))="","",INDEX(RUNS!$L$6:$S$1005,MATCH($C$4,RUNS!$A$6:$A$1005,0),MATCH("ACTIVITÉ "&$C$6,RUNS!$L$5:$S$5,0))),""))
B8: EFFECTIF PRESENT | E8: CONFIGURATION | F8: =IF($C$4="","",_xlfn.TEXTJOIN(" / ",TRUE,$H$4,$F$5,$F$6,$F$7,$H$5,$H$6,$H$7)) | G8: STANDARD | H8: =IF(OR($C$4="",$C$6=""),"",IFERROR(IF(INDEX(PARAMETRES!$H$43:$H$342,MATCH($H$4&"|"&$F$5&"|"&$F$6&"|"&$F$7&"|"&$H$5&"|"&$H$6&"|"&$H$7,PARAMETRES!$J$43:$J$342,0))="","",INDEX(PARAMETRES!$H$43:$H$342,MATCH($H$4&"|"&$F$5&"|"&$F$6&"|"&$F$7&"|"&$H$5&"|"&$H$6&"|"&$H$7,PARAMETRES!$J$43:$J$342,0))),""))
B9: ETAT DU CONTEXTE | C9: =IF($C$4="","SELECTIONNER UN RUN",IF(IFERROR(IF(INDEX(RUNS!$T$6:$T$1005,MATCH($C$4,RUNS!$A$6:$A$1005,0))="","",INDEX(RUNS!$T$6:$T$1005,MATCH($C$4,RUNS!$A$6:$A$1005,0))),"")<>"ACTIF","ATTENTION : RUN NON ACTIF",IF($C$5="","SELECTIONNER UN TOUR",IF($C$6="","SELECTIONNER UNE LIGNE",IF($C$7="","SAISIR L'HEURE DU CONTROLE",IF($C$8="","SAISIR L'EFFECTIF PRESENT",IF($H$7="INACTIVE","ATTENTION : LIGNE INACTIVE SUR CE RUN",IF($H$7="","ATTENTION : ACTIVITE NON DEFINIE POUR CETTE LIGNE",IF($H$8="","ATTENTION : STANDARD MANQUANT POUR CETTE CONFIGURATION","CONTEXTE COMPLET — SAISIE POSSIBLE")))))))))
A11: SAISIE DES CONTROLES — MATRICULE + NB BOITES
A12: N° | B12: MATRICULE | C12: NOM ET PRENOM | D12: NB BOÎTES | E12: STATUT SAISIE
A13: 1 | C13: =IF($B13="","",IFERROR(INDEX(NomsEmployes,MATCH($B13,MatriculesEmployes,0)),"MATRICULE INCONNU")) | E13: =IF($B13="","",IF(ISNA(MATCH($B13,MatriculesEmployes,0)),"MATRICULE INCONNU",IF(COUNTIF($B$13:$B13,$B13)>1,"MATRICULE DEJA CONTROLE",IF(COUNTIFS('BASE CONTROLES'!$D$4:$D$50003,$C$4,'BASE CONTROLES'!$E$4:$E$50003,$C$5,'BASE CONTROLES'!$F$4:$F$50003,$C$6,'BASE CONTROLES'!$G$4:$G$50003,$B13)>0,"MATRICULE DEJA CONTROLE",IF($D13="","SAISIR NB BOITES",IF($D13<=0,"NB BOITES INVALIDE","SAISIE VALIDE"))))))
A14: 2 | C14: =IF($B14="","",IFERROR(INDEX(NomsEmployes,MATCH($B14,MatriculesEmployes,0)),"MATRICULE INCONNU")) | E14: =IF($B14="","",IF(ISNA(MATCH($B14,MatriculesEmployes,0)),"MATRICULE INCONNU",IF(COUNTIF($B$13:$B14,$B14)>1,"MATRICULE DEJA CONTROLE",IF(COUNTIFS('BASE CONTROLES'!$D$4:$D$50003,$C$4,'BASE CONTROLES'!$E$4:$E$50003,$C$5,'BASE CONTROLES'!$F$4:$F$50003,$C$6,'BASE CONTROLES'!$G$4:$G$50003,$B14)>0,"MATRICULE DEJA CONTROLE",IF($D14="","SAISIR NB BOITES",IF($D14<=0,"NB BOITES INVALIDE","SAISIE VALIDE"))))))
A15: 3 | C15: =IF($B15="","",IFERROR(INDEX(NomsEmployes,MATCH($B15,MatriculesEmployes,0)),"MATRICULE INCONNU")) | E15: =IF($B15="","",IF(ISNA(MATCH($B15,MatriculesEmployes,0)),"MATRICULE INCONNU",IF(COUNTIF($B$13:$B15,$B15)>1,"MATRICULE DEJA CONTROLE",IF(COUNTIFS('BASE CONTROLES'!$D$4:$D$50003,$C$4,'BASE CONTROLES'!$E$4:$E$50003,$C$5,'BASE CONTROLES'!$F$4:$F$50003,$C$6,'BASE CONTROLES'!$G$4:$G$50003,$B15)>0,"MATRICULE DEJA CONTROLE",IF($D15="","SAISIR NB BOITES",IF($D15<=0,"NB BOITES INVALIDE","SAISIE VALIDE"))))))
A16: 4 | C16: =IF($B16="","",IFERROR(INDEX(NomsEmployes,MATCH($B16,MatriculesEmployes,0)),"MATRICULE INCONNU")) | E16: =IF($B16="","",IF(ISNA(MATCH($B16,MatriculesEmployes,0)),"MATRICULE INCONNU",IF(COUNTIF($B$13:$B16,$B16)>1,"MATRICULE DEJA CONTROLE",IF(COUNTIFS('BASE CONTROLES'!$D$4:$D$50003,$C$4,'BASE CONTROLES'!$E$4:$E$50003,$C$5,'BASE CONTROLES'!$F$4:$F$50003,$C$6,'BASE CONTROLES'!$G$4:$G$50003,$B16)>0,"MATRICULE DEJA CONTROLE",IF($D16="","SAISIR NB BOITES",IF($D16<=0,"NB BOITES INVALIDE","SAISIE VALIDE"))))))
A17: 5 | C17: =IF($B17="","",IFERROR(INDEX(NomsEmployes,MATCH($B17,MatriculesEmployes,0)),"MATRICULE INCONNU")) | E17: =IF($B17="","",IF(ISNA(MATCH($B17,MatriculesEmployes,0)),"MATRICULE INCONNU",IF(COUNTIF($B$13:$B17,$B17)>1,"MATRICULE DEJA CONTROLE",IF(COUNTIFS('BASE CONTROLES'!$D$4:$D$50003,$C$4,'BASE CONTROLES'!$E$4:$E$50003,$C$5,'BASE CONTROLES'!$F$4:$F$50003,$C$6,'BASE CONTROLES'!$G$4:$G$50003,$B17)>0,"MATRICULE DEJA CONTROLE",IF($D17="","SAISIR NB BOITES",IF($D17<=0,"NB BOITES INVALIDE","SAISIE VALIDE"))))))
A18: 6 | C18: =IF($B18="","",IFERROR(INDEX(NomsEmployes,MATCH($B18,MatriculesEmployes,0)),"MATRICULE INCONNU")) | E18: =IF($B18="","",IF(ISNA(MATCH($B18,MatriculesEmployes,0)),"MATRICULE INCONNU",IF(COUNTIF($B$13:$B18,$B18)>1,"MATRICULE DEJA CONTROLE",IF(COUNTIFS('BASE CONTROLES'!$D$4:$D$50003,$C$4,'BASE CONTROLES'!$E$4:$E$50003,$C$5,'BASE CONTROLES'!$F$4:$F$50003,$C$6,'BASE CONTROLES'!$G$4:$G$50003,$B18)>0,"MATRICULE DEJA CONTROLE",IF($D18="","SAISIR NB BOITES",IF($D18<=0,"NB BOITES INVALIDE","SAISIE VALIDE"))))))
A19: 7 | C19: =IF($B19="","",IFERROR(INDEX(NomsEmployes,MATCH($B19,MatriculesEmployes,0)),"MATRICULE INCONNU")) | E19: =IF($B19="","",IF(ISNA(MATCH($B19,MatriculesEmployes,0)),"MATRICULE INCONNU",IF(COUNTIF($B$13:$B19,$B19)>1,"MATRICULE DEJA CONTROLE",IF(COUNTIFS('BASE CONTROLES'!$D$4:$D$50003,$C$4,'BASE CONTROLES'!$E$4:$E$50003,$C$5,'BASE CONTROLES'!$F$4:$F$50003,$C$6,'BASE CONTROLES'!$G$4:$G$50003,$B19)>0,"MATRICULE DEJA CONTROLE",IF($D19="","SAISIR NB BOITES",IF($D19<=0,"NB BOITES INVALIDE","SAISIE VALIDE"))))))
A20: 8 | C20: =IF($B20="","",IFERROR(INDEX(NomsEmployes,MATCH($B20,MatriculesEmployes,0)),"MATRICULE INCONNU")) | E20: =IF($B20="","",IF(ISNA(MATCH($B20,MatriculesEmployes,0)),"MATRICULE INCONNU",IF(COUNTIF($B$13:$B20,$B20)>1,"MATRICULE DEJA CONTROLE",IF(COUNTIFS('BASE CONTROLES'!$D$4:$D$50003,$C$4,'BASE CONTROLES'!$E$4:$E$50003,$C$5,'BASE CONTROLES'!$F$4:$F$50003,$C$6,'BASE CONTROLES'!$G$4:$G$50003,$B20)>0,"MATRICULE DEJA CONTROLE",IF($D20="","SAISIR NB BOITES",IF($D20<=0,"NB BOITES INVALIDE","SAISIE VALIDE"))))))
A21: 9 | C21: =IF($B21="","",IFERROR(INDEX(NomsEmployes,MATCH($B21,MatriculesEmployes,0)),"MATRICULE INCONNU")) | E21: =IF($B21="","",IF(ISNA(MATCH($B21,MatriculesEmployes,0)),"MATRICULE INCONNU",IF(COUNTIF($B$13:$B21,$B21)>1,"MATRICULE DEJA CONTROLE",IF(COUNTIFS('BASE CONTROLES'!$D$4:$D$50003,$C$4,'BASE CONTROLES'!$E$4:$E$50003,$C$5,'BASE CONTROLES'!$F$4:$F$50003,$C$6,'BASE CONTROLES'!$G$4:$G$50003,$B21)>0,"MATRICULE DEJA CONTROLE",IF($D21="","SAISIR NB BOITES",IF($D21<=0,"NB BOITES INVALIDE","SAISIE VALIDE"))))))
A22: 10 | C22: =IF($B22="","",IFERROR(INDEX(NomsEmployes,MATCH($B22,MatriculesEmployes,0)),"MATRICULE INCONNU")) | E22: =IF($B22="","",IF(ISNA(MATCH($B22,MatriculesEmployes,0)),"MATRICULE INCONNU",IF(COUNTIF($B$13:$B22,$B22)>1,"MATRICULE DEJA CONTROLE",IF(COUNTIFS('BASE CONTROLES'!$D$4:$D$50003,$C$4,'BASE CONTROLES'!$E$4:$E$50003,$C$5,'BASE CONTROLES'!$F$4:$F$50003,$C$6,'BASE CONTROLES'!$G$4:$G$50003,$B22)>0,"MATRICULE DEJA CONTROLE",IF($D22="","SAISIR NB BOITES",IF($D22<=0,"NB BOITES INVALIDE","SAISIE VALIDE"))))))
A23: 11 | C23: =IF($B23="","",IFERROR(INDEX(NomsEmployes,MATCH($B23,MatriculesEmployes,0)),"MATRICULE INCONNU")) | E23: =IF($B23="","",IF(ISNA(MATCH($B23,MatriculesEmployes,0)),"MATRICULE INCONNU",IF(COUNTIF($B$13:$B23,$B23)>1,"MATRICULE DEJA CONTROLE",IF(COUNTIFS('BASE CONTROLES'!$D$4:$D$50003,$C$4,'BASE CONTROLES'!$E$4:$E$50003,$C$5,'BASE CONTROLES'!$F$4:$F$50003,$C$6,'BASE CONTROLES'!$G$4:$G$50003,$B23)>0,"MATRICULE DEJA CONTROLE",IF($D23="","SAISIR NB BOITES",IF($D23<=0,"NB BOITES INVALIDE","SAISIE VALIDE"))))))
A24: 12 | C24: =IF($B24="","",IFERROR(INDEX(NomsEmployes,MATCH($B24,MatriculesEmployes,0)),"MATRICULE INCONNU")) | E24: =IF($B24="","",IF(ISNA(MATCH($B24,MatriculesEmployes,0)),"MATRICULE INCONNU",IF(COUNTIF($B$13:$B24,$B24)>1,"MATRICULE DEJA CONTROLE",IF(COUNTIFS('BASE CONTROLES'!$D$4:$D$50003,$C$4,'BASE CONTROLES'!$E$4:$E$50003,$C$5,'BASE CONTROLES'!$F$4:$F$50003,$C$6,'BASE CONTROLES'!$G$4:$G$50003,$B24)>0,"MATRICULE DEJA CONTROLE",IF($D24="","SAISIR NB BOITES",IF($D24<=0,"NB BOITES INVALIDE","SAISIE VALIDE"))))))
... A28: 16 | C28: =IF($B28="","",IFERROR(INDEX(NomsEmployes,MATCH($B28,MatriculesEmployes,0)),"MATRICULE INCONNU")) | E28: =IF($B28="","",IF(ISNA(MATCH($B28,MatriculesEmployes,0)),"MATRICULE INCONNU",IF(COUNTIF($B$13:$B28,$B28)>1,"MATRICULE DEJA CONTROLE",IF(COUNTIFS('BASE CONTROLES'!$D$4:$D$50003,$C$4,'BASE CONTROLES'!$E$4:$E$50003,$C$5,'BASE CONTROLES'!$F$4:$F$50003,$C$6,'BASE CONTROLES'!$G$4:$G$50003,$B28)>0,"MATRICULE DEJA CONTROLE",IF($D28="","SAISIR NB BOITES",IF($D28<=0,"NB BOITES INVALIDE","SAISIE VALIDE"))))))
A30: AVANCEMENT DU CONTROLE DE LA LIGNE
B31: FEMMES CONTROLEES | C31: EFFECTIF PRESENT | D31: COUVERTURE % | E31: AVANCEMENT | F31: TOTAL BOITES CONTROLEES
B32: =COUNTIF($E$13:$E$28,"SAISIE VALIDE") | C32: =IF($C$8="","",$C$8) | D32: =IF(OR($C$8="",$C$8=0),"",$B$32/$C$8) | E32: =IF($C$8="","",$B$32&" / "&$C$8&IF($B$32>=$C$8," — COMPLET","")) | F32: =SUMIF($E$13:$E$28,"SAISIE VALIDE",$D$13:$D$28)
A34: LIGNES A COPIER DANS BASE CONTROLES
A35: Selectionner la plage B37:I52, Copier, puis dans BASE CONTROLES : clic sur la premiere cellule vide de la colonne DATE > Collage special > Valeurs. Les colonnes calculees se remplissent seules.
B36: DATE | C36: HEURE | D36: ID RUN | E36: TOUR | F36: LIGNE | G36: MATRICULE | H36: NB BOÎTES | I36: EFFECTIF LIGNE
B37: =IF($E13<>"SAISIE VALIDE","",$F$4) | C37: =IF($E13<>"SAISIE VALIDE","",$C$7) | D37: =IF($E13<>"SAISIE VALIDE","",$C$4) | E37: =IF($E13<>"SAISIE VALIDE","",$C$5) | F37: =IF($E13<>"SAISIE VALIDE","",$C$6) | G37: =IF($E13<>"SAISIE VALIDE","",$B13) | H37: =IF($E13<>"SAISIE VALIDE","",$D13) | I37: =IF($E13<>"SAISIE VALIDE","",$C$8)
B38: =IF($E14<>"SAISIE VALIDE","",$F$4) | C38: =IF($E14<>"SAISIE VALIDE","",$C$7) | D38: =IF($E14<>"SAISIE VALIDE","",$C$4) | E38: =IF($E14<>"SAISIE VALIDE","",$C$5) | F38: =IF($E14<>"SAISIE VALIDE","",$C$6) | G38: =IF($E14<>"SAISIE VALIDE","",$B14) | H38: =IF($E14<>"SAISIE VALIDE","",$D14) | I38: =IF($E14<>"SAISIE VALIDE","",$C$8)
B39: =IF($E15<>"SAISIE VALIDE","",$F$4) | C39: =IF($E15<>"SAISIE VALIDE","",$C$7) | D39: =IF($E15<>"SAISIE VALIDE","",$C$4) | E39: =IF($E15<>"SAISIE VALIDE","",$C$5) | F39: =IF($E15<>"SAISIE VALIDE","",$C$6) | G39: =IF($E15<>"SAISIE VALIDE","",$B15) | H39: =IF($E15<>"SAISIE VALIDE","",$D15) | I39: =IF($E15<>"SAISIE VALIDE","",$C$8)
B40: =IF($E16<>"SAISIE VALIDE","",$F$4) | C40: =IF($E16<>"SAISIE VALIDE","",$C$7) | D40: =IF($E16<>"SAISIE VALIDE","",$C$4) | E40: =IF($E16<>"SAISIE VALIDE","",$C$5) | F40: =IF($E16<>"SAISIE VALIDE","",$C$6) | G40: =IF($E16<>"SAISIE VALIDE","",$B16) | H40: =IF($E16<>"SAISIE VALIDE","",$D16) | I40: =IF($E16<>"SAISIE VALIDE","",$C$8)
B41: =IF($E17<>"SAISIE VALIDE","",$F$4) | C41: =IF($E17<>"SAISIE VALIDE","",$C$7) | D41: =IF($E17<>"SAISIE VALIDE","",$C$4) | E41: =IF($E17<>"SAISIE VALIDE","",$C$5) | F41: =IF($E17<>"SAISIE VALIDE","",$C$6) | G41: =IF($E17<>"SAISIE VALIDE","",$B17) | H41: =IF($E17<>"SAISIE VALIDE","",$D17) | I41: =IF($E17<>"SAISIE VALIDE","",$C$8)
B42: =IF($E18<>"SAISIE VALIDE","",$F$4) | C42: =IF($E18<>"SAISIE VALIDE","",$C$7) | D42: =IF($E18<>"SAISIE VALIDE","",$C$4) | E42: =IF($E18<>"SAISIE VALIDE","",$C$5) | F42: =IF($E18<>"SAISIE VALIDE","",$C$6) | G42: =IF($E18<>"SAISIE VALIDE","",$B18) | H42: =IF($E18<>"SAISIE VALIDE","",$D18) | I42: =IF($E18<>"SAISIE VALIDE","",$C$8)
B43: =IF($E19<>"SAISIE VALIDE","",$F$4) | C43: =IF($E19<>"SAISIE VALIDE","",$C$7) | D43: =IF($E19<>"SAISIE VALIDE","",$C$4) | E43: =IF($E19<>"SAISIE VALIDE","",$C$5) | F43: =IF($E19<>"SAISIE VALIDE","",$C$6) | G43: =IF($E19<>"SAISIE VALIDE","",$B19) | H43: =IF($E19<>"SAISIE VALIDE","",$D19) | I43: =IF($E19<>"SAISIE VALIDE","",$C$8)
B44: =IF($E20<>"SAISIE VALIDE","",$F$4) | C44: =IF($E20<>"SAISIE VALIDE","",$C$7) | D44: =IF($E20<>"SAISIE VALIDE","",$C$4) | E44: =IF($E20<>"SAISIE VALIDE","",$C$5) | F44: =IF($E20<>"SAISIE VALIDE","",$C$6) | G44: =IF($E20<>"SAISIE VALIDE","",$B20) | H44: =IF($E20<>"SAISIE VALIDE","",$D20) | I44: =IF($E20<>"SAISIE VALIDE","",$C$8)
B45: =IF($E21<>"SAISIE VALIDE","",$F$4) | C45: =IF($E21<>"SAISIE VALIDE","",$C$7) | D45: =IF($E21<>"SAISIE VALIDE","",$C$4) | E45: =IF($E21<>"SAISIE VALIDE","",$C$5) | F45: =IF($E21<>"SAISIE VALIDE","",$C$6) | G45: =IF($E21<>"SAISIE VALIDE","",$B21) | H45: =IF($E21<>"SAISIE VALIDE","",$D21) | I45: =IF($E21<>"SAISIE VALIDE","",$C$8)
B46: =IF($E22<>"SAISIE VALIDE","",$F$4) | C46: =IF($E22<>"SAISIE VALIDE","",$C$7) | D46: =IF($E22<>"SAISIE VALIDE","",$C$4) | E46: =IF($E22<>"SAISIE VALIDE","",$C$5) | F46: =IF($E22<>"SAISIE VALIDE","",$C$6) | G46: =IF($E22<>"SAISIE VALIDE","",$B22) | H46: =IF($E22<>"SAISIE VALIDE","",$D22) | I46: =IF($E22<>"SAISIE VALIDE","",$C$8)
B47: =IF($E23<>"SAISIE VALIDE","",$F$4) | C47: =IF($E23<>"SAISIE VALIDE","",$C$7) | D47: =IF($E23<>"SAISIE VALIDE","",$C$4) | E47: =IF($E23<>"SAISIE VALIDE","",$C$5) | F47: =IF($E23<>"SAISIE VALIDE","",$C$6) | G47: =IF($E23<>"SAISIE VALIDE","",$B23) | H47: =IF($E23<>"SAISIE VALIDE","",$D23) | I47: =IF($E23<>"SAISIE VALIDE","",$C$8)
B48: =IF($E24<>"SAISIE VALIDE","",$F$4) | C48: =IF($E24<>"SAISIE VALIDE","",$C$7) | D48: =IF($E24<>"SAISIE VALIDE","",$C$4) | E48: =IF($E24<>"SAISIE VALIDE","",$C$5) | F48: =IF($E24<>"SAISIE VALIDE","",$C$6) | G48: =IF($E24<>"SAISIE VALIDE","",$B24) | H48: =IF($E24<>"SAISIE VALIDE","",$D24) | I48: =IF($E24<>"SAISIE VALIDE","",$C$8)
... B52: =IF($E28<>"SAISIE VALIDE","",$F$4) | C52: =IF($E28<>"SAISIE VALIDE","",$C$7) | D52: =IF($E28<>"SAISIE VALIDE","",$C$4) | E52: =IF($E28<>"SAISIE VALIDE","",$C$5) | F52: =IF($E28<>"SAISIE VALIDE","",$C$6) | G52: =IF($E28<>"SAISIE VALIDE","",$B28) | H52: =IF($E28<>"SAISIE VALIDE","",$D28) | I52: =IF($E28<>"SAISIE VALIDE","",$C$8)
B54: ="A COPIER : "&$B$32&" LIGNE(S) VALIDE(S) — PLAGE B37:I52"

Sheet BASE CONTROLES
A1: BASE CONTROLES — HISTORIQUE PERMANENT
A2: Base continue : ne jamais vider, ne jamais creer une feuille par jour ou par ligne. Coller uniquement les colonnes DATE a EFFECTIF LIGNE (B a I) depuis SAISIE CONTROLE ; toutes les autres colonnes se calculent seules. L'heure est saisie une fois par TOUR et par LIGNE : un horodatage automatique fige demande une macro (voir le rapport de livraison).
A3: ID CONTROLE | B3: DATE | C3: HEURE | D3: ID RUN | E3: TOUR | F3: LIGNE | G3: MATRICULE | H3: NB BOÎTES | I3: EFFECTIF LIGNE | J3: NOM ET PRENOM | K3: ACTIVITÉ | L3: ESPÈCE | M3: PRODUIT | N3: MARQUE | O3: FORMAT | P3: PRÉPARATION | Q3: MOULE | R3: STANDARD | S3: HEURE CONTROLE PRECEDENT | T3: DUREE MESUREE MIN | U3: CADENCE BOITES/H/FEMME | V3: ATTEINTE % | W3: STATUT PERFORMANCE | X3: CONTROLE VALIDE
A4: =IF(OR($B4="",$G4=""),"",TEXT($B4,"YYYYMMDD")&"-"&SUBSTITUTE($E4," ","")&"-"&$F4&"-"&$G4) | J4: =IF($G4="","",IFERROR(INDEX(NomsEmployes,MATCH($G4,MatriculesEmployes,0)),"MATRICULE INCONNU")) | K4: =IF(OR($D4="",$F4=""),"",IFERROR(IF(INDEX(RUNS!$L$6:$S$1005,MATCH($D4,RUNS!$A$6:$A$1005,0),MATCH("ACTIVITÉ "&$F4,RUNS!$L$5:$S$5,0))="","",INDEX(RUNS!$L$6:$S$1005,MATCH($D4,RUNS!$A$6:$A$1005,0),MATCH("ACTIVITÉ "&$F4,RUNS!$L$5:$S$5,0))),"")) | L4: =IF($D4="","",IFERROR(IF(INDEX(RUNS!$E$6:$E$1005,MATCH($D4,RUNS!$A$6:$A$1005,0))="","",INDEX(RUNS!$E$6:$E$1005,MATCH($D4,RUNS!$A$6:$A$1005,0))),"")) | M4: =IF($D4="","",IFERROR(IF(INDEX(RUNS!$F$6:$F$1005,MATCH($D4,RUNS!$A$6:$A$1005,0))="","",INDEX(RUNS!$F$6:$F$1005,MATCH($D4,RUNS!$A$6:$A$1005,0))),"")) | N4: =IF($D4="","",IFERROR(IF(INDEX(RUNS!$G$6:$G$1005,MATCH($D4,RUNS!$A$6:$A$1005,0))="","",INDEX(RUNS!$G$6:$G$1005,MATCH($D4,RUNS!$A$6:$A$1005,0))),"")) | O4: =IF($D4="","",IFERROR(IF(INDEX(RUNS!$H$6:$H$1005,MATCH($D4,RUNS!$A$6:$A$1005,0))="","",INDEX(RUNS!$H$6:$H$1005,MATCH($D4,RUNS!$A$6:$A$1005,0))),"")) | P4: =IF($D4="","",IFERROR(IF(INDEX(RUNS!$J$6:$J$1005,MATCH($D4,RUNS!$A$6:$A$1005,0))="","",INDEX(RUNS!$J$6:$J$1005,MATCH($D4,RUNS!$A$6:$A$1005,0))),"")) | Q4: =IF($D4="","",IFERROR(IF(INDEX(RUNS!$K$6:$K$1005,MATCH($D4,RUNS!$A$6:$A$1005,0))="","",INDEX(RUNS!$K$6:$K$1005,MATCH($D4,RUNS!$A$6:$A$1005,0))),"")) | R4: =IF(OR($L4="",$K4=""),"",IFERROR(IF(INDEX(PARAMETRES!$H$43:$H$342,MATCH($L4&"|"&$M4&"|"&$N4&"|"&$O4&"|"&$P4&"|"&$Q4&"|"&$K4,PARAMETRES!$J$43:$J$342,0))="","",INDEX(PARAMETRES!$H$43:$H$342,MATCH($L4&"|"&$M4&"|"&$N4&"|"&$O4&"|"&$P4&"|"&$Q4&"|"&$K4,PARAMETRES!$J$43:$J$342,0))),"")) | S4: =IF(OR($G4="",$X4<>"VALIDE"),"",IFERROR(LOOKUP(2,1/(($B$3:$B3=$B4)*($G$3:$G3=$G4)*($X$3:$X3="VALIDE")),$C$3:$C3),"")) | T4: =IF(OR($C4="",$S4=""),"",ROUND(($C4-$S4+IF($C4<$S4,1,0))*1440,0)) | U4: =IF(OR($H4="",$T4="",$T4<=0),"",$H4*60/$T4) | V4: =IF(OR($U4="",$R4="",$R4=0),"",$U4/$R4) | W4: =IF($G4="","",IF($X4="CONTEXTE INCOMPLET","CONTEXTE INCOMPLET",IF($X4="DOUBLON",StatutDoublon,IF($S4="",StatutInitial,IF($R4="",StatutStandardManquant,IF($V4="","DONNEES INSUFFISANTES",IF($V4>=SeuilConforme,StatutConforme,IF($V4>=SeuilSurveiller,StatutSurveiller,StatutSousStandard)))))))) | X4: =IF($G4="","",IF(OR($D4="",$E4="",$F4=""),"CONTEXTE INCOMPLET",IF(COUNTIFS($D$3:$D3,$D4,$E$3:$E3,$E4,$F$3:$F3,$F4,$G$3:$G3,$G4)>0,"DOUBLON","VALIDE")))
A5: =IF(OR($B5="",$G5=""),"",TEXT($B5,"YYYYMMDD")&"-"&SUBSTITUTE($E5," ","")&"-"&$F5&"-"&$G5) | J5: =IF($G5="","",IFERROR(INDEX(NomsEmployes,MATCH($G5,MatriculesEmployes,0)),"MATRICULE INCONNU")) | K5: =IF(OR($D5="",$F5=""),"",IFERROR(IF(INDEX(RUNS!$L$6:$S$1005,MATCH($D5,RUNS!$A$6:$A$1005,0),MATCH("ACTIVITÉ "&$F5,RUNS!$L$5:$S$5,0))="","",INDEX(RUNS!$L$6:$S$1005,MATCH($D5,RUNS!$A$6:$A$1005,0),MATCH("ACTIVITÉ "&$F5,RUNS!$L$5:$S$5,0))),"")) | L5: =IF($D5="","",IFERROR(IF(INDEX(RUNS!$E$6:$E$1005,MATCH($D5,RUNS!$A$6:$A$1005,0))="","",INDEX(RUNS!$E$6:$E$1005,MATCH($D5,RUNS!$A$6:$A$1005,0))),"")) | M5: =IF($D5="","",IFERROR(IF(INDEX(RUNS!$F$6:$F$1005,MATCH($D5,RUNS!$A$6:$A$1005,0))="","",INDEX(RUNS!$F$6:$F$1005,MATCH($D5,RUNS!$A$6:$A$1005,0))),"")) | N5: =IF($D5="","",IFERROR(IF(INDEX(RUNS!$G$6:$G$1005,MATCH($D5,RUNS!$A$6:$A$1005,0))="","",INDEX(RUNS!$G$6:$G$1005,MATCH($D5,RUNS!$A$6:$A$1005,0))),"")) | O5: =IF($D5="","",IFERROR(IF(INDEX(RUNS!$H$6:$H$1005,MATCH($D5,RUNS!$A$6:$A$1005,0))="","",INDEX(RUNS!$H$6:$H$1005,MATCH($D5,RUNS!$A$6:$A$1005,0))),"")) | P5: =IF($D5="","",IFERROR(IF(INDEX(RUNS!$J$6:$J$1005,MATCH($D5,RUNS!$A$6:$A$1005,0))="","",INDEX(RUNS!$J$6:$J$1005,MATCH($D5,RUNS!$A$6:$A$1005,0))),"")) | Q5: =IF($D5="","",IFERROR(IF(INDEX(RUNS!$K$6:$K$1005,MATCH($D5,RUNS!$A$6:$A$1005,0))="","",INDEX(RUNS!$K$6:$K$1005,MATCH($D5,RUNS!$A$6:$A$1005,0))),"")) | R5: =IF(OR($L5="",$K5=""),"",IFERROR(IF(INDEX(PARAMETRES!$H$43:$H$342,MATCH($L5&"|"&$M5&"|"&$N5&"|"&$O5&"|"&$P5&"|"&$Q5&"|"&$K5,PARAMETRES!$J$43:$J$342,0))="","",INDEX(PARAMETRES!$H$43:$H$342,MATCH($L5&"|"&$M5&"|"&$N5&"|"&$O5&"|"&$P5&"|"&$Q5&"|"&$K5,PARAMETRES!$J$43:$J$342,0))),"")) | S5: =IF(OR($G5="",$X5<>"VALIDE"),"",IFERROR(LOOKUP(2,1/(($B$3:$B4=$B5)*($G$3:$G4=$G5)*($X$3:$X4="VALIDE")),$C$3:$C4),"")) | T5: =IF(OR($C5="",$S5=""),"",ROUND(($C5-$S5+IF($C5<$S5,1,0))*1440,0)) | U5: =IF(OR($H5="",$T5="",$T5<=0),"",$H5*60/$T5) | V5: =IF(OR($U5="",$R5="",$R5=0),"",$U5/$R5) | W5: =IF($G5="","",IF($X5="CONTEXTE INCOMPLET","CONTEXTE INCOMPLET",IF($X5="DOUBLON",StatutDoublon,IF($S5="",StatutInitial,IF($R5="",StatutStandardManquant,IF($V5="","DONNEES INSUFFISANTES",IF($V5>=SeuilConforme,StatutConforme,IF($V5>=SeuilSurveiller,StatutSurveiller,StatutSousStandard)))))))) | X5: =IF($G5="","",IF(OR($D5="",$E5="",$F5=""),"CONTEXTE INCOMPLET",IF(COUNTIFS($D$3:$D4,$D5,$E$3:$E4,$E5,$F$3:$F4,$F5,$G$3:$G4,$G5)>0,"DOUBLON","VALIDE")))
A6: =IF(OR($B6="",$G6=""),"",TEXT($B6,"YYYYMMDD")&"-"&SUBSTITUTE($E6," ","")&"-"&$F6&"-"&$G6) | J6: =IF($G6="","",IFERROR(INDEX(NomsEmployes,MATCH($G6,MatriculesEmployes,0)),"MATRICULE INCONNU")) | K6: =IF(OR($D6="",$F6=""),"",IFERROR(IF(INDEX(RUNS!$L$6:$S$1005,MATCH($D6,RUNS!$A$6:$A$1005,0),MATCH("ACTIVITÉ "&$F6,RUNS!$L$5:$S$5,0))="","",INDEX(RUNS!$L$6:$S$1005,MATCH($D6,RUNS!$A$6:$A$1005,0),MATCH("ACTIVITÉ "&$F6,RUNS!$L$5:$S$5,0))),"")) | L6: =IF($D6="","",IFERROR(IF(INDEX(RUNS!$E$6:$E$1005,MATCH($D6,RUNS!$A$6:$A$1005,0))="","",INDEX(RUNS!$E$6:$E$1005,MATCH($D6,RUNS!$A$6:$A$1005,0))),"")) | M6: =IF($D6="","",IFERROR(IF(INDEX(RUNS!$F$6:$F$1005,MATCH($D6,RUNS!$A$6:$A$1005,0))="","",INDEX(RUNS!$F$6:$F$1005,MATCH($D6,RUNS!$A$6:$A$1005,0))),"")) | N6: =IF($D6="","",IFERROR(IF(INDEX(RUNS!$G$6:$G$1005,MATCH($D6,RUNS!$A$6:$A$1005,0))="","",INDEX(RUNS!$G$6:$G$1005,MATCH($D6,RUNS!$A$6:$A$1005,0))),"")) | O6: =IF($D6="","",IFERROR(IF(INDEX(RUNS!$H$6:$H$1005,MATCH($D6,RUNS!$A$6:$A$1005,0))="","",INDEX(RUNS!$H$6:$H$1005,MATCH($D6,RUNS!$A$6:$A$1005,0))),"")) | P6: =IF($D6="","",IFERROR(IF(INDEX(RUNS!$J$6:$J$1005,MATCH($D6,RUNS!$A$6:$A$1005,0))="","",INDEX(RUNS!$J$6:$J$1005,MATCH($D6,RUNS!$A$6:$A$1005,0))),"")) | Q6: =IF($D6="","",IFERROR(IF(INDEX(RUNS!$K$6:$K$1005,MATCH($D6,RUNS!$A$6:$A$1005,0))="","",INDEX(RUNS!$K$6:$K$1005,MATCH($D6,RUNS!$A$6:$A$1005,0))),"")) | R6: =IF(OR($L6="",$K6=""),"",IFERROR(IF(INDEX(PARAMETRES!$H$43:$H$342,MATCH($L6&"|"&$M6&"|"&$N6&"|"&$O6&"|"&$P6&"|"&$Q6&"|"&$K6,PARAMETRES!$J$43:$J$342,0))="","",INDEX(PARAMETRES!$H$43:$H$342,MATCH($L6&"|"&$M6&"|"&$N6&"|"&$O6&"|"&$P6&"|"&$Q6&"|"&$K6,PARAMETRES!$J$43:$J$342,0))),"")) | S6: =IF(OR($G6="",$X6<>"VALIDE"),"",IFERROR(LOOKUP(2,1/(($B$3:$B5=$B6)*($G$3:$G5=$G6)*($X$3:$X5="VALIDE")),$C$3:$C5),"")) | T6: =IF(OR($C6="",$S6=""),"",ROUND(($C6-$S6+IF($C6<$S6,1,0))*1440,0)) | U6: =IF(OR($H6="",$T6="",$T6<=0),"",$H6*60/$T6) | V6: =IF(OR($U6="",$R6="",$R6=0),"",$U6/$R6) | W6: =IF($G6="","",IF($X6="CONTEXTE INCOMPLET","CONTEXTE INCOMPLET",IF($X6="DOUBLON",StatutDoublon,IF($S6="",StatutInitial,IF($R6="",StatutStandardManquant,IF($V6="","DONNEES INSUFFISANTES",IF($V6>=SeuilConforme,StatutConforme,IF($V6>=SeuilSurveiller,StatutSurveiller,StatutSousStandard)))))))) | X6: =IF($G6="","",IF(OR($D6="",$E6="",$F6=""),"CONTEXTE INCOMPLET",IF(COUNTIFS($D$3:$D5,$D6,$E$3:$E5,$E6,$F$3:$F5,$F6,$G$3:$G5,$G6)>0,"DOUBLON","VALIDE")))
A7: =IF(OR($B7="",$G7=""),"",TEXT($B7,"YYYYMMDD")&"-"&SUBSTITUTE($E7," ","")&"-"&$F7&"-"&$G7) | J7: =IF($G7="","",IFERROR(INDEX(NomsEmployes,MATCH($G7,MatriculesEmployes,0)),"MATRICULE INCONNU")) | K7: =IF(OR($D7="",$F7=""),"",IFERROR(IF(INDEX(RUNS!$L$6:$S$1005,MATCH($D7,RUNS!$A$6:$A$1005,0),MATCH("ACTIVITÉ "&$F7,RUNS!$L$5:$S$5,0))="","",INDEX(RUNS!$L$6:$S$1005,MATCH($D7,RUNS!$A$6:$A$1005,0),MATCH("ACTIVITÉ "&$F7,RUNS!$L$5:$S$5,0))),"")) | L7: =IF($D7="","",IFERROR(IF(INDEX(RUNS!$E$6:$E$1005,MATCH($D7,RUNS!$A$6:$A$1005,0))="","",INDEX(RUNS!$E$6:$E$1005,MATCH($D7,RUNS!$A$6:$A$1005,0))),"")) | M7: =IF($D7="","",IFERROR(IF(INDEX(RUNS!$F$6:$F$1005,MATCH($D7,RUNS!$A$6:$A$1005,0))="","",INDEX(RUNS!$F$6:$F$1005,MATCH($D7,RUNS!$A$6:$A$1005,0))),"")) | N7: =IF($D7="","",IFERROR(IF(INDEX(RUNS!$G$6:$G$1005,MATCH($D7,RUNS!$A$6:$A$1005,0))="","",INDEX(RUNS!$G$6:$G$1005,MATCH($D7,RUNS!$A$6:$A$1005,0))),"")) | O7: =IF($D7="","",IFERROR(IF(INDEX(RUNS!$H$6:$H$1005,MATCH($D7,RUNS!$A$6:$A$1005,0))="","",INDEX(RUNS!$H$6:$H$1005,MATCH($D7,RUNS!$A$6:$A$1005,0))),"")) | P7: =IF($D7="","",IFERROR(IF(INDEX(RUNS!$J$6:$J$1005,MATCH($D7,RUNS!$A$6:$A$1005,0))="","",INDEX(RUNS!$J$6:$J$1005,MATCH($D7,RUNS!$A$6:$A$1005,0))),"")) | Q7: =IF($D7="","",IFERROR(IF(INDEX(RUNS!$K$6:$K$1005,MATCH($D7,RUNS!$A$6:$A$1005,0))="","",INDEX(RUNS!$K$6:$K$1005,MATCH($D7,RUNS!$A$6:$A$1005,0))),"")) | R7: =IF(OR($L7="",$K7=""),"",IFERROR(IF(INDEX(PARAMETRES!$H$43:$H$342,MATCH($L7&"|"&$M7&"|"&$N7&"|"&$O7&"|"&$P7&"|"&$Q7&"|"&$K7,PARAMETRES!$J$43:$J$342,0))="","",INDEX(PARAMETRES!$H$43:$H$342,MATCH($L7&"|"&$M7&"|"&$N7&"|"&$O7&"|"&$P7&"|"&$Q7&"|"&$K7,PARAMETRES!$J$43:$J$342,0))),"")) | S7: =IF(OR($G7="",$X7<>"VALIDE"),"",IFERROR(LOOKUP(2,1/(($B$3:$B6=$B7)*($G$3:$G6=$G7)*($X$3:$X6="VALIDE")),$C$3:$C6),"")) | T7: =IF(OR($C7="",$S7=""),"",ROUND(($C7-$S7+IF($C7<$S7,1,0))*1440,0)) | U7: =IF(OR($H7="",$T7="",$T7<=0),"",$H7*60/$T7) | V7: =IF(OR($U7="",$R7="",$R7=0),"",$U7/$R7) | W7: =IF($G7="","",IF($X7="CONTEXTE INCOMPLET","CONTEXTE INCOMPLET",IF($X7="DOUBLON",StatutDoublon,IF($S7="",StatutInitial,IF($R7="",StatutStandardManquant,IF($V7="","DONNEES INSUFFISANTES",IF($V7>=SeuilConforme,StatutConforme,IF($V7>=SeuilSurveiller,StatutSurveiller,StatutSousStandard)))))))) | X7: =IF($G7="","",IF(OR($D7="",$E7="",$F7=""),"CONTEXTE INCOMPLET",IF(COUNTIFS($D$3:$D6,$D7,$E$3:$E6,$E7,$F$3:$F6,$F7,$G$3:$G6,$G7)>0,"DOUBLON","VALIDE")))
A8: =IF(OR($B8="",$G8=""),"",TEXT($B8,"YYYYMMDD")&"-"&SUBSTITUTE($E8," ","")&"-"&$F8&"-"&$G8) | J8: =IF($G8="","",IFERROR(INDEX(NomsEmployes,MATCH($G8,MatriculesEmployes,0)),"MATRICULE INCONNU")) | K8: =IF(OR($D8="",$F8=""),"",IFERROR(IF(INDEX(RUNS!$L$6:$S$1005,MATCH($D8,RUNS!$A$6:$A$1005,0),MATCH("ACTIVITÉ "&$F8,RUNS!$L$5:$S$5,0))="","",INDEX(RUNS!$L$6:$S$1005,MATCH($D8,RUNS!$A$6:$A$1005,0),MATCH("ACTIVITÉ "&$F8,RUNS!$L$5:$S$5,0))),"")) | L8: =IF($D8="","",IFERROR(IF(INDEX(RUNS!$E$6:$E$1005,MATCH($D8,RUNS!$A$6:$A$1005,0))="","",INDEX(RUNS!$E$6:$E$1005,MATCH($D8,RUNS!$A$6:$A$1005,0))),"")) | M8: =IF($D8="","",IFERROR(IF(INDEX(RUNS!$F$6:$F$1005,MATCH($D8,RUNS!$A$6:$A$1005,0))="","",INDEX(RUNS!$F$6:$F$1005,MATCH($D8,RUNS!$A$6:$A$1005,0))),"")) | N8: =IF($D8="","",IFERROR(IF(INDEX(RUNS!$G$6:$G$1005,MATCH($D8,RUNS!$A$6:$A$1005,0))="","",INDEX(RUNS!$G$6:$G$1005,MATCH($D8,RUNS!$A$6:$A$1005,0))),"")) | O8: =IF($D8="","",IFERROR(IF(INDEX(RUNS!$H$6:$H$1005,MATCH($D8,RUNS!$A$6:$A$1005,0))="","",INDEX(RUNS!$H$6:$H$1005,MATCH($D8,RUNS!$A$6:$A$1005,0))),"")) | P8: =IF($D8="","",IFERROR(IF(INDEX(RUNS!$J$6:$J$1005,MATCH($D8,RUNS!$A$6:$A$1005,0))="","",INDEX(RUNS!$J$6:$J$1005,MATCH($D8,RUNS!$A$6:$A$1005,0))),"")) | Q8: =IF($D8="","",IFERROR(IF(INDEX(RUNS!$K$6:$K$1005,MATCH($D8,RUNS!$A$6:$A$1005,0))="","",INDEX(RUNS!$K$6:$K$1005,MATCH($D8,RUNS!$A$6:$A$1005,0))),"")) | R8: =IF(OR($L8="",$K8=""),"",IFERROR(IF(INDEX(PARAMETRES!$H$43:$H$342,MATCH($L8&"|"&$M8&"|"&$N8&"|"&$O8&"|"&$P8&"|"&$Q8&"|"&$K8,PARAMETRES!$J$43:$J$342,0))="","",INDEX(PARAMETRES!$H$43:$H$342,MATCH($L8&"|"&$M8&"|"&$N8&"|"&$O8&"|"&$P8&"|"&$Q8&"|"&$K8,PARAMETRES!$J$43:$J$342,0))),"")) | S8: =IF(OR($G8="",$X8<>"VALIDE"),"",IFERROR(LOOKUP(2,1/(($B$3:$B7=$B8)*($G$3:$G7=$G8)*($X$3:$X7="VALIDE")),$C$3:$C7),"")) | T8: =IF(OR($C8="",$S8=""),"",ROUND(($C8-$S8+IF($C8<$S8,1,0))*1440,0)) | U8: =IF(OR($H8="",$T8="",$T8<=0),"",$H8*60/$T8) | V8: =IF(OR($U8="",$R8="",$R8=0),"",$U8/$R8) | W8: =IF($G8="","",IF($X8="CONTEXTE INCOMPLET","CONTEXTE INCOMPLET",IF($X8="DOUBLON",StatutDoublon,IF($S8="",StatutInitial,IF($R8="",StatutStandardManquant,IF($V8="","DONNEES INSUFFISANTES",IF($V8>=SeuilConforme,StatutConforme,IF($V8>=SeuilSurveiller,StatutSurveiller,StatutSousStandard)))))))) | X8: =IF($G8="","",IF(OR($D8="",$E8="",$F8=""),"CONTEXTE INCOMPLET",IF(COUNTIFS($D$3:$D7,$D8,$E$3:$E7,$E8,$F$3:$F7,$F8,$G$3:$G7,$G8)>0,"DOUBLON","VALIDE")))
A9: =IF(OR($B9="",$G9=""),"",TEXT($B9,"YYYYMMDD")&"-"&SUBSTITUTE($E9," ","")&"-"&$F9&"-"&$G9) | J9: =IF($G9="","",IFERROR(INDEX(NomsEmployes,MATCH($G9,MatriculesEmployes,0)),"MATRICULE INCONNU")) | K9: =IF(OR($D9="",$F9=""),"",IFERROR(IF(INDEX(RUNS!$L$6:$S$1005,MATCH($D9,RUNS!$A$6:$A$1005,0),MATCH("ACTIVITÉ "&$F9,RUNS!$L$5:$S$5,0))="","",INDEX(RUNS!$L$6:$S$1005,MATCH($D9,RUNS!$A$6:$A$1005,0),MATCH("ACTIVITÉ "&$F9,RUNS!$L$5:$S$5,0))),"")) | L9: =IF($D9="","",IFERROR(IF(INDEX(RUNS!$E$6:$E$1005,MATCH($D9,RUNS!$A$6:$A$1005,0))="","",INDEX(RUNS!$E$6:$E$1005,MATCH($D9,RUNS!$A$6:$A$1005,0))),"")) | M9: =IF($D9="","",IFERROR(IF(INDEX(RUNS!$F$6:$F$1005,MATCH($D9,RUNS!$A$6:$A$1005,0))="","",INDEX(RUNS!$F$6:$F$1005,MATCH($D9,RUNS!$A$6:$A$1005,0))),"")) | N9: =IF($D9="","",IFERROR(IF(INDEX(RUNS!$G$6:$G$1005,MATCH($D9,RUNS!$A$6:$A$1005,0))="","",INDEX(RUNS!$G$6:$G$1005,MATCH($D9,RUNS!$A$6:$A$1005,0))),"")) | O9: =IF($D9="","",IFERROR(IF(INDEX(RUNS!$H$6:$H$1005,MATCH($D9,RUNS!$A$6:$A$1005,0))="","",INDEX(RUNS!$H$6:$H$1005,MATCH($D9,RUNS!$A$6:$A$1005,0))),"")) | P9: =IF($D9="","",IFERROR(IF(INDEX(RUNS!$J$6:$J$1005,MATCH($D9,RUNS!$A$6:$A$1005,0))="","",INDEX(RUNS!$J$6:$J$1005,MATCH($D9,RUNS!$A$6:$A$1005,0))),"")) | Q9: =IF($D9="","",IFERROR(IF(INDEX(RUNS!$K$6:$K$1005,MATCH($D9,RUNS!$A$6:$A$1005,0))="","",INDEX(RUNS!$K$6:$K$1005,MATCH($D9,RUNS!$A$6:$A$1005,0))),"")) | R9: =IF(OR($L9="",$K9=""),"",IFERROR(IF(INDEX(PARAMETRES!$H$43:$H$342,MATCH($L9&"|"&$M9&"|"&$N9&"|"&$O9&"|"&$P9&"|"&$Q9&"|"&$K9,PARAMETRES!$J$43:$J$342,0))="","",INDEX(PARAMETRES!$H$43:$H$342,MATCH($L9&"|"&$M9&"|"&$N9&"|"&$O9&"|"&$P9&"|"&$Q9&"|"&$K9,PARAMETRES!$J$43:$J$342,0))),"")) | S9: =IF(OR($G9="",$X9<>"VALIDE"),"",IFERROR(LOOKUP(2,1/(($B$3:$B8=$B9)*($G$3:$G8=$G9)*($X$3:$X8="VALIDE")),$C$3:$C8),"")) | T9: =IF(OR($C9="",$S9=""),"",ROUND(($C9-$S9+IF($C9<$S9,1,0))*1440,0)) | U9: =IF(OR($H9="",$T9="",$T9<=0),"",$H9*60/$T9) | V9: =IF(OR($U9="",$R9="",$R9=0),"",$U9/$R9) | W9: =IF($G9="","",IF($X9="CONTEXTE INCOMPLET","CONTEXTE INCOMPLET",IF($X9="DOUBLON",StatutDoublon,IF($S9="",StatutInitial,IF($R9="",StatutStandardManquant,IF($V9="","DONNEES INSUFFISANTES",IF($V9>=SeuilConforme,StatutConforme,IF($V9>=SeuilSurveiller,StatutSurveiller,StatutSousStandard)))))))) | X9: =IF($G9="","",IF(OR($D9="",$E9="",$F9=""),"CONTEXTE INCOMPLET",IF(COUNTIFS($D$3:$D8,$D9,$E$3:$E8,$E9,$F$3:$F8,$F9,$G$3:$G8,$G9)>0,"DOUBLON","VALIDE")))
A10: =IF(OR($B10="",$G10=""),"",TEXT($B10,"YYYYMMDD")&"-"&SUBSTITUTE($E10," ","")&"-"&$F10&"-"&$G10) | J10: =IF($G10="","",IFERROR(INDEX(NomsEmployes,MATCH($G10,MatriculesEmployes,0)),"MATRICULE INCONNU")) | K10: =IF(OR($D10="",$F10=""),"",IFERROR(IF(INDEX(RUNS!$L$6:$S$1005,MATCH($D10,RUNS!$A$6:$A$1005,0),MATCH("ACTIVITÉ "&$F10,RUNS!$L$5:$S$5,0))="","",INDEX(RUNS!$L$6:$S$1005,MATCH($D10,RUNS!$A$6:$A$1005,0),MATCH("ACTIVITÉ "&$F10,RUNS!$L$5:$S$5,0))),"")) | L10: =IF($D10="","",IFERROR(IF(INDEX(RUNS!$E$6:$E$1005,MATCH($D10,RUNS!$A$6:$A$1005,0))="","",INDEX(RUNS!$E$6:$E$1005,MATCH($D10,RUNS!$A$6:$A$1005,0))),"")) | M10: =IF($D10="","",IFERROR(IF(INDEX(RUNS!$F$6:$F$1005,MATCH($D10,RUNS!$A$6:$A$1005,0))="","",INDEX(RUNS!$F$6:$F$1005,MATCH($D10,RUNS!$A$6:$A$1005,0))),"")) | N10: =IF($D10="","",IFERROR(IF(INDEX(RUNS!$G$6:$G$1005,MATCH($D10,RUNS!$A$6:$A$1005,0))="","",INDEX(RUNS!$G$6:$G$1005,MATCH($D10,RUNS!$A$6:$A$1005,0))),"")) | O10: =IF($D10="","",IFERROR(IF(INDEX(RUNS!$H$6:$H$1005,MATCH($D10,RUNS!$A$6:$A$1005,0))="","",INDEX(RUNS!$H$6:$H$1005,MATCH($D10,RUNS!$A$6:$A$1005,0))),"")) | P10: =IF($D10="","",IFERROR(IF(INDEX(RUNS!$J$6:$J$1005,MATCH($D10,RUNS!$A$6:$A$1005,0))="","",INDEX(RUNS!$J$6:$J$1005,MATCH($D10,RUNS!$A$6:$A$1005,0))),"")) | Q10: =IF($D10="","",IFERROR(IF(INDEX(RUNS!$K$6:$K$1005,MATCH($D10,RUNS!$A$6:$A$1005,0))="","",INDEX(RUNS!$K$6:$K$1005,MATCH($D10,RUNS!$A$6:$A$1005,0))),"")) | R10: =IF(OR($L10="",$K10=""),"",IFERROR(IF(INDEX(PARAMETRES!$H$43:$H$342,MATCH($L10&"|"&$M10&"|"&$N10&"|"&$O10&"|"&$P10&"|"&$Q10&"|"&$K10,PARAMETRES!$J$43:$J$342,0))="","",INDEX(PARAMETRES!$H$43:$H$342,MATCH($L10&"|"&$M10&"|"&$N10&"|"&$O10&"|"&$P10&"|"&$Q10&"|"&$K10,PARAMETRES!$J$43:$J$342,0))),"")) | S10: =IF(OR($G10="",$X10<>"VALIDE"),"",IFERROR(LOOKUP(2,1/(($B$3:$B9=$B10)*($G$3:$G9=$G10)*($X$3:$X9="VALIDE")),$C$3:$C9),"")) | T10: =IF(OR($C10="",$S10=""),"",ROUND(($C10-$S10+IF($C10<$S10,1,0))*1440,0)) | U10: =IF(OR($H10="",$T10="",$T10<=0),"",$H10*60/$T10) | V10: =IF(OR($U10="",$R10="",$R10=0),"",$U10/$R10) | W10: =IF($G10="","",IF($X10="CONTEXTE INCOMPLET","CONTEXTE INCOMPLET",IF($X10="DOUBLON",StatutDoublon,IF($S10="",StatutInitial,IF($R10="",StatutStandardManquant,IF($V10="","DONNEES INSUFFISANTES",IF($V10>=SeuilConforme,StatutConforme,IF($V10>=SeuilSurveiller,StatutSurveiller,StatutSousStandard)))))))) | X10: =IF($G10="","",IF(OR($D10="",$E10="",$F10=""),"CONTEXTE INCOMPLET",IF(COUNTIFS($D$3:$D9,$D10,$E$3:$E9,$E10,$F$3:$F9,$F10,$G$3:$G9,$G10)>0,"DOUBLON","VALIDE")))
A11: =IF(OR($B11="",$G11=""),"",TEXT($B11,"YYYYMMDD")&"-"&SUBSTITUTE($E11," ","")&"-"&$F11&"-"&$G11) | J11: =IF($G11="","",IFERROR(INDEX(NomsEmployes,MATCH($G11,MatriculesEmployes,0)),"MATRICULE INCONNU")) | K11: =IF(OR($D11="",$F11=""),"",IFERROR(IF(INDEX(RUNS!$L$6:$S$1005,MATCH($D11,RUNS!$A$6:$A$1005,0),MATCH("ACTIVITÉ "&$F11,RUNS!$L$5:$S$5,0))="","",INDEX(RUNS!$L$6:$S$1005,MATCH($D11,RUNS!$A$6:$A$1005,0),MATCH("ACTIVITÉ "&$F11,RUNS!$L$5:$S$5,0))),"")) | L11: =IF($D11="","",IFERROR(IF(INDEX(RUNS!$E$6:$E$1005,MATCH($D11,RUNS!$A$6:$A$1005,0))="","",INDEX(RUNS!$E$6:$E$1005,MATCH($D11,RUNS!$A$6:$A$1005,0))),"")) | M11: =IF($D11="","",IFERROR(IF(INDEX(RUNS!$F$6:$F$1005,MATCH($D11,RUNS!$A$6:$A$1005,0))="","",INDEX(RUNS!$F$6:$F$1005,MATCH($D11,RUNS!$A$6:$A$1005,0))),"")) | N11: =IF($D11="","",IFERROR(IF(INDEX(RUNS!$G$6:$G$1005,MATCH($D11,RUNS!$A$6:$A$1005,0))="","",INDEX(RUNS!$G$6:$G$1005,MATCH($D11,RUNS!$A$6:$A$1005,0))),"")) | O11: =IF($D11="","",IFERROR(IF(INDEX(RUNS!$H$6:$H$1005,MATCH($D11,RUNS!$A$6:$A$1005,0))="","",INDEX(RUNS!$H$6:$H$1005,MATCH($D11,RUNS!$A$6:$A$1005,0))),"")) | P11: =IF($D11="","",IFERROR(IF(INDEX(RUNS!$J$6:$J$1005,MATCH($D11,RUNS!$A$6:$A$1005,0))="","",INDEX(RUNS!$J$6:$J$1005,MATCH($D11,RUNS!$A$6:$A$1005,0))),"")) | Q11: =IF($D11="","",IFERROR(IF(INDEX(RUNS!$K$6:$K$1005,MATCH($D11,RUNS!$A$6:$A$1005,0))="","",INDEX(RUNS!$K$6:$K$1005,MATCH($D11,RUNS!$A$6:$A$1005,0))),"")) | R11: =IF(OR($L11="",$K11=""),"",IFERROR(IF(INDEX(PARAMETRES!$H$43:$H$342,MATCH($L11&"|"&$M11&"|"&$N11&"|"&$O11&"|"&$P11&"|"&$Q11&"|"&$K11,PARAMETRES!$J$43:$J$342,0))="","",INDEX(PARAMETRES!$H$43:$H$342,MATCH($L11&"|"&$M11&"|"&$N11&"|"&$O11&"|"&$P11&"|"&$Q11&"|"&$K11,PARAMETRES!$J$43:$J$342,0))),"")) | S11: =IF(OR($G11="",$X11<>"VALIDE"),"",IFERROR(LOOKUP(2,1/(($B$3:$B10=$B11)*($G$3:$G10=$G11)*($X$3:$X10="VALIDE")),$C$3:$C10),"")) | T11: =IF(OR($C11="",$S11=""),"",ROUND(($C11-$S11+IF($C11<$S11,1,0))*1440,0)) | U11: =IF(OR($H11="",$T11="",$T11<=0),"",$H11*60/$T11) | V11: =IF(OR($U11="",$R11="",$R11=0),"",$U11/$R11) | W11: =IF($G11="","",IF($X11="CONTEXTE INCOMPLET","CONTEXTE INCOMPLET",IF($X11="DOUBLON",StatutDoublon,IF($S11="",StatutInitial,IF($R11="",StatutStandardManquant,IF($V11="","DONNEES INSUFFISANTES",IF($V11>=SeuilConforme,StatutConforme,IF($V11>=SeuilSurveiller,StatutSurveiller,StatutSousStandard)))))))) | X11: =IF($G11="","",IF(OR($D11="",$E11="",$F11=""),"CONTEXTE INCOMPLET",IF(COUNTIFS($D$3:$D10,$D11,$E$3:$E10,$E11,$F$3:$F10,$F11,$G$3:$G10,$G11)>0,"DOUBLON","VALIDE")))
A12: =IF(OR($B12="",$G12=""),"",TEXT($B12,"YYYYMMDD")&"-"&SUBSTITUTE($E12," ","")&"-"&$F12&"-"&$G12) | J12: =IF($G12="","",IFERROR(INDEX(NomsEmployes,MATCH($G12,MatriculesEmployes,0)),"MATRICULE INCONNU")) | K12: =IF(OR($D12="",$F12=""),"",IFERROR(IF(INDEX(RUNS!$L$6:$S$1005,MATCH($D12,RUNS!$A$6:$A$1005,0),MATCH("ACTIVITÉ "&$F12,RUNS!$L$5:$S$5,0))="","",INDEX(RUNS!$L$6:$S$1005,MATCH($D12,RUNS!$A$6:$A$1005,0),MATCH("ACTIVITÉ "&$F12,RUNS!$L$5:$S$5,0))),"")) | L12: =IF($D12="","",IFERROR(IF(INDEX(RUNS!$E$6:$E$1005,MATCH($D12,RUNS!$A$6:$A$1005,0))="","",INDEX(RUNS!$E$6:$E$1005,MATCH($D12,RUNS!$A$6:$A$1005,0))),"")) | M12: =IF($D12="","",IFERROR(IF(INDEX(RUNS!$F$6:$F$1005,MATCH($D12,RUNS!$A$6:$A$1005,0))="","",INDEX(RUNS!$F$6:$F$1005,MATCH($D12,RUNS!$A$6:$A$1005,0))),"")) | N12: =IF($D12="","",IFERROR(IF(INDEX(RUNS!$G$6:$G$1005,MATCH($D12,RUNS!$A$6:$A$1005,0))="","",INDEX(RUNS!$G$6:$G$1005,MATCH($D12,RUNS!$A$6:$A$1005,0))),"")) | O12: =IF($D12="","",IFERROR(IF(INDEX(RUNS!$H$6:$H$1005,MATCH($D12,RUNS!$A$6:$A$1005,0))="","",INDEX(RUNS!$H$6:$H$1005,MATCH($D12,RUNS!$A$6:$A$1005,0))),"")) | P12: =IF($D12="","",IFERROR(IF(INDEX(RUNS!$J$6:$J$1005,MATCH($D12,RUNS!$A$6:$A$1005,0))="","",INDEX(RUNS!$J$6:$J$1005,MATCH($D12,RUNS!$A$6:$A$1005,0))),"")) | Q12: =IF($D12="","",IFERROR(IF(INDEX(RUNS!$K$6:$K$1005,MATCH($D12,RUNS!$A$6:$A$1005,0))="","",INDEX(RUNS!$K$6:$K$1005,MATCH($D12,RUNS!$A$6:$A$1005,0))),"")) | R12: =IF(OR($L12="",$K12=""),"",IFERROR(IF(INDEX(PARAMETRES!$H$43:$H$342,MATCH($L12&"|"&$M12&"|"&$N12&"|"&$O12&"|"&$P12&"|"&$Q12&"|"&$K12,PARAMETRES!$J$43:$J$342,0))="","",INDEX(PARAMETRES!$H$43:$H$342,MATCH($L12&"|"&$M12&"|"&$N12&"|"&$O12&"|"&$P12&"|"&$Q12&"|"&$K12,PARAMETRES!$J$43:$J$342,0))),"")) | S12: =IF(OR($G12="",$X12<>"VALIDE"),"",IFERROR(LOOKUP(2,1/(($B$3:$B11=$B12)*($G$3:$G11=$G12)*($X$3:$X11="VALIDE")),$C$3:$C11),"")) | T12: =IF(OR($C12="",$S12=""),"",ROUND(($C12-$S12+IF($C12<$S12,1,0))*1440,0)) | U12: =IF(OR($H12="",$T12="",$T12<=0),"",$H12*60/$T12) | V12: =IF(OR($U12="",$R12="",$R12=0),"",$U12/$R12) | W12: =IF($G12="","",IF($X12="CONTEXTE INCOMPLET","CONTEXTE INCOMPLET",IF($X12="DOUBLON",StatutDoublon,IF($S12="",StatutInitial,IF($R12="",StatutStandardManquant,IF($V12="","DONNEES INSUFFISANTES",IF($V12>=SeuilConforme,StatutConforme,IF($V12>=SeuilSurveiller,StatutSurveiller,StatutSousStandard)))))))) | X12: =IF($G12="","",IF(OR($D12="",$E12="",$F12=""),"CONTEXTE INCOMPLET",IF(COUNTIFS($D$3:$D11,$D12,$E$3:$E11,$E12,$F$3:$F11,$F12,$G$3:$G11,$G12)>0,"DOUBLON","VALIDE")))
A13: =IF(OR($B13="",$G13=""),"",TEXT($B13,"YYYYMMDD")&"-"&SUBSTITUTE($E13," ","")&"-"&$F13&"-"&$G13) | J13: =IF($G13="","",IFERROR(INDEX(NomsEmployes,MATCH($G13,MatriculesEmployes,0)),"MATRICULE INCONNU")) | K13: =IF(OR($D13="",$F13=""),"",IFERROR(IF(INDEX(RUNS!$L$6:$S$1005,MATCH($D13,RUNS!$A$6:$A$1005,0),MATCH("ACTIVITÉ "&$F13,RUNS!$L$5:$S$5,0))="","",INDEX(RUNS!$L$6:$S$1005,MATCH($D13,RUNS!$A$6:$A$1005,0),MATCH("ACTIVITÉ "&$F13,RUNS!$L$5:$S$5,0))),"")) | L13: =IF($D13="","",IFERROR(IF(INDEX(RUNS!$E$6:$E$1005,MATCH($D13,RUNS!$A$6:$A$1005,0))="","",INDEX(RUNS!$E$6:$E$1005,MATCH($D13,RUNS!$A$6:$A$1005,0))),"")) | M13: =IF($D13="","",IFERROR(IF(INDEX(RUNS!$F$6:$F$1005,MATCH($D13,RUNS!$A$6:$A$1005,0))="","",INDEX(RUNS!$F$6:$F$1005,MATCH($D13,RUNS!$A$6:$A$1005,0))),"")) | N13: =IF($D13="","",IFERROR(IF(INDEX(RUNS!$G$6:$G$1005,MATCH($D13,RUNS!$A$6:$A$1005,0))="","",INDEX(RUNS!$G$6:$G$1005,MATCH($D13,RUNS!$A$6:$A$1005,0))),"")) | O13: =IF($D13="","",IFERROR(IF(INDEX(RUNS!$H$6:$H$1005,MATCH($D13,RUNS!$A$6:$A$1005,0))="","",INDEX(RUNS!$H$6:$H$1005,MATCH($D13,RUNS!$A$6:$A$1005,0))),"")) | P13: =IF($D13="","",IFERROR(IF(INDEX(RUNS!$J$6:$J$1005,MATCH($D13,RUNS!$A$6:$A$1005,0))="","",INDEX(RUNS!$J$6:$J$1005,MATCH($D13,RUNS!$A$6:$A$1005,0))),"")) | Q13: =IF($D13="","",IFERROR(IF(INDEX(RUNS!$K$6:$K$1005,MATCH($D13,RUNS!$A$6:$A$1005,0))="","",INDEX(RUNS!$K$6:$K$1005,MATCH($D13,RUNS!$A$6:$A$1005,0))),"")) | R13: =IF(OR($L13="",$K13=""),"",IFERROR(IF(INDEX(PARAMETRES!$H$43:$H$342,MATCH($L13&"|"&$M13&"|"&$N13&"|"&$O13&"|"&$P13&"|"&$Q13&"|"&$K13,PARAMETRES!$J$43:$J$342,0))="","",INDEX(PARAMETRES!$H$43:$H$342,MATCH($L13&"|"&$M13&"|"&$N13&"|"&$O13&"|"&$P13&"|"&$Q13&"|"&$K13,PARAMETRES!$J$43:$J$342,0))),"")) | S13: =IF(OR($G13="",$X13<>"VALIDE"),"",IFERROR(LOOKUP(2,1/(($B$3:$B12=$B13)*($G$3:$G12=$G13)*($X$3:$X12="VALIDE")),$C$3:$C12),"")) | T13: =IF(OR($C13="",$S13=""),"",ROUND(($C13-$S13+IF($C13<$S13,1,0))*1440,0)) | U13: =IF(OR($H13="",$T13="",$T13<=0),"",$H13*60/$T13) | V13: =IF(OR($U13="",$R13="",$R13=0),"",$U13/$R13) | W13: =IF($G13="","",IF($X13="CONTEXTE INCOMPLET","CONTEXTE INCOMPLET",IF($X13="DOUBLON",StatutDoublon,IF($S13="",StatutInitial,IF($R13="",StatutStandardManquant,IF($V13="","DONNEES INSUFFISANTES",IF($V13>=SeuilConforme,StatutConforme,IF($V13>=SeuilSurveiller,StatutSurveiller,StatutSousStandard)))))))) | X13: =IF($G13="","",IF(OR($D13="",$E13="",$F13=""),"CONTEXTE INCOMPLET",IF(COUNTIFS($D$3:$D12,$D13,$E$3:$E12,$E13,$F$3:$F12,$F13,$G$3:$G12,$G13)>0,"DOUBLON","VALIDE")))
A14: =IF(OR($B14="",$G14=""),"",TEXT($B14,"YYYYMMDD")&"-"&SUBSTITUTE($E14," ","")&"-"&$F14&"-"&$G14) | J14: =IF($G14="","",IFERROR(INDEX(NomsEmployes,MATCH($G14,MatriculesEmployes,0)),"MATRICULE INCONNU")) | K14: =IF(OR($D14="",$F14=""),"",IFERROR(IF(INDEX(RUNS!$L$6:$S$1005,MATCH($D14,RUNS!$A$6:$A$1005,0),MATCH("ACTIVITÉ "&$F14,RUNS!$L$5:$S$5,0))="","",INDEX(RUNS!$L$6:$S$1005,MATCH($D14,RUNS!$A$6:$A$1005,0),MATCH("ACTIVITÉ "&$F14,RUNS!$L$5:$S$5,0))),"")) | L14: =IF($D14="","",IFERROR(IF(INDEX(RUNS!$E$6:$E$1005,MATCH($D14,RUNS!$A$6:$A$1005,0))="","",INDEX(RUNS!$E$6:$E$1005,MATCH($D14,RUNS!$A$6:$A$1005,0))),"")) | M14: =IF($D14="","",IFERROR(IF(INDEX(RUNS!$F$6:$F$1005,MATCH($D14,RUNS!$A$6:$A$1005,0))="","",INDEX(RUNS!$F$6:$F$1005,MATCH($D14,RUNS!$A$6:$A$1005,0))),"")) | N14: =IF($D14="","",IFERROR(IF(INDEX(RUNS!$G$6:$G$1005,MATCH($D14,RUNS!$A$6:$A$1005,0))="","",INDEX(RUNS!$G$6:$G$1005,MATCH($D14,RUNS!$A$6:$A$1005,0))),"")) | O14: =IF($D14="","",IFERROR(IF(INDEX(RUNS!$H$6:$H$1005,MATCH($D14,RUNS!$A$6:$A$1005,0))="","",INDEX(RUNS!$H$6:$H$1005,MATCH($D14,RUNS!$A$6:$A$1005,0))),"")) | P14: =IF($D14="","",IFERROR(IF(INDEX(RUNS!$J$6:$J$1005,MATCH($D14,RUNS!$A$6:$A$1005,0))="","",INDEX(RUNS!$J$6:$J$1005,MATCH($D14,RUNS!$A$6:$A$1005,0))),"")) | Q14: =IF($D14="","",IFERROR(IF(INDEX(RUNS!$K$6:$K$1005,MATCH($D14,RUNS!$A$6:$A$1005,0))="","",INDEX(RUNS!$K$6:$K$1005,MATCH($D14,RUNS!$A$6:$A$1005,0))),"")) | R14: =IF(OR($L14="",$K14=""),"",IFERROR(IF(INDEX(PARAMETRES!$H$43:$H$342,MATCH($L14&"|"&$M14&"|"&$N14&"|"&$O14&"|"&$P14&"|"&$Q14&"|"&$K14,PARAMETRES!$J$43:$J$342,0))="","",INDEX(PARAMETRES!$H$43:$H$342,MATCH($L14&"|"&$M14&"|"&$N14&"|"&$O14&"|"&$P14&"|"&$Q14&"|"&$K14,PARAMETRES!$J$43:$J$342,0))),"")) | S14: =IF(OR($G14="",$X14<>"VALIDE"),"",IFERROR(LOOKUP(2,1/(($B$3:$B13=$B14)*($G$3:$G13=$G14)*($X$3:$X13="VALIDE")),$C$3:$C13),"")) | T14: =IF(OR($C14="",$S14=""),"",ROUND(($C14-$S14+IF($C14<$S14,1,0))*1440,0)) | U14: =IF(OR($H14="",$T14="",$T14<=0),"",$H14*60/$T14) | V14: =IF(OR($U14="",$R14="",$R14=0),"",$U14/$R14) | W14: =IF($G14="","",IF($X14="CONTEXTE INCOMPLET","CONTEXTE INCOMPLET",IF($X14="DOUBLON",StatutDoublon,IF($S14="",StatutInitial,IF($R14="",StatutStandardManquant,IF($V14="","DONNEES INSUFFISANTES",IF($V14>=SeuilConforme,StatutConforme,IF($V14>=SeuilSurveiller,StatutSurveiller,StatutSousStandard)))))))) | X14: =IF($G14="","",IF(OR($D14="",$E14="",$F14=""),"CONTEXTE INCOMPLET",IF(COUNTIFS($D$3:$D13,$D14,$E$3:$E13,$E14,$F$3:$F13,$F14,$G$3:$G13,$G14)>0,"DOUBLON","VALIDE")))
A15: =IF(OR($B15="",$G15=""),"",TEXT($B15,"YYYYMMDD")&"-"&SUBSTITUTE($E15," ","")&"-"&$F15&"-"&$G15) | J15: =IF($G15="","",IFERROR(INDEX(NomsEmployes,MATCH($G15,MatriculesEmployes,0)),"MATRICULE INCONNU")) | K15: =IF(OR($D15="",$F15=""),"",IFERROR(IF(INDEX(RUNS!$L$6:$S$1005,MATCH($D15,RUNS!$A$6:$A$1005,0),MATCH("ACTIVITÉ "&$F15,RUNS!$L$5:$S$5,0))="","",INDEX(RUNS!$L$6:$S$1005,MATCH($D15,RUNS!$A$6:$A$1005,0),MATCH("ACTIVITÉ "&$F15,RUNS!$L$5:$S$5,0))),"")) | L15: =IF($D15="","",IFERROR(IF(INDEX(RUNS!$E$6:$E$1005,MATCH($D15,RUNS!$A$6:$A$1005,0))="","",INDEX(RUNS!$E$6:$E$1005,MATCH($D15,RUNS!$A$6:$A$1005,0))),"")) | M15: =IF($D15="","",IFERROR(IF(INDEX(RUNS!$F$6:$F$1005,MATCH($D15,RUNS!$A$6:$A$1005,0))="","",INDEX(RUNS!$F$6:$F$1005,MATCH($D15,RUNS!$A$6:$A$1005,0))),"")) | N15: =IF($D15="","",IFERROR(IF(INDEX(RUNS!$G$6:$G$1005,MATCH($D15,RUNS!$A$6:$A$1005,0))="","",INDEX(RUNS!$G$6:$G$1005,MATCH($D15,RUNS!$A$6:$A$1005,0))),"")) | O15: =IF($D15="","",IFERROR(IF(INDEX(RUNS!$H$6:$H$1005,MATCH($D15,RUNS!$A$6:$A$1005,0))="","",INDEX(RUNS!$H$6:$H$1005,MATCH($D15,RUNS!$A$6:$A$1005,0))),"")) | P15: =IF($D15="","",IFERROR(IF(INDEX(RUNS!$J$6:$J$1005,MATCH($D15,RUNS!$A$6:$A$1005,0))="","",INDEX(RUNS!$J$6:$J$1005,MATCH($D15,RUNS!$A$6:$A$1005,0))),"")) | Q15: =IF($D15="","",IFERROR(IF(INDEX(RUNS!$K$6:$K$1005,MATCH($D15,RUNS!$A$6:$A$1005,0))="","",INDEX(RUNS!$K$6:$K$1005,MATCH($D15,RUNS!$A$6:$A$1005,0))),"")) | R15: =IF(OR($L15="",$K15=""),"",IFERROR(IF(INDEX(PARAMETRES!$H$43:$H$342,MATCH($L15&"|"&$M15&"|"&$N15&"|"&$O15&"|"&$P15&"|"&$Q15&"|"&$K15,PARAMETRES!$J$43:$J$342,0))="","",INDEX(PARAMETRES!$H$43:$H$342,MATCH($L15&"|"&$M15&"|"&$N15&"|"&$O15&"|"&$P15&"|"&$Q15&"|"&$K15,PARAMETRES!$J$43:$J$342,0))),"")) | S15: =IF(OR($G15="",$X15<>"VALIDE"),"",IFERROR(LOOKUP(2,1/(($B$3:$B14=$B15)*($G$3:$G14=$G15)*($X$3:$X14="VALIDE")),$C$3:$C14),"")) | T15: =IF(OR($C15="",$S15=""),"",ROUND(($C15-$S15+IF($C15<$S15,1,0))*1440,0)) | U15: =IF(OR($H15="",$T15="",$T15<=0),"",$H15*60/$T15) | V15: =IF(OR($U15="",$R15="",$R15=0),"",$U15/$R15) | W15: =IF($G15="","",IF($X15="CONTEXTE INCOMPLET","CONTEXTE INCOMPLET",IF($X15="DOUBLON",StatutDoublon,IF($S15="",StatutInitial,IF($R15="",StatutStandardManquant,IF($V15="","DONNEES INSUFFISANTES",IF($V15>=SeuilConforme,StatutConforme,IF($V15>=SeuilSurveiller,StatutSurveiller,StatutSousStandard)))))))) | X15: =IF($G15="","",IF(OR($D15="",$E15="",$F15=""),"CONTEXTE INCOMPLET",IF(COUNTIFS($D$3:$D14,$D15,$E$3:$E14,$E15,$F$3:$F14,$F15,$G$3:$G14,$G15)>0,"DOUBLON","VALIDE")))
... A903: =IF(OR($B903="",$G903=""),"",TEXT($B903,"YYYYMMDD")&"-"&SUBSTITUTE($E903," ","")&"-"&$F903&"-"&$G903) | J903: =IF($G903="","",IFERROR(INDEX(NomsEmployes,MATCH($G903,MatriculesEmployes,0)),"MATRICULE INCONNU")) | K903: =IF(OR($D903="",$F903=""),"",IFERROR(IF(INDEX(RUNS!$L$6:$S$1005,MATCH($D903,RUNS!$A$6:$A$1005,0),MATCH("ACTIVITÉ "&$F903,RUNS!$L$5:$S$5,0))="","",INDEX(RUNS!$L$6:$S$1005,MATCH($D903,RUNS!$A$6:$A$1005,0),MATCH("ACTIVITÉ "&$F903,RUNS!$L$5:$S$5,0))),"")) | L903: =IF($D903="","",IFERROR(IF(INDEX(RUNS!$E$6:$E$1005,MATCH($D903,RUNS!$A$6:$A$1005,0))="","",INDEX(RUNS!$E$6:$E$1005,MATCH($D903,RUNS!$A$6:$A$1005,0))),"")) | M903: =IF($D903="","",IFERROR(IF(INDEX(RUNS!$F$6:$F$1005,MATCH($D903,RUNS!$A$6:$A$1005,0))="","",INDEX(RUNS!$F$6:$F$1005,MATCH($D903,RUNS!$A$6:$A$1005,0))),"")) | N903: =IF($D903="","",IFERROR(IF(INDEX(RUNS!$G$6:$G$1005,MATCH($D903,RUNS!$A$6:$A$1005,0))="","",INDEX(RUNS!$G$6:$G$1005,MATCH($D903,RUNS!$A$6:$A$1005,0))),"")) | O903: =IF($D903="","",IFERROR(IF(INDEX(RUNS!$H$6:$H$1005,MATCH($D903,RUNS!$A$6:$A$1005,0))="","",INDEX(RUNS!$H$6:$H$1005,MATCH($D903,RUNS!$A$6:$A$1005,0))),"")) | P903: =IF($D903="","",IFERROR(IF(INDEX(RUNS!$J$6:$J$1005,MATCH($D903,RUNS!$A$6:$A$1005,0))="","",INDEX(RUNS!$J$6:$J$1005,MATCH($D903,RUNS!$A$6:$A$1005,0))),"")) | Q903: =IF($D903="","",IFERROR(IF(INDEX(RUNS!$K$6:$K$1005,MATCH($D903,RUNS!$A$6:$A$1005,0))="","",INDEX(RUNS!$K$6:$K$1005,MATCH($D903,RUNS!$A$6:$A$1005,0))),"")) | R903: =IF(OR($L903="",$K903=""),"",IFERROR(IF(INDEX(PARAMETRES!$H$43:$H$342,MATCH($L903&"|"&$M903&"|"&$N903&"|"&$O903&"|"&$P903&"|"&$Q903&"|"&$K903,PARAMETRES!$J$43:$J$342,0))="","",INDEX(PARAMETRES!$H$43:$H$342,MATCH($L903&"|"&$M903&"|"&$N903&"|"&$O903&"|"&$P903&"|"&$Q903&"|"&$K903,PARAMETRES!$J$43:$J$342,0))),"")) | S903: =IF(OR($G903="",$X903<>"VALIDE"),"",IFERROR(LOOKUP(2,1/(($B$3:$B902=$B903)*($G$3:$G902=$G903)*($X$3:$X902="VALIDE")),$C$3:$C902),"")) | T903: =IF(OR($C903="",$S903=""),"",ROUND(($C903-$S903+IF($C903<$S903,1,0))*1440,0)) | U903: =IF(OR($H903="",$T903="",$T903<=0),"",$H903*60/$T903) | V903: =IF(OR($U903="",$R903="",$R903=0),"",$U903/$R903) | W903: =IF($G903="","",IF($X903="CONTEXTE INCOMPLET","CONTEXTE INCOMPLET",IF($X903="DOUBLON",StatutDoublon,IF($S903="",StatutInitial,IF($R903="",StatutStandardManquant,IF($V903="","DONNEES INSUFFISANTES",IF($V903>=SeuilConforme,StatutConforme,IF($V903>=SeuilSurveiller,StatutSurveiller,StatutSousStandard)))))))) | X903: =IF($G903="","",IF(OR($D903="",$E903="",$F903=""),"CONTEXTE INCOMPLET",IF(COUNTIFS($D$3:$D902,$D903,$E$3:$E902,$E903,$F$3:$F902,$F903,$G$3:$G902,$G903)>0,"DOUBLON","VALIDE")))
A904: =IF(OR($B904="",$G904=""),"",TEXT($B904,"YYYYMMDD")&"-"&SUBSTITUTE($E904," ","")&"-"&$F904&"-"&$G904) | J904: =IF($G904="","",IFERROR(INDEX(NomsEmployes,MATCH($G904,MatriculesEmployes,0)),"MATRICULE INCONNU")) | K904: =IF(OR($D904="",$F904=""),"",IFERROR(IF(INDEX(RUNS!$L$6:$S$1005,MATCH($D904,RUNS!$A$6:$A$1005,0),MATCH("ACTIVITÉ "&$F904,RUNS!$L$5:$S$5,0))="","",INDEX(RUNS!$L$6:$S$1005,MATCH($D904,RUNS!$A$6:$A$1005,0),MATCH("ACTIVITÉ "&$F904,RUNS!$L$5:$S$5,0))),"")) | L904: =IF($D904="","",IFERROR(IF(INDEX(RUNS!$E$6:$E$1005,MATCH($D904,RUNS!$A$6:$A$1005,0))="","",INDEX(RUNS!$E$6:$E$1005,MATCH($D904,RUNS!$A$6:$A$1005,0))),"")) | M904: =IF($D904="","",IFERROR(IF(INDEX(RUNS!$F$6:$F$1005,MATCH($D904,RUNS!$A$6:$A$1005,0))="","",INDEX(RUNS!$F$6:$F$1005,MATCH($D904,RUNS!$A$6:$A$1005,0))),"")) | N904: =IF($D904="","",IFERROR(IF(INDEX(RUNS!$G$6:$G$1005,MATCH($D904,RUNS!$A$6:$A$1005,0))="","",INDEX(RUNS!$G$6:$G$1005,MATCH($D904,RUNS!$A$6:$A$1005,0))),"")) | O904: =IF($D904="","",IFERROR(IF(INDEX(RUNS!$H$6:$H$1005,MATCH($D904,RUNS!$A$6:$A$1005,0))="","",INDEX(RUNS!$H$6:$H$1005,MATCH($D904,RUNS!$A$6:$A$1005,0))),"")) | P904: =IF($D904="","",IFERROR(IF(INDEX(RUNS!$J$6:$J$1005,MATCH($D904,RUNS!$A$6:$A$1005,0))="","",INDEX(RUNS!$J$6:$J$1005,MATCH($D904,RUNS!$A$6:$A$1005,0))),"")) | Q904: =IF($D904="","",IFERROR(IF(INDEX(RUNS!$K$6:$K$1005,MATCH($D904,RUNS!$A$6:$A$1005,0))="","",INDEX(RUNS!$K$6:$K$1005,MATCH($D904,RUNS!$A$6:$A$1005,0))),"")) | R904: =IF(OR($L904="",$K904=""),"",IFERROR(IF(INDEX(PARAMETRES!$H$43:$H$342,MATCH($L904&"|"&$M904&"|"&$N904&"|"&$O904&"|"&$P904&"|"&$Q904&"|"&$K904,PARAMETRES!$J$43:$J$342,0))="","",INDEX(PARAMETRES!$H$43:$H$342,MATCH($L904&"|"&$M904&"|"&$N904&"|"&$O904&"|"&$P904&"|"&$Q904&"|"&$K904,PARAMETRES!$J$43:$J$342,0))),"")) | S904: =IF(OR($G904="",$X904<>"VALIDE"),"",IFERROR(LOOKUP(2,1/(($B4:$B903=$B904)*($G4:$G903=$G904)*($X4:$X903="VALIDE")),$C4:$C903),"")) | T904: =IF(OR($C904="",$S904=""),"",ROUND(($C904-$S904+IF($C904<$S904,1,0))*1440,0)) | U904: =IF(OR($H904="",$T904="",$T904<=0),"",$H904*60/$T904) | V904: =IF(OR($U904="",$R904="",$R904=0),"",$U904/$R904) | W904: =IF($G904="","",IF($X904="CONTEXTE INCOMPLET","CONTEXTE INCOMPLET",IF($X904="DOUBLON",StatutDoublon,IF($S904="",StatutInitial,IF($R904="",StatutStandardManquant,IF($V904="","DONNEES INSUFFISANTES",IF($V904>=SeuilConforme,StatutConforme,IF($V904>=SeuilSurveiller,StatutSurveiller,StatutSousStandard)))))))) | X904: =IF($G904="","",IF(OR($D904="",$E904="",$F904=""),"CONTEXTE INCOMPLET",IF(COUNTIFS($D4:$D903,$D904,$E4:$E903,$E904,$F4:$F903,$F904,$G4:$G903,$G904)>0,"DOUBLON","VALIDE")))
A905: =IF(OR($B905="",$G905=""),"",TEXT($B905,"YYYYMMDD")&"-"&SUBSTITUTE($E905," ","")&"-"&$F905&"-"&$G905) | J905: =IF($G905="","",IFERROR(INDEX(NomsEmployes,MATCH($G905,MatriculesEmployes,0)),"MATRICULE INCONNU")) | K905: =IF(OR($D905="",$F905=""),"",IFERROR(IF(INDEX(RUNS!$L$6:$S$1005,MATCH($D905,RUNS!$A$6:$A$1005,0),MATCH("ACTIVITÉ "&$F905,RUNS!$L$5:$S$5,0))="","",INDEX(RUNS!$L$6:$S$1005,MATCH($D905,RUNS!$A$6:$A$1005,0),MATCH("ACTIVITÉ "&$F905,RUNS!$L$5:$S$5,0))),"")) | L905: =IF($D905="","",IFERROR(IF(INDEX(RUNS!$E$6:$E$1005,MATCH($D905,RUNS!$A$6:$A$1005,0))="","",INDEX(RUNS!$E$6:$E$1005,MATCH($D905,RUNS!$A$6:$A$1005,0))),"")) | M905: =IF($D905="","",IFERROR(IF(INDEX(RUNS!$F$6:$F$1005,MATCH($D905,RUNS!$A$6:$A$1005,0))="","",INDEX(RUNS!$F$6:$F$1005,MATCH($D905,RUNS!$A$6:$A$1005,0))),"")) | N905: =IF($D905="","",IFERROR(IF(INDEX(RUNS!$G$6:$G$1005,MATCH($D905,RUNS!$A$6:$A$1005,0))="","",INDEX(RUNS!$G$6:$G$1005,MATCH($D905,RUNS!$A$6:$A$1005,0))),"")) | O905: =IF($D905="","",IFERROR(IF(INDEX(RUNS!$H$6:$H$1005,MATCH($D905,RUNS!$A$6:$A$1005,0))="","",INDEX(RUNS!$H$6:$H$1005,MATCH($D905,RUNS!$A$6:$A$1005,0))),"")) | P905: =IF($D905="","",IFERROR(IF(INDEX(RUNS!$J$6:$J$1005,MATCH($D905,RUNS!$A$6:$A$1005,0))="","",INDEX(RUNS!$J$6:$J$1005,MATCH($D905,RUNS!$A$6:$A$1005,0))),"")) | Q905: =IF($D905="","",IFERROR(IF(INDEX(RUNS!$K$6:$K$1005,MATCH($D905,RUNS!$A$6:$A$1005,0))="","",INDEX(RUNS!$K$6:$K$1005,MATCH($D905,RUNS!$A$6:$A$1005,0))),"")) | R905: =IF(OR($L905="",$K905=""),"",IFERROR(IF(INDEX(PARAMETRES!$H$43:$H$342,MATCH($L905&"|"&$M905&"|"&$N905&"|"&$O905&"|"&$P905&"|"&$Q905&"|"&$K905,PARAMETRES!$J$43:$J$342,0))="","",INDEX(PARAMETRES!$H$43:$H$342,MATCH($L905&"|"&$M905&"|"&$N905&"|"&$O905&"|"&$P905&"|"&$Q905&"|"&$K905,PARAMETRES!$J$43:$J$342,0))),"")) | S905: =IF(OR($G905="",$X905<>"VALIDE"),"",IFERROR(LOOKUP(2,1/(($B5:$B904=$B905)*($G5:$G904=$G905)*($X5:$X904="VALIDE")),$C5:$C904),"")) | T905: =IF(OR($C905="",$S905=""),"",ROUND(($C905-$S905+IF($C905<$S905,1,0))*1440,0)) | U905: =IF(OR($H905="",$T905="",$T905<=0),"",$H905*60/$T905) | V905: =IF(OR($U905="",$R905="",$R905=0),"",$U905/$R905) | W905: =IF($G905="","",IF($X905="CONTEXTE INCOMPLET","CONTEXTE INCOMPLET",IF($X905="DOUBLON",StatutDoublon,IF($S905="",StatutInitial,IF($R905="",StatutStandardManquant,IF($V905="","DONNEES INSUFFISANTES",IF($V905>=SeuilConforme,StatutConforme,IF($V905>=SeuilSurveiller,StatutSurveiller,StatutSousStandard)))))))) | X905: =IF($G905="","",IF(OR($D905="",$E905="",$F905=""),"CONTEXTE INCOMPLET",IF(COUNTIFS($D5:$D904,$D905,$E5:$E904,$E905,$F5:$F904,$F905,$G5:$G904,$G905)>0,"DOUBLON","VALIDE")))
A906: =IF(OR($B906="",$G906=""),"",TEXT($B906,"YYYYMMDD")&"-"&SUBSTITUTE($E906," ","")&"-"&$F906&"-"&$G906) | J906: =IF($G906="","",IFERROR(INDEX(NomsEmployes,MATCH($G906,MatriculesEmployes,0)),"MATRICULE INCONNU")) | K906: =IF(OR($D906="",$F906=""),"",IFERROR(IF(INDEX(RUNS!$L$6:$S$1005,MATCH($D906,RUNS!$A$6:$A$1005,0),MATCH("ACTIVITÉ "&$F906,RUNS!$L$5:$S$5,0))="","",INDEX(RUNS!$L$6:$S$1005,MATCH($D906,RUNS!$A$6:$A$1005,0),MATCH("ACTIVITÉ "&$F906,RUNS!$L$5:$S$5,0))),"")) | L906: =IF($D906="","",IFERROR(IF(INDEX(RUNS!$E$6:$E$1005,MATCH($D906,RUNS!$A$6:$A$1005,0))="","",INDEX(RUNS!$E$6:$E$1005,MATCH($D906,RUNS!$A$6:$A$1005,0))),"")) | M906: =IF($D906="","",IFERROR(IF(INDEX(RUNS!$F$6:$F$1005,MATCH($D906,RUNS!$A$6:$A$1005,0))="","",INDEX(RUNS!$F$6:$F$1005,MATCH($D906,RUNS!$A$6:$A$1005,0))),"")) | N906: =IF($D906="","",IFERROR(IF(INDEX(RUNS!$G$6:$G$1005,MATCH($D906,RUNS!$A$6:$A$1005,0))="","",INDEX(RUNS!$G$6:$G$1005,MATCH($D906,RUNS!$A$6:$A$1005,0))),"")) | O906: =IF($D906="","",IFERROR(IF(INDEX(RUNS!$H$6:$H$1005,MATCH($D906,RUNS!$A$6:$A$1005,0))="","",INDEX(RUNS!$H$6:$H$1005,MATCH($D906,RUNS!$A$6:$A$1005,0))),"")) | P906: =IF($D906="","",IFERROR(IF(INDEX(RUNS!$J$6:$J$1005,MATCH($D906,RUNS!$A$6:$A$1005,0))="","",INDEX(RUNS!$J$6:$J$1005,MATCH($D906,RUNS!$A$6:$A$1005,0))),"")) | Q906: =IF($D906="","",IFERROR(IF(INDEX(RUNS!$K$6:$K$1005,MATCH($D906,RUNS!$A$6:$A$1005,0))="","",INDEX(RUNS!$K$6:$K$1005,MATCH($D906,RUNS!$A$6:$A$1005,0))),"")) | R906: =IF(OR($L906="",$K906=""),"",IFERROR(IF(INDEX(PARAMETRES!$H$43:$H$342,MATCH($L906&"|"&$M906&"|"&$N906&"|"&$O906&"|"&$P906&"|"&$Q906&"|"&$K906,PARAMETRES!$J$43:$J$342,0))="","",INDEX(PARAMETRES!$H$43:$H$342,MATCH($L906&"|"&$M906&"|"&$N906&"|"&$O906&"|"&$P906&"|"&$Q906&"|"&$K906,PARAMETRES!$J$43:$J$342,0))),"")) | S906: =IF(OR($G906="",$X906<>"VALIDE"),"",IFERROR(LOOKUP(2,1/(($B6:$B905=$B906)*($G6:$G905=$G906)*($X6:$X905="VALIDE")),$C6:$C905),"")) | T906: =IF(OR($C906="",$S906=""),"",ROUND(($C906-$S906+IF($C906<$S906,1,0))*1440,0)) | U906: =IF(OR($H906="",$T906="",$T906<=0),"",$H906*60/$T906) | V906: =IF(OR($U906="",$R906="",$R906=0),"",$U906/$R906) | W906: =IF($G906="","",IF($X906="CONTEXTE INCOMPLET","CONTEXTE INCOMPLET",IF($X906="DOUBLON",StatutDoublon,IF($S906="",StatutInitial,IF($R906="",StatutStandardManquant,IF($V906="","DONNEES INSUFFISANTES",IF($V906>=SeuilConforme,StatutConforme,IF($V906>=SeuilSurveiller,StatutSurveiller,StatutSousStandard)))))))) | X906: =IF($G906="","",IF(OR($D906="",$E906="",$F906=""),"CONTEXTE INCOMPLET",IF(COUNTIFS($D6:$D905,$D906,$E6:$E905,$E906,$F6:$F905,$F906,$G6:$G905,$G906)>0,"DOUBLON","VALIDE")))
A907: =IF(OR($B907="",$G907=""),"",TEXT($B907,"YYYYMMDD")&"-"&SUBSTITUTE($E907," ","")&"-"&$F907&"-"&$G907) | J907: =IF($G907="","",IFERROR(INDEX(NomsEmployes,MATCH($G907,MatriculesEmployes,0)),"MATRICULE INCONNU")) | K907: =IF(OR($D907="",$F907=""),"",IFERROR(IF(INDEX(RUNS!$L$6:$S$1005,MATCH($D907,RUNS!$A$6:$A$1005,0),MATCH("ACTIVITÉ "&$F907,RUNS!$L$5:$S$5,0))="","",INDEX(RUNS!$L$6:$S$1005,MATCH($D907,RUNS!$A$6:$A$1005,0),MATCH("ACTIVITÉ "&$F907,RUNS!$L$5:$S$5,0))),"")) | L907: =IF($D907="","",IFERROR(IF(INDEX(RUNS!$E$6:$E$1005,MATCH($D907,RUNS!$A$6:$A$1005,0))="","",INDEX(RUNS!$E$6:$E$1005,MATCH($D907,RUNS!$A$6:$A$1005,0))),"")) | M907: =IF($D907="","",IFERROR(IF(INDEX(RUNS!$F$6:$F$1005,MATCH($D907,RUNS!$A$6:$A$1005,0))="","",INDEX(RUNS!$F$6:$F$1005,MATCH($D907,RUNS!$A$6:$A$1005,0))),"")) | N907: =IF($D907="","",IFERROR(IF(INDEX(RUNS!$G$6:$G$1005,MATCH($D907,RUNS!$A$6:$A$1005,0))="","",INDEX(RUNS!$G$6:$G$1005,MATCH($D907,RUNS!$A$6:$A$1005,0))),"")) | O907: =IF($D907="","",IFERROR(IF(INDEX(RUNS!$H$6:$H$1005,MATCH($D907,RUNS!$A$6:$A$1005,0))="","",INDEX(RUNS!$H$6:$H$1005,MATCH($D907,RUNS!$A$6:$A$1005,0))),"")) | P907: =IF($D907="","",IFERROR(IF(INDEX(RUNS!$J$6:$J$1005,MATCH($D907,RUNS!$A$6:$A$1005,0))="","",INDEX(RUNS!$J$6:$J$1005,MATCH($D907,RUNS!$A$6:$A$1005,0))),"")) | Q907: =IF($D907="","",IFERROR(IF(INDEX(RUNS!$K$6:$K$1005,MATCH($D907,RUNS!$A$6:$A$1005,0))="","",INDEX(RUNS!$K$6:$K$1005,MATCH($D907,RUNS!$A$6:$A$1005,0))),"")) | R907: =IF(OR($L907="",$K907=""),"",IFERROR(IF(INDEX(PARAMETRES!$H$43:$H$342,MATCH($L907&"|"&$M907&"|"&$N907&"|"&$O907&"|"&$P907&"|"&$Q907&"|"&$K907,PARAMETRES!$J$43:$J$342,0))="","",INDEX(PARAMETRES!$H$43:$H$342,MATCH($L907&"|"&$M907&"|"&$N907&"|"&$O907&"|"&$P907&"|"&$Q907&"|"&$K907,PARAMETRES!$J$43:$J$342,0))),"")) | S907: =IF(OR($G907="",$X907<>"VALIDE"),"",IFERROR(LOOKUP(2,1/(($B7:$B906=$B907)*($G7:$G906=$G907)*($X7:$X906="VALIDE")),$C7:$C906),"")) | T907: =IF(OR($C907="",$S907=""),"",ROUND(($C907-$S907+IF($C907<$S907,1,0))*1440,0)) | U907: =IF(OR($H907="",$T907="",$T907<=0),"",$H907*60/$T907) | V907: =IF(OR($U907="",$R907="",$R907=0),"",$U907/$R907) | W907: =IF($G907="","",IF($X907="CONTEXTE INCOMPLET","CONTEXTE INCOMPLET",IF($X907="DOUBLON",StatutDoublon,IF($S907="",StatutInitial,IF($R907="",StatutStandardManquant,IF($V907="","DONNEES INSUFFISANTES",IF($V907>=SeuilConforme,StatutConforme,IF($V907>=SeuilSurveiller,StatutSurveiller,StatutSousStandard)))))))) | X907: =IF($G907="","",IF(OR($D907="",$E907="",$F907=""),"CONTEXTE INCOMPLET",IF(COUNTIFS($D7:$D906,$D907,$E7:$E906,$E907,$F7:$F906,$F907,$G7:$G906,$G907)>0,"DOUBLON","VALIDE")))
A908: =IF(OR($B908="",$G908=""),"",TEXT($B908,"YYYYMMDD")&"-"&SUBSTITUTE($E908," ","")&"-"&$F908&"-"&$G908) | J908: =IF($G908="","",IFERROR(INDEX(NomsEmployes,MATCH($G908,MatriculesEmployes,0)),"MATRICULE INCONNU")) | K908: =IF(OR($D908="",$F908=""),"",IFERROR(IF(INDEX(RUNS!$L$6:$S$1005,MATCH($D908,RUNS!$A$6:$A$1005,0),MATCH("ACTIVITÉ "&$F908,RUNS!$L$5:$S$5,0))="","",INDEX(RUNS!$L$6:$S$1005,MATCH($D908,RUNS!$A$6:$A$1005,0),MATCH("ACTIVITÉ "&$F908,RUNS!$L$5:$S$5,0))),"")) | L908: =IF($D908="","",IFERROR(IF(INDEX(RUNS!$E$6:$E$1005,MATCH($D908,RUNS!$A$6:$A$1005,0))="","",INDEX(RUNS!$E$6:$E$1005,MATCH($D908,RUNS!$A$6:$A$1005,0))),"")) | M908: =IF($D908="","",IFERROR(IF(INDEX(RUNS!$F$6:$F$1005,MATCH($D908,RUNS!$A$6:$A$1005,0))="","",INDEX(RUNS!$F$6:$F$1005,MATCH($D908,RUNS!$A$6:$A$1005,0))),"")) | N908: =IF($D908="","",IFERROR(IF(INDEX(RUNS!$G$6:$G$1005,MATCH($D908,RUNS!$A$6:$A$1005,0))="","",INDEX(RUNS!$G$6:$G$1005,MATCH($D908,RUNS!$A$6:$A$1005,0))),"")) | O908: =IF($D908="","",IFERROR(IF(INDEX(RUNS!$H$6:$H$1005,MATCH($D908,RUNS!$A$6:$A$1005,0))="","",INDEX(RUNS!$H$6:$H$1005,MATCH($D908,RUNS!$A$6:$A$1005,0))),"")) | P908: =IF($D908="","",IFERROR(IF(INDEX(RUNS!$J$6:$J$1005,MATCH($D908,RUNS!$A$6:$A$1005,0))="","",INDEX(RUNS!$J$6:$J$1005,MATCH($D908,RUNS!$A$6:$A$1005,0))),"")) | Q908: =IF($D908="","",IFERROR(IF(INDEX(RUNS!$K$6:$K$1005,MATCH($D908,RUNS!$A$6:$A$1005,0))="","",INDEX(RUNS!$K$6:$K$1005,MATCH($D908,RUNS!$A$6:$A$1005,0))),"")) | R908: =IF(OR($L908="",$K908=""),"",IFERROR(IF(INDEX(PARAMETRES!$H$43:$H$342,MATCH($L908&"|"&$M908&"|"&$N908&"|"&$O908&"|"&$P908&"|"&$Q908&"|"&$K908,PARAMETRES!$J$43:$J$342,0))="","",INDEX(PARAMETRES!$H$43:$H$342,MATCH($L908&"|"&$M908&"|"&$N908&"|"&$O908&"|"&$P908&"|"&$Q908&"|"&$K908,PARAMETRES!$J$43:$J$342,0))),"")) | S908: =IF(OR($G908="",$X908<>"VALIDE"),"",IFERROR(LOOKUP(2,1/(($B8:$B907=$B908)*($G8:$G907=$G908)*($X8:$X907="VALIDE")),$C8:$C907),"")) | T908: =IF(OR($C908="",$S908=""),"",ROUND(($C908-$S908+IF($C908<$S908,1,0))*1440,0)) | U908: =IF(OR($H908="",$T908="",$T908<=0),"",$H908*60/$T908) | V908: =IF(OR($U908="",$R908="",$R908=0),"",$U908/$R908) | W908: =IF($G908="","",IF($X908="CONTEXTE INCOMPLET","CONTEXTE INCOMPLET",IF($X908="DOUBLON",StatutDoublon,IF($S908="",StatutInitial,IF($R908="",StatutStandardManquant,IF($V908="","DONNEES INSUFFISANTES",IF($V908>=SeuilConforme,StatutConforme,IF($V908>=SeuilSurveiller,StatutSurveiller,StatutSousStandard)))))))) | X908: =IF($G908="","",IF(OR($D908="",$E908="",$F908=""),"CONTEXTE INCOMPLET",IF(COUNTIFS($D8:$D907,$D908,$E8:$E907,$E908,$F8:$F907,$F908,$G8:$G907,$G908)>0,"DOUBLON","VALIDE")))
A909: =IF(OR($B909="",$G909=""),"",TEXT($B909,"YYYYMMDD")&"-"&SUBSTITUTE($E909," ","")&"-"&$F909&"-"&$G909) | J909: =IF($G909="","",IFERROR(INDEX(NomsEmployes,MATCH($G909,MatriculesEmployes,0)),"MATRICULE INCONNU")) | K909: =IF(OR($D909="",$F909=""),"",IFERROR(IF(INDEX(RUNS!$L$6:$S$1005,MATCH($D909,RUNS!$A$6:$A$1005,0),MATCH("ACTIVITÉ "&$F909,RUNS!$L$5:$S$5,0))="","",INDEX(RUNS!$L$6:$S$1005,MATCH($D909,RUNS!$A$6:$A$1005,0),MATCH("ACTIVITÉ "&$F909,RUNS!$L$5:$S$5,0))),"")) | L909: =IF($D909="","",IFERROR(IF(INDEX(RUNS!$E$6:$E$1005,MATCH($D909,RUNS!$A$6:$A$1005,0))="","",INDEX(RUNS!$E$6:$E$1005,MATCH($D909,RUNS!$A$6:$A$1005,0))),"")) | M909: =IF($D909="","",IFERROR(IF(INDEX(RUNS!$F$6:$F$1005,MATCH($D909,RUNS!$A$6:$A$1005,0))="","",INDEX(RUNS!$F$6:$F$1005,MATCH($D909,RUNS!$A$6:$A$1005,0))),"")) | N909: =IF($D909="","",IFERROR(IF(INDEX(RUNS!$G$6:$G$1005,MATCH($D909,RUNS!$A$6:$A$1005,0))="","",INDEX(RUNS!$G$6:$G$1005,MATCH($D909,RUNS!$A$6:$A$1005,0))),"")) | O909: =IF($D909="","",IFERROR(IF(INDEX(RUNS!$H$6:$H$1005,MATCH($D909,RUNS!$A$6:$A$1005,0))="","",INDEX(RUNS!$H$6:$H$1005,MATCH($D909,RUNS!$A$6:$A$1005,0))),"")) | P909: =IF($D909="","",IFERROR(IF(INDEX(RUNS!$J$6:$J$1005,MATCH($D909,RUNS!$A$6:$A$1005,0))="","",INDEX(RUNS!$J$6:$J$1005,MATCH($D909,RUNS!$A$6:$A$1005,0))),"")) | Q909: =IF($D909="","",IFERROR(IF(INDEX(RUNS!$K$6:$K$1005,MATCH($D909,RUNS!$A$6:$A$1005,0))="","",INDEX(RUNS!$K$6:$K$1005,MATCH($D909,RUNS!$A$6:$A$1005,0))),"")) | R909: =IF(OR($L909="",$K909=""),"",IFERROR(IF(INDEX(PARAMETRES!$H$43:$H$342,MATCH($L909&"|"&$M909&"|"&$N909&"|"&$O909&"|"&$P909&"|"&$Q909&"|"&$K909,PARAMETRES!$J$43:$J$342,0))="","",INDEX(PARAMETRES!$H$43:$H$342,MATCH($L909&"|"&$M909&"|"&$N909&"|"&$O909&"|"&$P909&"|"&$Q909&"|"&$K909,PARAMETRES!$J$43:$J$342,0))),"")) | S909: =IF(OR($G909="",$X909<>"VALIDE"),"",IFERROR(LOOKUP(2,1/(($B9:$B908=$B909)*($G9:$G908=$G909)*($X9:$X908="VALIDE")),$C9:$C908),"")) | T909: =IF(OR($C909="",$S909=""),"",ROUND(($C909-$S909+IF($C909<$S909,1,0))*1440,0)) | U909: =IF(OR($H909="",$T909="",$T909<=0),"",$H909*60/$T909) | V909: =IF(OR($U909="",$R909="",$R909=0),"",$U909/$R909) | W909: =IF($G909="","",IF($X909="CONTEXTE INCOMPLET","CONTEXTE INCOMPLET",IF($X909="DOUBLON",StatutDoublon,IF($S909="",StatutInitial,IF($R909="",StatutStandardManquant,IF($V909="","DONNEES INSUFFISANTES",IF($V909>=SeuilConforme,StatutConforme,IF($V909>=SeuilSurveiller,StatutSurveiller,StatutSousStandard)))))))) | X909: =IF($G909="","",IF(OR($D909="",$E909="",$F909=""),"CONTEXTE INCOMPLET",IF(COUNTIFS($D9:$D908,$D909,$E9:$E908,$E909,$F9:$F908,$F909,$G9:$G908,$G909)>0,"DOUBLON","VALIDE")))
A910: =IF(OR($B910="",$G910=""),"",TEXT($B910,"YYYYMMDD")&"-"&SUBSTITUTE($E910," ","")&"-"&$F910&"-"&$G910) | J910: =IF($G910="","",IFERROR(INDEX(NomsEmployes,MATCH($G910,MatriculesEmployes,0)),"MATRICULE INCONNU")) | K910: =IF(OR($D910="",$F910=""),"",IFERROR(IF(INDEX(RUNS!$L$6:$S$1005,MATCH($D910,RUNS!$A$6:$A$1005,0),MATCH("ACTIVITÉ "&$F910,RUNS!$L$5:$S$5,0))="","",INDEX(RUNS!$L$6:$S$1005,MATCH($D910,RUNS!$A$6:$A$1005,0),MATCH("ACTIVITÉ "&$F910,RUNS!$L$5:$S$5,0))),"")) | L910: =IF($D910="","",IFERROR(IF(INDEX(RUNS!$E$6:$E$1005,MATCH($D910,RUNS!$A$6:$A$1005,0))="","",INDEX(RUNS!$E$6:$E$1005,MATCH($D910,RUNS!$A$6:$A$1005,0))),"")) | M910: =IF($D910="","",IFERROR(IF(INDEX(RUNS!$F$6:$F$1005,MATCH($D910,RUNS!$A$6:$A$1005,0))="","",INDEX(RUNS!$F$6:$F$1005,MATCH($D910,RUNS!$A$6:$A$1005,0))),"")) | N910: =IF($D910="","",IFERROR(IF(INDEX(RUNS!$G$6:$G$1005,MATCH($D910,RUNS!$A$6:$A$1005,0))="","",INDEX(RUNS!$G$6:$G$1005,MATCH($D910,RUNS!$A$6:$A$1005,0))),"")) | O910: =IF($D910="","",IFERROR(IF(INDEX(RUNS!$H$6:$H$1005,MATCH($D910,RUNS!$A$6:$A$1005,0))="","",INDEX(RUNS!$H$6:$H$1005,MATCH($D910,RUNS!$A$6:$A$1005,0))),"")) | P910: =IF($D910="","",IFERROR(IF(INDEX(RUNS!$J$6:$J$1005,MATCH($D910,RUNS!$A$6:$A$1005,0))="","",INDEX(RUNS!$J$6:$J$1005,MATCH($D910,RUNS!$A$6:$A$1005,0))),"")) | Q910: =IF($D910="","",IFERROR(IF(INDEX(RUNS!$K$6:$K$1005,MATCH($D910,RUNS!$A$6:$A$1005,0))="","",INDEX(RUNS!$K$6:$K$1005,MATCH($D910,RUNS!$A$6:$A$1005,0))),"")) | R910: =IF(OR($L910="",$K910=""),"",IFERROR(IF(INDEX(PARAMETRES!$H$43:$H$342,MATCH($L910&"|"&$M910&"|"&$N910&"|"&$O910&"|"&$P910&"|"&$Q910&"|"&$K910,PARAMETRES!$J$43:$J$342,0))="","",INDEX(PARAMETRES!$H$43:$H$342,MATCH($L910&"|"&$M910&"|"&$N910&"|"&$O910&"|"&$P910&"|"&$Q910&"|"&$K910,PARAMETRES!$J$43:$J$342,0))),"")) | S910: =IF(OR($G910="",$X910<>"VALIDE"),"",IFERROR(LOOKUP(2,1/(($B10:$B909=$B910)*($G10:$G909=$G910)*($X10:$X909="VALIDE")),$C10:$C909),"")) | T910: =IF(OR($C910="",$S910=""),"",ROUND(($C910-$S910+IF($C910<$S910,1,0))*1440,0)) | U910: =IF(OR($H910="",$T910="",$T910<=0),"",$H910*60/$T910) | V910: =IF(OR($U910="",$R910="",$R910=0),"",$U910/$R910) | W910: =IF($G910="","",IF($X910="CONTEXTE INCOMPLET","CONTEXTE INCOMPLET",IF($X910="DOUBLON",StatutDoublon,IF($S910="",StatutInitial,IF($R910="",StatutStandardManquant,IF($V910="","DONNEES INSUFFISANTES",IF($V910>=SeuilConforme,StatutConforme,IF($V910>=SeuilSurveiller,StatutSurveiller,StatutSousStandard)))))))) | X910: =IF($G910="","",IF(OR($D910="",$E910="",$F910=""),"CONTEXTE INCOMPLET",IF(COUNTIFS($D10:$D909,$D910,$E10:$E909,$E910,$F10:$F909,$F910,$G10:$G909,$G910)>0,"DOUBLON","VALIDE")))
A911: =IF(OR($B911="",$G911=""),"",TEXT($B911,"YYYYMMDD")&"-"&SUBSTITUTE($E911," ","")&"-"&$F911&"-"&$G911) | J911: =IF($G911="","",IFERROR(INDEX(NomsEmployes,MATCH($G911,MatriculesEmployes,0)),"MATRICULE INCONNU")) | K911: =IF(OR($D911="",$F911=""),"",IFERROR(IF(INDEX(RUNS!$L$6:$S$1005,MATCH($D911,RUNS!$A$6:$A$1005,0),MATCH("ACTIVITÉ "&$F911,RUNS!$L$5:$S$5,0))="","",INDEX(RUNS!$L$6:$S$1005,MATCH($D911,RUNS!$A$6:$A$1005,0),MATCH("ACTIVITÉ "&$F911,RUNS!$L$5:$S$5,0))),"")) | L911: =IF($D911="","",IFERROR(IF(INDEX(RUNS!$E$6:$E$1005,MATCH($D911,RUNS!$A$6:$A$1005,0))="","",INDEX(RUNS!$E$6:$E$1005,MATCH($D911,RUNS!$A$6:$A$1005,0))),"")) | M911: =IF($D911="","",IFERROR(IF(INDEX(RUNS!$F$6:$F$1005,MATCH($D911,RUNS!$A$6:$A$1005,0))="","",INDEX(RUNS!$F$6:$F$1005,MATCH($D911,RUNS!$A$6:$A$1005,0))),"")) | N911: =IF($D911="","",IFERROR(IF(INDEX(RUNS!$G$6:$G$1005,MATCH($D911,RUNS!$A$6:$A$1005,0))="","",INDEX(RUNS!$G$6:$G$1005,MATCH($D911,RUNS!$A$6:$A$1005,0))),"")) | O911: =IF($D911="","",IFERROR(IF(INDEX(RUNS!$H$6:$H$1005,MATCH($D911,RUNS!$A$6:$A$1005,0))="","",INDEX(RUNS!$H$6:$H$1005,MATCH($D911,RUNS!$A$6:$A$1005,0))),"")) | P911: =IF($D911="","",IFERROR(IF(INDEX(RUNS!$J$6:$J$1005,MATCH($D911,RUNS!$A$6:$A$1005,0))="","",INDEX(RUNS!$J$6:$J$1005,MATCH($D911,RUNS!$A$6:$A$1005,0))),"")) | Q911: =IF($D911="","",IFERROR(IF(INDEX(RUNS!$K$6:$K$1005,MATCH($D911,RUNS!$A$6:$A$1005,0))="","",INDEX(RUNS!$K$6:$K$1005,MATCH($D911,RUNS!$A$6:$A$1005,0))),"")) | R911: =IF(OR($L911="",$K911=""),"",IFERROR(IF(INDEX(PARAMETRES!$H$43:$H$342,MATCH($L911&"|"&$M911&"|"&$N911&"|"&$O911&"|"&$P911&"|"&$Q911&"|"&$K911,PARAMETRES!$J$43:$J$342,0))="","",INDEX(PARAMETRES!$H$43:$H$342,MATCH($L911&"|"&$M911&"|"&$N911&"|"&$O911&"|"&$P911&"|"&$Q911&"|"&$K911,PARAMETRES!$J$43:$J$342,0))),"")) | S911: =IF(OR($G911="",$X911<>"VALIDE"),"",IFERROR(LOOKUP(2,1/(($B11:$B910=$B911)*($G11:$G910=$G911)*($X11:$X910="VALIDE")),$C11:$C910),"")) | T911: =IF(OR($C911="",$S911=""),"",ROUND(($C911-$S911+IF($C911<$S911,1,0))*1440,0)) | U911: =IF(OR($H911="",$T911="",$T911<=0),"",$H911*60/$T911) | V911: =IF(OR($U911="",$R911="",$R911=0),"",$U911/$R911) | W911: =IF($G911="","",IF($X911="CONTEXTE INCOMPLET","CONTEXTE INCOMPLET",IF($X911="DOUBLON",StatutDoublon,IF($S911="",StatutInitial,IF($R911="",StatutStandardManquant,IF($V911="","DONNEES INSUFFISANTES",IF($V911>=SeuilConforme,StatutConforme,IF($V911>=SeuilSurveiller,StatutSurveiller,StatutSousStandard)))))))) | X911: =IF($G911="","",IF(OR($D911="",$E911="",$F911=""),"CONTEXTE INCOMPLET",IF(COUNTIFS($D11:$D910,$D911,$E11:$E910,$E911,$F11:$F910,$F911,$G11:$G910,$G911)>0,"DOUBLON","VALIDE")))
A912: =IF(OR($B912="",$G912=""),"",TEXT($B912,"YYYYMMDD")&"-"&SUBSTITUTE($E912," ","")&"-"&$F912&"-"&$G912) | J912: =IF($G912="","",IFERROR(INDEX(NomsEmployes,MATCH($G912,MatriculesEmployes,0)),"MATRICULE INCONNU")) | K912: =IF(OR($D912="",$F912=""),"",IFERROR(IF(INDEX(RUNS!$L$6:$S$1005,MATCH($D912,RUNS!$A$6:$A$1005,0),MATCH("ACTIVITÉ "&$F912,RUNS!$L$5:$S$5,0))="","",INDEX(RUNS!$L$6:$S$1005,MATCH($D912,RUNS!$A$6:$A$1005,0),MATCH("ACTIVITÉ "&$F912,RUNS!$L$5:$S$5,0))),"")) | L912: =IF($D912="","",IFERROR(IF(INDEX(RUNS!$E$6:$E$1005,MATCH($D912,RUNS!$A$6:$A$1005,0))="","",INDEX(RUNS!$E$6:$E$1005,MATCH($D912,RUNS!$A$6:$A$1005,0))),"")) | M912: =IF($D912="","",IFERROR(IF(INDEX(RUNS!$F$6:$F$1005,MATCH($D912,RUNS!$A$6:$A$1005,0))="","",INDEX(RUNS!$F$6:$F$1005,MATCH($D912,RUNS!$A$6:$A$1005,0))),"")) | N912: =IF($D912="","",IFERROR(IF(INDEX(RUNS!$G$6:$G$1005,MATCH($D912,RUNS!$A$6:$A$1005,0))="","",INDEX(RUNS!$G$6:$G$1005,MATCH($D912,RUNS!$A$6:$A$1005,0))),"")) | O912: =IF($D912="","",IFERROR(IF(INDEX(RUNS!$H$6:$H$1005,MATCH($D912,RUNS!$A$6:$A$1005,0))="","",INDEX(RUNS!$H$6:$H$1005,MATCH($D912,RUNS!$A$6:$A$1005,0))),"")) | P912: =IF($D912="","",IFERROR(IF(INDEX(RUNS!$J$6:$J$1005,MATCH($D912,RUNS!$A$6:$A$1005,0))="","",INDEX(RUNS!$J$6:$J$1005,MATCH($D912,RUNS!$A$6:$A$1005,0))),"")) | Q912: =IF($D912="","",IFERROR(IF(INDEX(RUNS!$K$6:$K$1005,MATCH($D912,RUNS!$A$6:$A$1005,0))="","",INDEX(RUNS!$K$6:$K$1005,MATCH($D912,RUNS!$A$6:$A$1005,0))),"")) | R912: =IF(OR($L912="",$K912=""),"",IFERROR(IF(INDEX(PARAMETRES!$H$43:$H$342,MATCH($L912&"|"&$M912&"|"&$N912&"|"&$O912&"|"&$P912&"|"&$Q912&"|"&$K912,PARAMETRES!$J$43:$J$342,0))="","",INDEX(PARAMETRES!$H$43:$H$342,MATCH($L912&"|"&$M912&"|"&$N912&"|"&$O912&"|"&$P912&"|"&$Q912&"|"&$K912,PARAMETRES!$J$43:$J$342,0))),"")) | S912: =IF(OR($G912="",$X912<>"VALIDE"),"",IFERROR(LOOKUP(2,1/(($B12:$B911=$B912)*($G12:$G911=$G912)*($X12:$X911="VALIDE")),$C12:$C911),"")) | T912: =IF(OR($C912="",$S912=""),"",ROUND(($C912-$S912+IF($C912<$S912,1,0))*1440,0)) | U912: =IF(OR($H912="",$T912="",$T912<=0),"",$H912*60/$T912) | V912: =IF(OR($U912="",$R912="",$R912=0),"",$U912/$R912) | W912: =IF($G912="","",IF($X912="CONTEXTE INCOMPLET","CONTEXTE INCOMPLET",IF($X912="DOUBLON",StatutDoublon,IF($S912="",StatutInitial,IF($R912="",StatutStandardManquant,IF($V912="","DONNEES INSUFFISANTES",IF($V912>=SeuilConforme,StatutConforme,IF($V912>=SeuilSurveiller,StatutSurveiller,StatutSousStandard)))))))) | X912: =IF($G912="","",IF(OR($D912="",$E912="",$F912=""),"CONTEXTE INCOMPLET",IF(COUNTIFS($D12:$D911,$D912,$E12:$E911,$E912,$F12:$F911,$F912,$G12:$G911,$G912)>0,"DOUBLON","VALIDE")))
A913: =IF(OR($B913="",$G913=""),"",TEXT($B913,"YYYYMMDD")&"-"&SUBSTITUTE($E913," ","")&"-"&$F913&"-"&$G913) | J913: =IF($G913="","",IFERROR(INDEX(NomsEmployes,MATCH($G913,MatriculesEmployes,0)),"MATRICULE INCONNU")) | K913: =IF(OR($D913="",$F913=""),"",IFERROR(IF(INDEX(RUNS!$L$6:$S$1005,MATCH($D913,RUNS!$A$6:$A$1005,0),MATCH("ACTIVITÉ "&$F913,RUNS!$L$5:$S$5,0))="","",INDEX(RUNS!$L$6:$S$1005,MATCH($D913,RUNS!$A$6:$A$1005,0),MATCH("ACTIVITÉ "&$F913,RUNS!$L$5:$S$5,0))),"")) | L913: =IF($D913="","",IFERROR(IF(INDEX(RUNS!$E$6:$E$1005,MATCH($D913,RUNS!$A$6:$A$1005,0))="","",INDEX(RUNS!$E$6:$E$1005,MATCH($D913,RUNS!$A$6:$A$1005,0))),"")) | M913: =IF($D913="","",IFERROR(IF(INDEX(RUNS!$F$6:$F$1005,MATCH($D913,RUNS!$A$6:$A$1005,0))="","",INDEX(RUNS!$F$6:$F$1005,MATCH($D913,RUNS!$A$6:$A$1005,0))),"")) | N913: =IF($D913="","",IFERROR(IF(INDEX(RUNS!$G$6:$G$1005,MATCH($D913,RUNS!$A$6:$A$1005,0))="","",INDEX(RUNS!$G$6:$G$1005,MATCH($D913,RUNS!$A$6:$A$1005,0))),"")) | O913: =IF($D913="","",IFERROR(IF(INDEX(RUNS!$H$6:$H$1005,MATCH($D913,RUNS!$A$6:$A$1005,0))="","",INDEX(RUNS!$H$6:$H$1005,MATCH($D913,RUNS!$A$6:$A$1005,0))),"")) | P913: =IF($D913="","",IFERROR(IF(INDEX(RUNS!$J$6:$J$1005,MATCH($D913,RUNS!$A$6:$A$1005,0))="","",INDEX(RUNS!$J$6:$J$1005,MATCH($D913,RUNS!$A$6:$A$1005,0))),"")) | Q913: =IF($D913="","",IFERROR(IF(INDEX(RUNS!$K$6:$K$1005,MATCH($D913,RUNS!$A$6:$A$1005,0))="","",INDEX(RUNS!$K$6:$K$1005,MATCH($D913,RUNS!$A$6:$A$1005,0))),"")) | R913: =IF(OR($L913="",$K913=""),"",IFERROR(IF(INDEX(PARAMETRES!$H$43:$H$342,MATCH($L913&"|"&$M913&"|"&$N913&"|"&$O913&"|"&$P913&"|"&$Q913&"|"&$K913,PARAMETRES!$J$43:$J$342,0))="","",INDEX(PARAMETRES!$H$43:$H$342,MATCH($L913&"|"&$M913&"|"&$N913&"|"&$O913&"|"&$P913&"|"&$Q913&"|"&$K913,PARAMETRES!$J$43:$J$342,0))),"")) | S913: =IF(OR($G913="",$X913<>"VALIDE"),"",IFERROR(LOOKUP(2,1/(($B13:$B912=$B913)*($G13:$G912=$G913)*($X13:$X912="VALIDE")),$C13:$C912),"")) | T913: =IF(OR($C913="",$S913=""),"",ROUND(($C913-$S913+IF($C913<$S913,1,0))*1440,0)) | U913: =IF(OR($H913="",$T913="",$T913<=0),"",$H913*60/$T913) | V913: =IF(OR($U913="",$R913="",$R913=0),"",$U913/$R913) | W913: =IF($G913="","",IF($X913="CONTEXTE INCOMPLET","CONTEXTE INCOMPLET",IF($X913="DOUBLON",StatutDoublon,IF($S913="",StatutInitial,IF($R913="",StatutStandardManquant,IF($V913="","DONNEES INSUFFISANTES",IF($V913>=SeuilConforme,StatutConforme,IF($V913>=SeuilSurveiller,StatutSurveiller,StatutSousStandard)))))))) | X913: =IF($G913="","",IF(OR($D913="",$E913="",$F913=""),"CONTEXTE INCOMPLET",IF(COUNTIFS($D13:$D912,$D913,$E13:$E912,$E913,$F13:$F912,$F913,$G13:$G912,$G913)>0,"DOUBLON","VALIDE")))
A914: =IF(OR($B914="",$G914=""),"",TEXT($B914,"YYYYMMDD")&"-"&SUBSTITUTE($E914," ","")&"-"&$F914&"-"&$G914) | J914: =IF($G914="","",IFERROR(INDEX(NomsEmployes,MATCH($G914,MatriculesEmployes,0)),"MATRICULE INCONNU")) | K914: =IF(OR($D914="",$F914=""),"",IFERROR(IF(INDEX(RUNS!$L$6:$S$1005,MATCH($D914,RUNS!$A$6:$A$1005,0),MATCH("ACTIVITÉ "&$F914,RUNS!$L$5:$S$5,0))="","",INDEX(RUNS!$L$6:$S$1005,MATCH($D914,RUNS!$A$6:$A$1005,0),MATCH("ACTIVITÉ "&$F914,RUNS!$L$5:$S$5,0))),"")) | L914: =IF($D914="","",IFERROR(IF(INDEX(RUNS!$E$6:$E$1005,MATCH($D914,RUNS!$A$6:$A$1005,0))="","",INDEX(RUNS!$E$6:$E$1005,MATCH($D914,RUNS!$A$6:$A$1005,0))),"")) | M914: =IF($D914="","",IFERROR(IF(INDEX(RUNS!$F$6:$F$1005,MATCH($D914,RUNS!$A$6:$A$1005,0))="","",INDEX(RUNS!$F$6:$F$1005,MATCH($D914,RUNS!$A$6:$A$1005,0))),"")) | N914: =IF($D914="","",IFERROR(IF(INDEX(RUNS!$G$6:$G$1005,MATCH($D914,RUNS!$A$6:$A$1005,0))="","",INDEX(RUNS!$G$6:$G$1005,MATCH($D914,RUNS!$A$6:$A$1005,0))),"")) | O914: =IF($D914="","",IFERROR(IF(INDEX(RUNS!$H$6:$H$1005,MATCH($D914,RUNS!$A$6:$A$1005,0))="","",INDEX(RUNS!$H$6:$H$1005,MATCH($D914,RUNS!$A$6:$A$1005,0))),"")) | P914: =IF($D914="","",IFERROR(IF(INDEX(RUNS!$J$6:$J$1005,MATCH($D914,RUNS!$A$6:$A$1005,0))="","",INDEX(RUNS!$J$6:$J$1005,MATCH($D914,RUNS!$A$6:$A$1005,0))),"")) | Q914: =IF($D914="","",IFERROR(IF(INDEX(RUNS!$K$6:$K$1005,MATCH($D914,RUNS!$A$6:$A$1005,0))="","",INDEX(RUNS!$K$6:$K$1005,MATCH($D914,RUNS!$A$6:$A$1005,0))),"")) | R914: =IF(OR($L914="",$K914=""),"",IFERROR(IF(INDEX(PARAMETRES!$H$43:$H$342,MATCH($L914&"|"&$M914&"|"&$N914&"|"&$O914&"|"&$P914&"|"&$Q914&"|"&$K914,PARAMETRES!$J$43:$J$342,0))="","",INDEX(PARAMETRES!$H$43:$H$342,MATCH($L914&"|"&$M914&"|"&$N914&"|"&$O914&"|"&$P914&"|"&$Q914&"|"&$K914,PARAMETRES!$J$43:$J$342,0))),"")) | S914: =IF(OR($G914="",$X914<>"VALIDE"),"",IFERROR(LOOKUP(2,1/(($B14:$B913=$B914)*($G14:$G913=$G914)*($X14:$X913="VALIDE")),$C14:$C913),"")) | T914: =IF(OR($C914="",$S914=""),"",ROUND(($C914-$S914+IF($C914<$S914,1,0))*1440,0)) | U914: =IF(OR($H914="",$T914="",$T914<=0),"",$H914*60/$T914) | V914: =IF(OR($U914="",$R914="",$R914=0),"",$U914/$R914) | W914: =IF($G914="","",IF($X914="CONTEXTE INCOMPLET","CONTEXTE INCOMPLET",IF($X914="DOUBLON",StatutDoublon,IF($S914="",StatutInitial,IF($R914="",StatutStandardManquant,IF($V914="","DONNEES INSUFFISANTES",IF($V914>=SeuilConforme,StatutConforme,IF($V914>=SeuilSurveiller,StatutSurveiller,StatutSousStandard)))))))) | X914: =IF($G914="","",IF(OR($D914="",$E914="",$F914=""),"CONTEXTE INCOMPLET",IF(COUNTIFS($D14:$D913,$D914,$E14:$E913,$E914,$F14:$F913,$F914,$G14:$G913,$G914)>0,"DOUBLON","VALIDE")))
A915: =IF(OR($B915="",$G915=""),"",TEXT($B915,"YYYYMMDD")&"-"&SUBSTITUTE($E915," ","")&"-"&$F915&"-"&$G915) | J915: =IF($G915="","",IFERROR(INDEX(NomsEmployes,MATCH($G915,MatriculesEmployes,0)),"MATRICULE INCONNU")) | K915: =IF(OR($D915="",$F915=""),"",IFERROR(IF(INDEX(RUNS!$L$6:$S$1005,MATCH($D915,RUNS!$A$6:$A$1005,0),MATCH("ACTIVITÉ "&$F915,RUNS!$L$5:$S$5,0))="","",INDEX(RUNS!$L$6:$S$1005,MATCH($D915,RUNS!$A$6:$A$1005,0),MATCH("ACTIVITÉ "&$F915,RUNS!$L$5:$S$5,0))),"")) | L915: =IF($D915="","",IFERROR(IF(INDEX(RUNS!$E$6:$E$1005,MATCH($D915,RUNS!$A$6:$A$1005,0))="","",INDEX(RUNS!$E$6:$E$1005,MATCH($D915,RUNS!$A$6:$A$1005,0))),"")) | M915: =IF($D915="","",IFERROR(IF(INDEX(RUNS!$F$6:$F$1005,MATCH($D915,RUNS!$A$6:$A$1005,0))="","",INDEX(RUNS!$F$6:$F$1005,MATCH($D915,RUNS!$A$6:$A$1005,0))),"")) | N915: =IF($D915="","",IFERROR(IF(INDEX(RUNS!$G$6:$G$1005,MATCH($D915,RUNS!$A$6:$A$1005,0))="","",INDEX(RUNS!$G$6:$G$1005,MATCH($D915,RUNS!$A$6:$A$1005,0))),"")) | O915: =IF($D915="","",IFERROR(IF(INDEX(RUNS!$H$6:$H$1005,MATCH($D915,RUNS!$A$6:$A$1005,0))="","",INDEX(RUNS!$H$6:$H$1005,MATCH($D915,RUNS!$A$6:$A$1005,0))),"")) | P915: =IF($D915="","",IFERROR(IF(INDEX(RUNS!$J$6:$J$1005,MATCH($D915,RUNS!$A$6:$A$1005,0))="","",INDEX(RUNS!$J$6:$J$1005,MATCH($D915,RUNS!$A$6:$A$1005,0))),"")) | Q915: =IF($D915="","",IFERROR(IF(INDEX(RUNS!$K$6:$K$1005,MATCH($D915,RUNS!$A$6:$A$1005,0))="","",INDEX(RUNS!$K$6:$K$1005,MATCH($D915,RUNS!$A$6:$A$1005,0))),"")) | R915: =IF(OR($L915="",$K915=""),"",IFERROR(IF(INDEX(PARAMETRES!$H$43:$H$342,MATCH($L915&"|"&$M915&"|"&$N915&"|"&$O915&"|"&$P915&"|"&$Q915&"|"&$K915,PARAMETRES!$J$43:$J$342,0))="","",INDEX(PARAMETRES!$H$43:$H$342,MATCH($L915&"|"&$M915&"|"&$N915&"|"&$O915&"|"&$P915&"|"&$Q915&"|"&$K915,PARAMETRES!$J$43:$J$342,0))),"")) | S915: =IF(OR($G915="",$X915<>"VALIDE"),"",IFERROR(LOOKUP(2,1/(($B15:$B914=$B915)*($G15:$G914=$G915)*($X15:$X914="VALIDE")),$C15:$C914),"")) | T915: =IF(OR($C915="",$S915=""),"",ROUND(($C915-$S915+IF($C915<$S915,1,0))*1440,0)) | U915: =IF(OR($H915="",$T915="",$T915<=0),"",$H915*60/$T915) | V915: =IF(OR($U915="",$R915="",$R915=0),"",$U915/$R915) | W915: =IF($G915="","",IF($X915="CONTEXTE INCOMPLET","CONTEXTE INCOMPLET",IF($X915="DOUBLON",StatutDoublon,IF($S915="",StatutInitial,IF($R915="",StatutStandardManquant,IF($V915="","DONNEES INSUFFISANTES",IF($V915>=SeuilConforme,StatutConforme,IF($V915>=SeuilSurveiller,StatutSurveiller,StatutSousStandard)))))))) | X915: =IF($G915="","",IF(OR($D915="",$E915="",$F915=""),"CONTEXTE INCOMPLET",IF(COUNTIFS($D15:$D914,$D915,$E15:$E914,$E915,$F15:$F914,$F915,$G15:$G914,$G915)>0,"DOUBLON","VALIDE")))
... A2003: =IF(OR($B2003="",$G2003=""),"",TEXT($B2003,"YYYYMMDD")&"-"&SUBSTITUTE($E2003," ","")&"-"&$F2003&"-"&$G2003) | J2003: =IF($G2003="","",IFERROR(INDEX(NomsEmployes,MATCH($G2003,MatriculesEmployes,0)),"MATRICULE INCONNU")) | K2003: =IF(OR($D2003="",$F2003=""),"",IFERROR(IF(INDEX(RUNS!$L$6:$S$1005,MATCH($D2003,RUNS!$A$6:$A$1005,0),MATCH("ACTIVITÉ "&$F2003,RUNS!$L$5:$S$5,0))="","",INDEX(RUNS!$L$6:$S$1005,MATCH($D2003,RUNS!$A$6:$A$1005,0),MATCH("ACTIVITÉ "&$F2003,RUNS!$L$5:$S$5,0))),"")) | L2003: =IF($D2003="","",IFERROR(IF(INDEX(RUNS!$E$6:$E$1005,MATCH($D2003,RUNS!$A$6:$A$1005,0))="","",INDEX(RUNS!$E$6:$E$1005,MATCH($D2003,RUNS!$A$6:$A$1005,0))),"")) | M2003: =IF($D2003="","",IFERROR(IF(INDEX(RUNS!$F$6:$F$1005,MATCH($D2003,RUNS!$A$6:$A$1005,0))="","",INDEX(RUNS!$F$6:$F$1005,MATCH($D2003,RUNS!$A$6:$A$1005,0))),"")) | N2003: =IF($D2003="","",IFERROR(IF(INDEX(RUNS!$G$6:$G$1005,MATCH($D2003,RUNS!$A$6:$A$1005,0))="","",INDEX(RUNS!$G$6:$G$1005,MATCH($D2003,RUNS!$A$6:$A$1005,0))),"")) | O2003: =IF($D2003="","",IFERROR(IF(INDEX(RUNS!$H$6:$H$1005,MATCH($D2003,RUNS!$A$6:$A$1005,0))="","",INDEX(RUNS!$H$6:$H$1005,MATCH($D2003,RUNS!$A$6:$A$1005,0))),"")) | P2003: =IF($D2003="","",IFERROR(IF(INDEX(RUNS!$J$6:$J$1005,MATCH($D2003,RUNS!$A$6:$A$1005,0))="","",INDEX(RUNS!$J$6:$J$1005,MATCH($D2003,RUNS!$A$6:$A$1005,0))),"")) | Q2003: =IF($D2003="","",IFERROR(IF(INDEX(RUNS!$K$6:$K$1005,MATCH($D2003,RUNS!$A$6:$A$1005,0))="","",INDEX(RUNS!$K$6:$K$1005,MATCH($D2003,RUNS!$A$6:$A$1005,0))),"")) | R2003: =IF(OR($L2003="",$K2003=""),"",IFERROR(IF(INDEX(PARAMETRES!$H$43:$H$342,MATCH($L2003&"|"&$M2003&"|"&$N2003&"|"&$O2003&"|"&$P2003&"|"&$Q2003&"|"&$K2003,PARAMETRES!$J$43:$J$342,0))="","",INDEX(PARAMETRES!$H$43:$H$342,MATCH($L2003&"|"&$M2003&"|"&$N2003&"|"&$O2003&"|"&$P2003&"|"&$Q2003&"|"&$K2003,PARAMETRES!$J$43:$J$342,0))),"")) | S2003: =IF(OR($G2003="",$X2003<>"VALIDE"),"",IFERROR(LOOKUP(2,1/(($B1103:$B2002=$B2003)*($G1103:$G2002=$G2003)*($X1103:$X2002="VALIDE")),$C1103:$C2002),"")) | T2003: =IF(OR($C2003="",$S2003=""),"",ROUND(($C2003-$S2003+IF($C2003<$S2003,1,0))*1440,0)) | U2003: =IF(OR($H2003="",$T2003="",$T2003<=0),"",$H2003*60/$T2003) | V2003: =IF(OR($U2003="",$R2003="",$R2003=0),"",$U2003/$R2003) | W2003: =IF($G2003="","",IF($X2003="CONTEXTE INCOMPLET","CONTEXTE INCOMPLET",IF($X2003="DOUBLON",StatutDoublon,IF($S2003="",StatutInitial,IF($R2003="",StatutStandardManquant,IF($V2003="","DONNEES INSUFFISANTES",IF($V2003>=SeuilConforme,StatutConforme,IF($V2003>=SeuilSurveiller,StatutSurveiller,StatutSousStandard)))))))) | X2003: =IF($G2003="","",IF(OR($D2003="",$E2003="",$F2003=""),"CONTEXTE INCOMPLET",IF(COUNTIFS($D1103:$D2002,$D2003,$E1103:$E2002,$E2003,$F1103:$F2002,$F2003,$G1103:$G2002,$G2003)>0,"DOUBLON","VALIDE")))

Sheet SYNTHESE CONTROLES
A1: SYNTHESE CONTROLES — PAR RUN ET PAR TOUR
A2: Choisir un ID RUN et un TOUR : les huit lignes se calculent seules. La cadence MO est une productivite ponderee (total boites / total heures-femmes mesurees), jamais une moyenne des cadences individuelles.
A3: SELECTION
A4: ID RUN | F4: DATE DU RUN | G4: =IF($C$4="","",IFERROR(IF(INDEX(RUNS!$B$6:$B$1005,MATCH($C$4,RUNS!$A$6:$A$1005,0))="","",INDEX(RUNS!$B$6:$B$1005,MATCH($C$4,RUNS!$A$6:$A$1005,0))),""))
A5: TOUR | F5: CONFIGURATION | G5: =IF($C$4="","",_xlfn.TEXTJOIN(" / ",TRUE,IFERROR(IF(INDEX(RUNS!$E$6:$E$1005,MATCH($C$4,RUNS!$A$6:$A$1005,0))="","",INDEX(RUNS!$E$6:$E$1005,MATCH($C$4,RUNS!$A$6:$A$1005,0))),""),IFERROR(IF(INDEX(RUNS!$F$6:$F$1005,MATCH($C$4,RUNS!$A$6:$A$1005,0))="","",INDEX(RUNS!$F$6:$F$1005,MATCH($C$4,RUNS!$A$6:$A$1005,0))),""),IFERROR(IF(INDEX(RUNS!$G$6:$G$1005,MATCH($C$4,RUNS!$A$6:$A$1005,0))="","",INDEX(RUNS!$G$6:$G$1005,MATCH($C$4,RUNS!$A$6:$A$1005,0))),""),IFERROR(IF(INDEX(RUNS!$H$6:$H$1005,MATCH($C$4,RUNS!$A$6:$A$1005,0))="","",INDEX(RUNS!$H$6:$H$1005,MATCH($C$4,RUNS!$A$6:$A$1005,0))),""),IFERROR(IF(INDEX(RUNS!$J$6:$J$1005,MATCH($C$4,RUNS!$A$6:$A$1005,0))="","",INDEX(RUNS!$J$6:$J$1005,MATCH($C$4,RUNS!$A$6:$A$1005,0))),""),IFERROR(IF(INDEX(RUNS!$K$6:$K$1005,MATCH($C$4,RUNS!$A$6:$A$1005,0))="","",INDEX(RUNS!$K$6:$K$1005,MATCH($C$4,RUNS!$A$6:$A$1005,0))),"")))
A7: SYNTHESE PAR LIGNE
A8: LIGNE | B8: ACTIVITÉ | C8: EFFECTIF PRESENT | D8: FEMMES CONTROLEES | E8: COUVERTURE % | F8: TOTAL BOITES CONTROLEES | G8: HEURES-FEMMES MESUREES | H8: CADENCE MO BOITES/H/FEMME | I8: STANDARD | J8: ATTEINTE % | K8: NB FEMMES CONFORMES | L8: NB FEMMES SOUS STANDARD | M8: CADENCE MIN | N8: CADENCE MAX
A9: L1 | B9: =IF($C$4="","",IFERROR(IF(INDEX(RUNS!$L$6:$S$1005,MATCH($C$4,RUNS!$A$6:$A$1005,0),MATCH("ACTIVITÉ "&$A9,RUNS!$L$5:$S$5,0))="","",INDEX(RUNS!$L$6:$S$1005,MATCH($C$4,RUNS!$A$6:$A$1005,0),MATCH("ACTIVITÉ "&$A9,RUNS!$L$5:$S$5,0))),"")) | C9: =IF($C$4="","",IF(_xlfn.MAXIFS('BASE CONTROLES'!$I$4:$I$50003,'BASE CONTROLES'!$D$4:$D$50003,$C$4,'BASE CONTROLES'!$E$4:$E$50003,$C$5,'BASE CONTROLES'!$F$4:$F$50003,$A9,'BASE CONTROLES'!$X$4:$X$50003,"VALIDE")=0,"",_xlfn.MAXIFS('BASE CONTROLES'!$I$4:$I$50003,'BASE CONTROLES'!$D$4:$D$50003,$C$4,'BASE CONTROLES'!$E$4:$E$50003,$C$5,'BASE CONTROLES'!$F$4:$F$50003,$A9,'BASE CONTROLES'!$X$4:$X$50003,"VALIDE"))) | D9: =IF($C$4="","",COUNTIFS('BASE CONTROLES'!$D$4:$D$50003,$C$4,'BASE CONTROLES'!$E$4:$E$50003,$C$5,'BASE CONTROLES'!$F$4:$F$50003,$A9,'BASE CONTROLES'!$X$4:$X$50003,"VALIDE")) | E9: =IF(OR($C9="",$C9=0,$D9=""),"",$D9/$C9) | F9: =IF($C$4="","",SUMIFS('BASE CONTROLES'!$H$4:$H$50003,'BASE CONTROLES'!$D$4:$D$50003,$C$4,'BASE CONTROLES'!$E$4:$E$50003,$C$5,'BASE CONTROLES'!$F$4:$F$50003,$A9,'BASE CONTROLES'!$X$4:$X$50003,"VALIDE")) | G9: =IF($C$4="","",SUMIFS('BASE CONTROLES'!$T$4:$T$50003,'BASE CONTROLES'!$D$4:$D$50003,$C$4,'BASE CONTROLES'!$E$4:$E$50003,$C$5,'BASE CONTROLES'!$F$4:$F$50003,$A9,'BASE CONTROLES'!$X$4:$X$50003,"VALIDE")/60) | H9: =IF(OR($G9="",$G9=0),"",$F9/$G9) | I9: =IF($C$4="","",IF(_xlfn.MAXIFS('BASE CONTROLES'!$R$4:$R$50003,'BASE CONTROLES'!$D$4:$D$50003,$C$4,'BASE CONTROLES'!$E$4:$E$50003,$C$5,'BASE CONTROLES'!$F$4:$F$50003,$A9,'BASE CONTROLES'!$X$4:$X$50003,"VALIDE")=0,"",_xlfn.MAXIFS('BASE CONTROLES'!$R$4:$R$50003,'BASE CONTROLES'!$D$4:$D$50003,$C$4,'BASE CONTROLES'!$E$4:$E$50003,$C$5,'BASE CONTROLES'!$F$4:$F$50003,$A9,'BASE CONTROLES'!$X$4:$X$50003,"VALIDE"))) | J9: =IF(OR($H9="",$I9="",$I9=0),"",$H9/$I9) | K9: =IF($C$4="","",COUNTIFS('BASE CONTROLES'!$D$4:$D$50003,$C$4,'BASE CONTROLES'!$E$4:$E$50003,$C$5,'BASE CONTROLES'!$F$4:$F$50003,$A9,'BASE CONTROLES'!$W$4:$W$50003,StatutConforme)) | L9: =IF($C$4="","",COUNTIFS('BASE CONTROLES'!$D$4:$D$50003,$C$4,'BASE CONTROLES'!$E$4:$E$50003,$C$5,'BASE CONTROLES'!$F$4:$F$50003,$A9,'BASE CONTROLES'!$W$4:$W$50003,StatutSousStandard)) | M9: =IF(COUNTIFS('BASE CONTROLES'!$D$4:$D$50003,$C$4,'BASE CONTROLES'!$E$4:$E$50003,$C$5,'BASE CONTROLES'!$F$4:$F$50003,$A9,'BASE CONTROLES'!$X$4:$X$50003,"VALIDE",'BASE CONTROLES'!$U$4:$U$50003,">0")=0,"",_xlfn.MINIFS('BASE CONTROLES'!$U$4:$U$50003,'BASE CONTROLES'!$D$4:$D$50003,$C$4,'BASE CONTROLES'!$E$4:$E$50003,$C$5,'BASE CONTROLES'!$F$4:$F$50003,$A9,'BASE CONTROLES'!$X$4:$X$50003,"VALIDE",'BASE CONTROLES'!$U$4:$U$50003,">0")) | N9: =IF(COUNTIFS('BASE CONTROLES'!$D$4:$D$50003,$C$4,'BASE CONTROLES'!$E$4:$E$50003,$C$5,'BASE CONTROLES'!$F$4:$F$50003,$A9,'BASE CONTROLES'!$X$4:$X$50003,"VALIDE",'BASE CONTROLES'!$U$4:$U$50003,">0")=0,"",_xlfn.MAXIFS('BASE CONTROLES'!$U$4:$U$50003,'BASE CONTROLES'!$D$4:$D$50003,$C$4,'BASE CONTROLES'!$E$4:$E$50003,$C$5,'BASE CONTROLES'!$F$4:$F$50003,$A9,'BASE CONTROLES'!$X$4:$X$50003,"VALIDE",'BASE CONTROLES'!$U$4:$U$50003,">0"))
A10: L2 | B10: =IF($C$4="","",IFERROR(IF(INDEX(RUNS!$L$6:$S$1005,MATCH($C$4,RUNS!$A$6:$A$1005,0),MATCH("ACTIVITÉ "&$A10,RUNS!$L$5:$S$5,0))="","",INDEX(RUNS!$L$6:$S$1005,MATCH($C$4,RUNS!$A$6:$A$1005,0),MATCH("ACTIVITÉ "&$A10,RUNS!$L$5:$S$5,0))),"")) | C10: =IF($C$4="","",IF(_xlfn.MAXIFS('BASE CONTROLES'!$I$4:$I$50003,'BASE CONTROLES'!$D$4:$D$50003,$C$4,'BASE CONTROLES'!$E$4:$E$50003,$C$5,'BASE CONTROLES'!$F$4:$F$50003,$A10,'BASE CONTROLES'!$X$4:$X$50003,"VALIDE")=0,"",_xlfn.MAXIFS('BASE CONTROLES'!$I$4:$I$50003,'BASE CONTROLES'!$D$4:$D$50003,$C$4,'BASE CONTROLES'!$E$4:$E$50003,$C$5,'BASE CONTROLES'!$F$4:$F$50003,$A10,'BASE CONTROLES'!$X$4:$X$50003,"VALIDE"))) | D10: =IF($C$4="","",COUNTIFS('BASE CONTROLES'!$D$4:$D$50003,$C$4,'BASE CONTROLES'!$E$4:$E$50003,$C$5,'BASE CONTROLES'!$F$4:$F$50003,$A10,'BASE CONTROLES'!$X$4:$X$50003,"VALIDE")) | E10: =IF(OR($C10="",$C10=0,$D10=""),"",$D10/$C10) | F10: =IF($C$4="","",SUMIFS('BASE CONTROLES'!$H$4:$H$50003,'BASE CONTROLES'!$D$4:$D$50003,$C$4,'BASE CONTROLES'!$E$4:$E$50003,$C$5,'BASE CONTROLES'!$F$4:$F$50003,$A10,'BASE CONTROLES'!$X$4:$X$50003,"VALIDE")) | G10: =IF($C$4="","",SUMIFS('BASE CONTROLES'!$T$4:$T$50003,'BASE CONTROLES'!$D$4:$D$50003,$C$4,'BASE CONTROLES'!$E$4:$E$50003,$C$5,'BASE CONTROLES'!$F$4:$F$50003,$A10,'BASE CONTROLES'!$X$4:$X$50003,"VALIDE")/60) | H10: =IF(OR($G10="",$G10=0),"",$F10/$G10) | I10: =IF($C$4="","",IF(_xlfn.MAXIFS('BASE CONTROLES'!$R$4:$R$50003,'BASE CONTROLES'!$D$4:$D$50003,$C$4,'BASE CONTROLES'!$E$4:$E$50003,$C$5,'BASE CONTROLES'!$F$4:$F$50003,$A10,'BASE CONTROLES'!$X$4:$X$50003,"VALIDE")=0,"",_xlfn.MAXIFS('BASE CONTROLES'!$R$4:$R$50003,'BASE CONTROLES'!$D$4:$D$50003,$C$4,'BASE CONTROLES'!$E$4:$E$50003,$C$5,'BASE CONTROLES'!$F$4:$F$50003,$A10,'BASE CONTROLES'!$X$4:$X$50003,"VALIDE"))) | J10: =IF(OR($H10="",$I10="",$I10=0),"",$H10/$I10) | K10: =IF($C$4="","",COUNTIFS('BASE CONTROLES'!$D$4:$D$50003,$C$4,'BASE CONTROLES'!$E$4:$E$50003,$C$5,'BASE CONTROLES'!$F$4:$F$50003,$A10,'BASE CONTROLES'!$W$4:$W$50003,StatutConforme)) | L10: =IF($C$4="","",COUNTIFS('BASE CONTROLES'!$D$4:$D$50003,$C$4,'BASE CONTROLES'!$E$4:$E$50003,$C$5,'BASE CONTROLES'!$F$4:$F$50003,$A10,'BASE CONTROLES'!$W$4:$W$50003,StatutSousStandard)) | M10: =IF(COUNTIFS('BASE CONTROLES'!$D$4:$D$50003,$C$4,'BASE CONTROLES'!$E$4:$E$50003,$C$5,'BASE CONTROLES'!$F$4:$F$50003,$A10,'BASE CONTROLES'!$X$4:$X$50003,"VALIDE",'BASE CONTROLES'!$U$4:$U$50003,">0")=0,"",_xlfn.MINIFS('BASE CONTROLES'!$U$4:$U$50003,'BASE CONTROLES'!$D$4:$D$50003,$C$4,'BASE CONTROLES'!$E$4:$E$50003,$C$5,'BASE CONTROLES'!$F$4:$F$50003,$A10,'BASE CONTROLES'!$X$4:$X$50003,"VALIDE",'BASE CONTROLES'!$U$4:$U$50003,">0")) | N10: =IF(COUNTIFS('BASE CONTROLES'!$D$4:$D$50003,$C$4,'BASE CONTROLES'!$E$4:$E$50003,$C$5,'BASE CONTROLES'!$F$4:$F$50003,$A10,'BASE CONTROLES'!$X$4:$X$50003,"VALIDE",'BASE CONTROLES'!$U$4:$U$50003,">0")=0,"",_xlfn.MAXIFS('BASE CONTROLES'!$U$4:$U$50003,'BASE CONTROLES'!$D$4:$D$50003,$C$4,'BASE CONTROLES'!$E$4:$E$50003,$C$5,'BASE CONTROLES'!$F$4:$F$50003,$A10,'BASE CONTROLES'!$X$4:$X$50003,"VALIDE",'BASE CONTROLES'!$U$4:$U$50003,">0"))
A11: L3 | B11: =IF($C$4="","",IFERROR(IF(INDEX(RUNS!$L$6:$S$1005,MATCH($C$4,RUNS!$A$6:$A$1005,0),MATCH("ACTIVITÉ "&$A11,RUNS!$L$5:$S$5,0))="","",INDEX(RUNS!$L$6:$S$1005,MATCH($C$4,RUNS!$A$6:$A$1005,0),MATCH("ACTIVITÉ "&$A11,RUNS!$L$5:$S$5,0))),"")) | C11: =IF($C$4="","",IF(_xlfn.MAXIFS('BASE CONTROLES'!$I$4:$I$50003,'BASE CONTROLES'!$D$4:$D$50003,$C$4,'BASE CONTROLES'!$E$4:$E$50003,$C$5,'BASE CONTROLES'!$F$4:$F$50003,$A11,'BASE CONTROLES'!$X$4:$X$50003,"VALIDE")=0,"",_xlfn.MAXIFS('BASE CONTROLES'!$I$4:$I$50003,'BASE CONTROLES'!$D$4:$D$50003,$C$4,'BASE CONTROLES'!$E$4:$E$50003,$C$5,'BASE CONTROLES'!$F$4:$F$50003,$A11,'BASE CONTROLES'!$X$4:$X$50003,"VALIDE"))) | D11: =IF($C$4="","",COUNTIFS('BASE CONTROLES'!$D$4:$D$50003,$C$4,'BASE CONTROLES'!$E$4:$E$50003,$C$5,'BASE CONTROLES'!$F$4:$F$50003,$A11,'BASE CONTROLES'!$X$4:$X$50003,"VALIDE")) | E11: =IF(OR($C11="",$C11=0,$D11=""),"",$D11/$C11) | F11: =IF($C$4="","",SUMIFS('BASE CONTROLES'!$H$4:$H$50003,'BASE CONTROLES'!$D$4:$D$50003,$C$4,'BASE CONTROLES'!$E$4:$E$50003,$C$5,'BASE CONTROLES'!$F$4:$F$50003,$A11,'BASE CONTROLES'!$X$4:$X$50003,"VALIDE")) | G11: =IF($C$4="","",SUMIFS('BASE CONTROLES'!$T$4:$T$50003,'BASE CONTROLES'!$D$4:$D$50003,$C$4,'BASE CONTROLES'!$E$4:$E$50003,$C$5,'BASE CONTROLES'!$F$4:$F$50003,$A11,'BASE CONTROLES'!$X$4:$X$50003,"VALIDE")/60) | H11: =IF(OR($G11="",$G11=0),"",$F11/$G11) | I11: =IF($C$4="","",IF(_xlfn.MAXIFS('BASE CONTROLES'!$R$4:$R$50003,'BASE CONTROLES'!$D$4:$D$50003,$C$4,'BASE CONTROLES'!$E$4:$E$50003,$C$5,'BASE CONTROLES'!$F$4:$F$50003,$A11,'BASE CONTROLES'!$X$4:$X$50003,"VALIDE")=0,"",_xlfn.MAXIFS('BASE CONTROLES'!$R$4:$R$50003,'BASE CONTROLES'!$D$4:$D$50003,$C$4,'BASE CONTROLES'!$E$4:$E$50003,$C$5,'BASE CONTROLES'!$F$4:$F$50003,$A11,'BASE CONTROLES'!$X$4:$X$50003,"VALIDE"))) | J11: =IF(OR($H11="",$I11="",$I11=0),"",$H11/$I11) | K11: =IF($C$4="","",COUNTIFS('BASE CONTROLES'!$D$4:$D$50003,$C$4,'BASE CONTROLES'!$E$4:$E$50003,$C$5,'BASE CONTROLES'!$F$4:$F$50003,$A11,'BASE CONTROLES'!$W$4:$W$50003,StatutConforme)) | L11: =IF($C$4="","",COUNTIFS('BASE CONTROLES'!$D$4:$D$50003,$C$4,'BASE CONTROLES'!$E$4:$E$50003,$C$5,'BASE CONTROLES'!$F$4:$F$50003,$A11,'BASE CONTROLES'!$W$4:$W$50003,StatutSousStandard)) | M11: =IF(COUNTIFS('BASE CONTROLES'!$D$4:$D$50003,$C$4,'BASE CONTROLES'!$E$4:$E$50003,$C$5,'BASE CONTROLES'!$F$4:$F$50003,$A11,'BASE CONTROLES'!$X$4:$X$50003,"VALIDE",'BASE CONTROLES'!$U$4:$U$50003,">0")=0,"",_xlfn.MINIFS('BASE CONTROLES'!$U$4:$U$50003,'BASE CONTROLES'!$D$4:$D$50003,$C$4,'BASE CONTROLES'!$E$4:$E$50003,$C$5,'BASE CONTROLES'!$F$4:$F$50003,$A11,'BASE CONTROLES'!$X$4:$X$50003,"VALIDE",'BASE CONTROLES'!$U$4:$U$50003,">0")) | N11: =IF(COUNTIFS('BASE CONTROLES'!$D$4:$D$50003,$C$4,'BASE CONTROLES'!$E$4:$E$50003,$C$5,'BASE CONTROLES'!$F$4:$F$50003,$A11,'BASE CONTROLES'!$X$4:$X$50003,"VALIDE",'BASE CONTROLES'!$U$4:$U$50003,">0")=0,"",_xlfn.MAXIFS('BASE CONTROLES'!$U$4:$U$50003,'BASE CONTROLES'!$D$4:$D$50003,$C$4,'BASE CONTROLES'!$E$4:$E$50003,$C$5,'BASE CONTROLES'!$F$4:$F$50003,$A11,'BASE CONTROLES'!$X$4:$X$50003,"VALIDE",'BASE CONTROLES'!$U$4:$U$50003,">0"))
A12: L4 | B12: =IF($C$4="","",IFERROR(IF(INDEX(RUNS!$L$6:$S$1005,MATCH($C$4,RUNS!$A$6:$A$1005,0),MATCH("ACTIVITÉ "&$A12,RUNS!$L$5:$S$5,0))="","",INDEX(RUNS!$L$6:$S$1005,MATCH($C$4,RUNS!$A$6:$A$1005,0),MATCH("ACTIVITÉ "&$A12,RUNS!$L$5:$S$5,0))),"")) | C12: =IF($C$4="","",IF(_xlfn.MAXIFS('BASE CONTROLES'!$I$4:$I$50003,'BASE CONTROLES'!$D$4:$D$50003,$C$4,'BASE CONTROLES'!$E$4:$E$50003,$C$5,'BASE CONTROLES'!$F$4:$F$50003,$A12,'BASE CONTROLES'!$X$4:$X$50003,"VALIDE")=0,"",_xlfn.MAXIFS('BASE CONTROLES'!$I$4:$I$50003,'BASE CONTROLES'!$D$4:$D$50003,$C$4,'BASE CONTROLES'!$E$4:$E$50003,$C$5,'BASE CONTROLES'!$F$4:$F$50003,$A12,'BASE CONTROLES'!$X$4:$X$50003,"VALIDE"))) | D12: =IF($C$4="","",COUNTIFS('BASE CONTROLES'!$D$4:$D$50003,$C$4,'BASE CONTROLES'!$E$4:$E$50003,$C$5,'BASE CONTROLES'!$F$4:$F$50003,$A12,'BASE CONTROLES'!$X$4:$X$50003,"VALIDE")) | E12: =IF(OR($C12="",$C12=0,$D12=""),"",$D12/$C12) | F12: =IF($C$4="","",SUMIFS('BASE CONTROLES'!$H$4:$H$50003,'BASE CONTROLES'!$D$4:$D$50003,$C$4,'BASE CONTROLES'!$E$4:$E$50003,$C$5,'BASE CONTROLES'!$F$4:$F$50003,$A12,'BASE CONTROLES'!$X$4:$X$50003,"VALIDE")) | G12: =IF($C$4="","",SUMIFS('BASE CONTROLES'!$T$4:$T$50003,'BASE CONTROLES'!$D$4:$D$50003,$C$4,'BASE CONTROLES'!$E$4:$E$50003,$C$5,'BASE CONTROLES'!$F$4:$F$50003,$A12,'BASE CONTROLES'!$X$4:$X$50003,"VALIDE")/60) | H12: =IF(OR($G12="",$G12=0),"",$F12/$G12) | I12: =IF($C$4="","",IF(_xlfn.MAXIFS('BASE CONTROLES'!$R$4:$R$50003,'BASE CONTROLES'!$D$4:$D$50003,$C$4,'BASE CONTROLES'!$E$4:$E$50003,$C$5,'BASE CONTROLES'!$F$4:$F$50003,$A12,'BASE CONTROLES'!$X$4:$X$50003,"VALIDE")=0,"",_xlfn.MAXIFS('BASE CONTROLES'!$R$4:$R$50003,'BASE CONTROLES'!$D$4:$D$50003,$C$4,'BASE CONTROLES'!$E$4:$E$50003,$C$5,'BASE CONTROLES'!$F$4:$F$50003,$A12,'BASE CONTROLES'!$X$4:$X$50003,"VALIDE"))) | J12: =IF(OR($H12="",$I12="",$I12=0),"",$H12/$I12) | K12: =IF($C$4="","",COUNTIFS('BASE CONTROLES'!$D$4:$D$50003,$C$4,'BASE CONTROLES'!$E$4:$E$50003,$C$5,'BASE CONTROLES'!$F$4:$F$50003,$A12,'BASE CONTROLES'!$W$4:$W$50003,StatutConforme)) | L12: =IF($C$4="","",COUNTIFS('BASE CONTROLES'!$D$4:$D$50003,$C$4,'BASE CONTROLES'!$E$4:$E$50003,$C$5,'BASE CONTROLES'!$F$4:$F$50003,$A12,'BASE CONTROLES'!$W$4:$W$50003,StatutSousStandard)) | M12: =IF(COUNTIFS('BASE CONTROLES'!$D$4:$D$50003,$C$4,'BASE CONTROLES'!$E$4:$E$50003,$C$5,'BASE CONTROLES'!$F$4:$F$50003,$A12,'BASE CONTROLES'!$X$4:$X$50003,"VALIDE",'BASE CONTROLES'!$U$4:$U$50003,">0")=0,"",_xlfn.MINIFS('BASE CONTROLES'!$U$4:$U$50003,'BASE CONTROLES'!$D$4:$D$50003,$C$4,'BASE CONTROLES'!$E$4:$E$50003,$C$5,'BASE CONTROLES'!$F$4:$F$50003,$A12,'BASE CONTROLES'!$X$4:$X$50003,"VALIDE",'BASE CONTROLES'!$U$4:$U$50003,">0")) | N12: =IF(COUNTIFS('BASE CONTROLES'!$D$4:$D$50003,$C$4,'BASE CONTROLES'!$E$4:$E$50003,$C$5,'BASE CONTROLES'!$F$4:$F$50003,$A12,'BASE CONTROLES'!$X$4:$X$50003,"VALIDE",'BASE CONTROLES'!$U$4:$U$50003,">0")=0,"",_xlfn.MAXIFS('BASE CONTROLES'!$U$4:$U$50003,'BASE CONTROLES'!$D$4:$D$50003,$C$4,'BASE CONTROLES'!$E$4:$E$50003,$C$5,'BASE CONTROLES'!$F$4:$F$50003,$A12,'BASE CONTROLES'!$X$4:$X$50003,"VALIDE",'BASE CONTROLES'!$U$4:$U$50003,">0"))
A13: L5 | B13: =IF($C$4="","",IFERROR(IF(INDEX(RUNS!$L$6:$S$1005,MATCH($C$4,RUNS!$A$6:$A$1005,0),MATCH("ACTIVITÉ "&$A13,RUNS!$L$5:$S$5,0))="","",INDEX(RUNS!$L$6:$S$1005,MATCH($C$4,RUNS!$A$6:$A$1005,0),MATCH("ACTIVITÉ "&$A13,RUNS!$L$5:$S$5,0))),"")) | C13: =IF($C$4="","",IF(_xlfn.MAXIFS('BASE CONTROLES'!$I$4:$I$50003,'BASE CONTROLES'!$D$4:$D$50003,$C$4,'BASE CONTROLES'!$E$4:$E$50003,$C$5,'BASE CONTROLES'!$F$4:$F$50003,$A13,'BASE CONTROLES'!$X$4:$X$50003,"VALIDE")=0,"",_xlfn.MAXIFS('BASE CONTROLES'!$I$4:$I$50003,'BASE CONTROLES'!$D$4:$D$50003,$C$4,'BASE CONTROLES'!$E$4:$E$50003,$C$5,'BASE CONTROLES'!$F$4:$F$50003,$A13,'BASE CONTROLES'!$X$4:$X$50003,"VALIDE"))) | D13: =IF($C$4="","",COUNTIFS('BASE CONTROLES'!$D$4:$D$50003,$C$4,'BASE CONTROLES'!$E$4:$E$50003,$C$5,'BASE CONTROLES'!$F$4:$F$50003,$A13,'BASE CONTROLES'!$X$4:$X$50003,"VALIDE")) | E13: =IF(OR($C13="",$C13=0,$D13=""),"",$D13/$C13) | F13: =IF($C$4="","",SUMIFS('BASE CONTROLES'!$H$4:$H$50003,'BASE CONTROLES'!$D$4:$D$50003,$C$4,'BASE CONTROLES'!$E$4:$E$50003,$C$5,'BASE CONTROLES'!$F$4:$F$50003,$A13,'BASE CONTROLES'!$X$4:$X$50003,"VALIDE")) | G13: =IF($C$4="","",SUMIFS('BASE CONTROLES'!$T$4:$T$50003,'BASE CONTROLES'!$D$4:$D$50003,$C$4,'BASE CONTROLES'!$E$4:$E$50003,$C$5,'BASE CONTROLES'!$F$4:$F$50003,$A13,'BASE CONTROLES'!$X$4:$X$50003,"VALIDE")/60) | H13: =IF(OR($G13="",$G13=0),"",$F13/$G13) | I13: =IF($C$4="","",IF(_xlfn.MAXIFS('BASE CONTROLES'!$R$4:$R$50003,'BASE CONTROLES'!$D$4:$D$50003,$C$4,'BASE CONTROLES'!$E$4:$E$50003,$C$5,'BASE CONTROLES'!$F$4:$F$50003,$A13,'BASE CONTROLES'!$X$4:$X$50003,"VALIDE")=0,"",_xlfn.MAXIFS('BASE CONTROLES'!$R$4:$R$50003,'BASE CONTROLES'!$D$4:$D$50003,$C$4,'BASE CONTROLES'!$E$4:$E$50003,$C$5,'BASE CONTROLES'!$F$4:$F$50003,$A13,'BASE CONTROLES'!$X$4:$X$50003,"VALIDE"))) | J13: =IF(OR($H13="",$I13="",$I13=0),"",$H13/$I13) | K13: =IF($C$4="","",COUNTIFS('BASE CONTROLES'!$D$4:$D$50003,$C$4,'BASE CONTROLES'!$E$4:$E$50003,$C$5,'BASE CONTROLES'!$F$4:$F$50003,$A13,'BASE CONTROLES'!$W$4:$W$50003,StatutConforme)) | L13: =IF($C$4="","",COUNTIFS('BASE CONTROLES'!$D$4:$D$50003,$C$4,'BASE CONTROLES'!$E$4:$E$50003,$C$5,'BASE CONTROLES'!$F$4:$F$50003,$A13,'BASE CONTROLES'!$W$4:$W$50003,StatutSousStandard)) | M13: =IF(COUNTIFS('BASE CONTROLES'!$D$4:$D$50003,$C$4,'BASE CONTROLES'!$E$4:$E$50003,$C$5,'BASE CONTROLES'!$F$4:$F$50003,$A13,'BASE CONTROLES'!$X$4:$X$50003,"VALIDE",'BASE CONTROLES'!$U$4:$U$50003,">0")=0,"",_xlfn.MINIFS('BASE CONTROLES'!$U$4:$U$50003,'BASE CONTROLES'!$D$4:$D$50003,$C$4,'BASE CONTROLES'!$E$4:$E$50003,$C$5,'BASE CONTROLES'!$F$4:$F$50003,$A13,'BASE CONTROLES'!$X$4:$X$50003,"VALIDE",'BASE CONTROLES'!$U$4:$U$50003,">0")) | N13: =IF(COUNTIFS('BASE CONTROLES'!$D$4:$D$50003,$C$4,'BASE CONTROLES'!$E$4:$E$50003,$C$5,'BASE CONTROLES'!$F$4:$F$50003,$A13,'BASE CONTROLES'!$X$4:$X$50003,"VALIDE",'BASE CONTROLES'!$U$4:$U$50003,">0")=0,"",_xlfn.MAXIFS('BASE CONTROLES'!$U$4:$U$50003,'BASE CONTROLES'!$D$4:$D$50003,$C$4,'BASE CONTROLES'!$E$4:$E$50003,$C$5,'BASE CONTROLES'!$F$4:$F$50003,$A13,'BASE CONTROLES'!$X$4:$X$50003,"VALIDE",'BASE CONTROLES'!$U$4:$U$50003,">0"))
A14: L6 | B14: =IF($C$4="","",IFERROR(IF(INDEX(RUNS!$L$6:$S$1005,MATCH($C$4,RUNS!$A$6:$A$1005,0),MATCH("ACTIVITÉ "&$A14,RUNS!$L$5:$S$5,0))="","",INDEX(RUNS!$L$6:$S$1005,MATCH($C$4,RUNS!$A$6:$A$1005,0),MATCH("ACTIVITÉ "&$A14,RUNS!$L$5:$S$5,0))),"")) | C14: =IF($C$4="","",IF(_xlfn.MAXIFS('BASE CONTROLES'!$I$4:$I$50003,'BASE CONTROLES'!$D$4:$D$50003,$C$4,'BASE CONTROLES'!$E$4:$E$50003,$C$5,'BASE CONTROLES'!$F$4:$F$50003,$A14,'BASE CONTROLES'!$X$4:$X$50003,"VALIDE")=0,"",_xlfn.MAXIFS('BASE CONTROLES'!$I$4:$I$50003,'BASE CONTROLES'!$D$4:$D$50003,$C$4,'BASE CONTROLES'!$E$4:$E$50003,$C$5,'BASE CONTROLES'!$F$4:$F$50003,$A14,'BASE CONTROLES'!$X$4:$X$50003,"VALIDE"))) | D14: =IF($C$4="","",COUNTIFS('BASE CONTROLES'!$D$4:$D$50003,$C$4,'BASE CONTROLES'!$E$4:$E$50003,$C$5,'BASE CONTROLES'!$F$4:$F$50003,$A14,'BASE CONTROLES'!$X$4:$X$50003,"VALIDE")) | E14: =IF(OR($C14="",$C14=0,$D14=""),"",$D14/$C14) | F14: =IF($C$4="","",SUMIFS('BASE CONTROLES'!$H$4:$H$50003,'BASE CONTROLES'!$D$4:$D$50003,$C$4,'BASE CONTROLES'!$E$4:$E$50003,$C$5,'BASE CONTROLES'!$F$4:$F$50003,$A14,'BASE CONTROLES'!$X$4:$X$50003,"VALIDE")) | G14: =IF($C$4="","",SUMIFS('BASE CONTROLES'!$T$4:$T$50003,'BASE CONTROLES'!$D$4:$D$50003,$C$4,'BASE CONTROLES'!$E$4:$E$50003,$C$5,'BASE CONTROLES'!$F$4:$F$50003,$A14,'BASE CONTROLES'!$X$4:$X$50003,"VALIDE")/60) | H14: =IF(OR($G14="",$G14=0),"",$F14/$G14) | I14: =IF($C$4="","",IF(_xlfn.MAXIFS('BASE CONTROLES'!$R$4:$R$50003,'BASE CONTROLES'!$D$4:$D$50003,$C$4,'BASE CONTROLES'!$E$4:$E$50003,$C$5,'BASE CONTROLES'!$F$4:$F$50003,$A14,'BASE CONTROLES'!$X$4:$X$50003,"VALIDE")=0,"",_xlfn.MAXIFS('BASE CONTROLES'!$R$4:$R$50003,'BASE CONTROLES'!$D$4:$D$50003,$C$4,'BASE CONTROLES'!$E$4:$E$50003,$C$5,'BASE CONTROLES'!$F$4:$F$50003,$A14,'BASE CONTROLES'!$X$4:$X$50003,"VALIDE"))) | J14: =IF(OR($H14="",$I14="",$I14=0),"",$H14/$I14) | K14: =IF($C$4="","",COUNTIFS('BASE CONTROLES'!$D$4:$D$50003,$C$4,'BASE CONTROLES'!$E$4:$E$50003,$C$5,'BASE CONTROLES'!$F$4:$F$50003,$A14,'BASE CONTROLES'!$W$4:$W$50003,StatutConforme)) | L14: =IF($C$4="","",COUNTIFS('BASE CONTROLES'!$D$4:$D$50003,$C$4,'BASE CONTROLES'!$E$4:$E$50003,$C$5,'BASE CONTROLES'!$F$4:$F$50003,$A14,'BASE CONTROLES'!$W$4:$W$50003,StatutSousStandard)) | M14: =IF(COUNTIFS('BASE CONTROLES'!$D$4:$D$50003,$C$4,'BASE CONTROLES'!$E$4:$E$50003,$C$5,'BASE CONTROLES'!$F$4:$F$50003,$A14,'BASE CONTROLES'!$X$4:$X$50003,"VALIDE",'BASE CONTROLES'!$U$4:$U$50003,">0")=0,"",_xlfn.MINIFS('BASE CONTROLES'!$U$4:$U$50003,'BASE CONTROLES'!$D$4:$D$50003,$C$4,'BASE CONTROLES'!$E$4:$E$50003,$C$5,'BASE CONTROLES'!$F$4:$F$50003,$A14,'BASE CONTROLES'!$X$4:$X$50003,"VALIDE",'BASE CONTROLES'!$U$4:$U$50003,">0")) | N14: =IF(COUNTIFS('BASE CONTROLES'!$D$4:$D$50003,$C$4,'BASE CONTROLES'!$E$4:$E$50003,$C$5,'BASE CONTROLES'!$F$4:$F$50003,$A14,'BASE CONTROLES'!$X$4:$X$50003,"VALIDE",'BASE CONTROLES'!$U$4:$U$50003,">0")=0,"",_xlfn.MAXIFS('BASE CONTROLES'!$U$4:$U$50003,'BASE CONTROLES'!$D$4:$D$50003,$C$4,'BASE CONTROLES'!$E$4:$E$50003,$C$5,'BASE CONTROLES'!$F$4:$F$50003,$A14,'BASE CONTROLES'!$X$4:$X$50003,"VALIDE",'BASE CONTROLES'!$U$4:$U$50003,">0"))
A15: L7 | B15: =IF($C$4="","",IFERROR(IF(INDEX(RUNS!$L$6:$S$1005,MATCH($C$4,RUNS!$A$6:$A$1005,0),MATCH("ACTIVITÉ "&$A15,RUNS!$L$5:$S$5,0))="","",INDEX(RUNS!$L$6:$S$1005,MATCH($C$4,RUNS!$A$6:$A$1005,0),MATCH("ACTIVITÉ "&$A15,RUNS!$L$5:$S$5,0))),"")) | C15: =IF($C$4="","",IF(_xlfn.MAXIFS('BASE CONTROLES'!$I$4:$I$50003,'BASE CONTROLES'!$D$4:$D$50003,$C$4,'BASE CONTROLES'!$E$4:$E$50003,$C$5,'BASE CONTROLES'!$F$4:$F$50003,$A15,'BASE CONTROLES'!$X$4:$X$50003,"VALIDE")=0,"",_xlfn.MAXIFS('BASE CONTROLES'!$I$4:$I$50003,'BASE CONTROLES'!$D$4:$D$50003,$C$4,'BASE CONTROLES'!$E$4:$E$50003,$C$5,'BASE CONTROLES'!$F$4:$F$50003,$A15,'BASE CONTROLES'!$X$4:$X$50003,"VALIDE"))) | D15: =IF($C$4="","",COUNTIFS('BASE CONTROLES'!$D$4:$D$50003,$C$4,'BASE CONTROLES'!$E$4:$E$50003,$C$5,'BASE CONTROLES'!$F$4:$F$50003,$A15,'BASE CONTROLES'!$X$4:$X$50003,"VALIDE")) | E15: =IF(OR($C15="",$C15=0,$D15=""),"",$D15/$C15) | F15: =IF($C$4="","",SUMIFS('BASE CONTROLES'!$H$4:$H$50003,'BASE CONTROLES'!$D$4:$D$50003,$C$4,'BASE CONTROLES'!$E$4:$E$50003,$C$5,'BASE CONTROLES'!$F$4:$F$50003,$A15,'BASE CONTROLES'!$X$4:$X$50003,"VALIDE")) | G15: =IF($C$4="","",SUMIFS('BASE CONTROLES'!$T$4:$T$50003,'BASE CONTROLES'!$D$4:$D$50003,$C$4,'BASE CONTROLES'!$E$4:$E$50003,$C$5,'BASE CONTROLES'!$F$4:$F$50003,$A15,'BASE CONTROLES'!$X$4:$X$50003,"VALIDE")/60) | H15: =IF(OR($G15="",$G15=0),"",$F15/$G15) | I15: =IF($C$4="","",IF(_xlfn.MAXIFS('BASE CONTROLES'!$R$4:$R$50003,'BASE CONTROLES'!$D$4:$D$50003,$C$4,'BASE CONTROLES'!$E$4:$E$50003,$C$5,'BASE CONTROLES'!$F$4:$F$50003,$A15,'BASE CONTROLES'!$X$4:$X$50003,"VALIDE")=0,"",_xlfn.MAXIFS('BASE CONTROLES'!$R$4:$R$50003,'BASE CONTROLES'!$D$4:$D$50003,$C$4,'BASE CONTROLES'!$E$4:$E$50003,$C$5,'BASE CONTROLES'!$F$4:$F$50003,$A15,'BASE CONTROLES'!$X$4:$X$50003,"VALIDE"))) | J15: =IF(OR($H15="",$I15="",$I15=0),"",$H15/$I15) | K15: =IF($C$4="","",COUNTIFS('BASE CONTROLES'!$D$4:$D$50003,$C$4,'BASE CONTROLES'!$E$4:$E$50003,$C$5,'BASE CONTROLES'!$F$4:$F$50003,$A15,'BASE CONTROLES'!$W$4:$W$50003,StatutConforme)) | L15: =IF($C$4="","",COUNTIFS('BASE CONTROLES'!$D$4:$D$50003,$C$4,'BASE CONTROLES'!$E$4:$E$50003,$C$5,'BASE CONTROLES'!$F$4:$F$50003,$A15,'BASE CONTROLES'!$W$4:$W$50003,StatutSousStandard)) | M15: =IF(COUNTIFS('BASE CONTROLES'!$D$4:$D$50003,$C$4,'BASE CONTROLES'!$E$4:$E$50003,$C$5,'BASE CONTROLES'!$F$4:$F$50003,$A15,'BASE CONTROLES'!$X$4:$X$50003,"VALIDE",'BASE CONTROLES'!$U$4:$U$50003,">0")=0,"",_xlfn.MINIFS('BASE CONTROLES'!$U$4:$U$50003,'BASE CONTROLES'!$D$4:$D$50003,$C$4,'BASE CONTROLES'!$E$4:$E$50003,$C$5,'BASE CONTROLES'!$F$4:$F$50003,$A15,'BASE CONTROLES'!$X$4:$X$50003,"VALIDE",'BASE CONTROLES'!$U$4:$U$50003,">0")) | N15: =IF(COUNTIFS('BASE CONTROLES'!$D$4:$D$50003,$C$4,'BASE CONTROLES'!$E$4:$E$50003,$C$5,'BASE CONTROLES'!$F$4:$F$50003,$A15,'BASE CONTROLES'!$X$4:$X$50003,"VALIDE",'BASE CONTROLES'!$U$4:$U$50003,">0")=0,"",_xlfn.MAXIFS('BASE CONTROLES'!$U$4:$U$50003,'BASE CONTROLES'!$D$4:$D$50003,$C$4,'BASE CONTROLES'!$E$4:$E$50003,$C$5,'BASE CONTROLES'!$F$4:$F$50003,$A15,'BASE CONTROLES'!$X$4:$X$50003,"VALIDE",'BASE CONTROLES'!$U$4:$U$50003,">0"))
A16: L8 | B16: =IF($C$4="","",IFERROR(IF(INDEX(RUNS!$L$6:$S$1005,MATCH($C$4,RUNS!$A$6:$A$1005,0),MATCH("ACTIVITÉ "&$A16,RUNS!$L$5:$S$5,0))="","",INDEX(RUNS!$L$6:$S$1005,MATCH($C$4,RUNS!$A$6:$A$1005,0),MATCH("ACTIVITÉ "&$A16,RUNS!$L$5:$S$5,0))),"")) | C16: =IF($C$4="","",IF(_xlfn.MAXIFS('BASE CONTROLES'!$I$4:$I$50003,'BASE CONTROLES'!$D$4:$D$50003,$C$4,'BASE CONTROLES'!$E$4:$E$50003,$C$5,'BASE CONTROLES'!$F$4:$F$50003,$A16,'BASE CONTROLES'!$X$4:$X$50003,"VALIDE")=0,"",_xlfn.MAXIFS('BASE CONTROLES'!$I$4:$I$50003,'BASE CONTROLES'!$D$4:$D$50003,$C$4,'BASE CONTROLES'!$E$4:$E$50003,$C$5,'BASE CONTROLES'!$F$4:$F$50003,$A16,'BASE CONTROLES'!$X$4:$X$50003,"VALIDE"))) | D16: =IF($C$4="","",COUNTIFS('BASE CONTROLES'!$D$4:$D$50003,$C$4,'BASE CONTROLES'!$E$4:$E$50003,$C$5,'BASE CONTROLES'!$F$4:$F$50003,$A16,'BASE CONTROLES'!$X$4:$X$50003,"VALIDE")) | E16: =IF(OR($C16="",$C16=0,$D16=""),"",$D16/$C16) | F16: =IF($C$4="","",SUMIFS('BASE CONTROLES'!$H$4:$H$50003,'BASE CONTROLES'!$D$4:$D$50003,$C$4,'BASE CONTROLES'!$E$4:$E$50003,$C$5,'BASE CONTROLES'!$F$4:$F$50003,$A16,'BASE CONTROLES'!$X$4:$X$50003,"VALIDE")) | G16: =IF($C$4="","",SUMIFS('BASE CONTROLES'!$T$4:$T$50003,'BASE CONTROLES'!$D$4:$D$50003,$C$4,'BASE CONTROLES'!$E$4:$E$50003,$C$5,'BASE CONTROLES'!$F$4:$F$50003,$A16,'BASE CONTROLES'!$X$4:$X$50003,"VALIDE")/60) | H16: =IF(OR($G16="",$G16=0),"",$F16/$G16) | I16: =IF($C$4="","",IF(_xlfn.MAXIFS('BASE CONTROLES'!$R$4:$R$50003,'BASE CONTROLES'!$D$4:$D$50003,$C$4,'BASE CONTROLES'!$E$4:$E$50003,$C$5,'BASE CONTROLES'!$F$4:$F$50003,$A16,'BASE CONTROLES'!$X$4:$X$50003,"VALIDE")=0,"",_xlfn.MAXIFS('BASE CONTROLES'!$R$4:$R$50003,'BASE CONTROLES'!$D$4:$D$50003,$C$4,'BASE CONTROLES'!$E$4:$E$50003,$C$5,'BASE CONTROLES'!$F$4:$F$50003,$A16,'BASE CONTROLES'!$X$4:$X$50003,"VALIDE"))) | J16: =IF(OR($H16="",$I16="",$I16=0),"",$H16/$I16) | K16: =IF($C$4="","",COUNTIFS('BASE CONTROLES'!$D$4:$D$50003,$C$4,'BASE CONTROLES'!$E$4:$E$50003,$C$5,'BASE CONTROLES'!$F$4:$F$50003,$A16,'BASE CONTROLES'!$W$4:$W$50003,StatutConforme)) | L16: =IF($C$4="","",COUNTIFS('BASE CONTROLES'!$D$4:$D$50003,$C$4,'BASE CONTROLES'!$E$4:$E$50003,$C$5,'BASE CONTROLES'!$F$4:$F$50003,$A16,'BASE CONTROLES'!$W$4:$W$50003,StatutSousStandard)) | M16: =IF(COUNTIFS('BASE CONTROLES'!$D$4:$D$50003,$C$4,'BASE CONTROLES'!$E$4:$E$50003,$C$5,'BASE CONTROLES'!$F$4:$F$50003,$A16,'BASE CONTROLES'!$X$4:$X$50003,"VALIDE",'BASE CONTROLES'!$U$4:$U$50003,">0")=0,"",_xlfn.MINIFS('BASE CONTROLES'!$U$4:$U$50003,'BASE CONTROLES'!$D$4:$D$50003,$C$4,'BASE CONTROLES'!$E$4:$E$50003,$C$5,'BASE CONTROLES'!$F$4:$F$50003,$A16,'BASE CONTROLES'!$X$4:$X$50003,"VALIDE",'BASE CONTROLES'!$U$4:$U$50003,">0")) | N16: =IF(COUNTIFS('BASE CONTROLES'!$D$4:$D$50003,$C$4,'BASE CONTROLES'!$E$4:$E$50003,$C$5,'BASE CONTROLES'!$F$4:$F$50003,$A16,'BASE CONTROLES'!$X$4:$X$50003,"VALIDE",'BASE CONTROLES'!$U$4:$U$50003,">0")=0,"",_xlfn.MAXIFS('BASE CONTROLES'!$U$4:$U$50003,'BASE CONTROLES'!$D$4:$D$50003,$C$4,'BASE CONTROLES'!$E$4:$E$50003,$C$5,'BASE CONTROLES'!$F$4:$F$50003,$A16,'BASE CONTROLES'!$X$4:$X$50003,"VALIDE",'BASE CONTROLES'!$U$4:$U$50003,">0"))
A17: ="TOTAL" | C17: =SUM($C$9:$C$16) | D17: =SUM($D$9:$D$16) | E17: =IF($C$17=0,"",$D$17/$C$17) | F17: =SUM($F$9:$F$16) | G17: =SUM($G$9:$G$16) | H17: =IF($G$17=0,"",$F$17/$G$17) | I17: =IF(OR($C$4="",$G$17=0),"",SUMPRODUCT(IF($G$9:$G$16="",0,$G$9:$G$16)*IF($I$9:$I$16="",0,$I$9:$I$16))/$G$17) | J17: =IF(OR($H$17="",$I$17="",$I$17=0),"",$H$17/$I$17) | K17: =SUM($K$9:$K$16) | L17: =SUM($L$9:$L$16) | M17: =IF(COUNT($M$9:$M$16)=0,"",MIN($M$9:$M$16)) | N17: =IF(COUNT($N$9:$N$16)=0,"",MAX($N$9:$N$16))

Sheet RECHERCHE MATRICULE
A1: RECHERCHE MATRICULE — HISTORIQUE EMPLOYE
A2: Choisir un matricule : la synthese porte sur tout l'historique de BASE CONTROLES. Les filtres ne servent qu'au detail ; laisser un filtre vide signifie TOUS.
A3: EMPLOYE
A4: MATRICULE | C4: NOM ET PRENOM | D4: =IF($B$4="","",IFERROR(INDEX(NomsEmployes,MATCH($B$4,MatriculesEmployes,0)),"MATRICULE INCONNU"))
A6: SYNTHESE HISTORIQUE
A7: NB CONTROLES | B7: TOTAL BOITES CONTROLEES | C7: CADENCE MOYENNE PONDEREE | D7: CADENCE MIN | E7: CADENCE MAX | F7: ATTEINTE MOYENNE % | G7: DERNIER CONTROLE
A8: =IF($B$4="","",COUNTIFS('BASE CONTROLES'!$G$4:$G$50003,$B$4,'BASE CONTROLES'!$X$4:$X$50003,"VALIDE")) | B8: =IF($B$4="","",SUMIFS('BASE CONTROLES'!$H$4:$H$50003,'BASE CONTROLES'!$G$4:$G$50003,$B$4,'BASE CONTROLES'!$X$4:$X$50003,"VALIDE")) | C8: =IF(OR($B$4="",SUMIFS('BASE CONTROLES'!$T$4:$T$50003,'BASE CONTROLES'!$G$4:$G$50003,$B$4,'BASE CONTROLES'!$X$4:$X$50003,"VALIDE",'BASE CONTROLES'!$T$4:$T$50003,">0")=0),"",SUMIFS('BASE CONTROLES'!$H$4:$H$50003,'BASE CONTROLES'!$G$4:$G$50003,$B$4,'BASE CONTROLES'!$X$4:$X$50003,"VALIDE",'BASE CONTROLES'!$T$4:$T$50003,">0")*60/SUMIFS('BASE CONTROLES'!$T$4:$T$50003,'BASE CONTROLES'!$G$4:$G$50003,$B$4,'BASE CONTROLES'!$X$4:$X$50003,"VALIDE",'BASE CONTROLES'!$T$4:$T$50003,">0")) | D8: =IF(COUNTIFS('BASE CONTROLES'!$G$4:$G$50003,$B$4,'BASE CONTROLES'!$X$4:$X$50003,"VALIDE",'BASE CONTROLES'!$U$4:$U$50003,">0")=0,"",_xlfn.MINIFS('BASE CONTROLES'!$U$4:$U$50003,'BASE CONTROLES'!$G$4:$G$50003,$B$4,'BASE CONTROLES'!$X$4:$X$50003,"VALIDE",'BASE CONTROLES'!$U$4:$U$50003,">0")) | E8: =IF(COUNTIFS('BASE CONTROLES'!$G$4:$G$50003,$B$4,'BASE CONTROLES'!$X$4:$X$50003,"VALIDE",'BASE CONTROLES'!$U$4:$U$50003,">0")=0,"",_xlfn.MAXIFS('BASE CONTROLES'!$U$4:$U$50003,'BASE CONTROLES'!$G$4:$G$50003,$B$4,'BASE CONTROLES'!$X$4:$X$50003,"VALIDE",'BASE CONTROLES'!$U$4:$U$50003,">0")) | F8: =IF(COUNTIFS('BASE CONTROLES'!$G$4:$G$50003,$B$4,'BASE CONTROLES'!$X$4:$X$50003,"VALIDE",'BASE CONTROLES'!$V$4:$V$50003,">0")=0,"",AVERAGEIFS('BASE CONTROLES'!$V$4:$V$50003,'BASE CONTROLES'!$G$4:$G$50003,$B$4,'BASE CONTROLES'!$X$4:$X$50003,"VALIDE",'BASE CONTROLES'!$V$4:$V$50003,">0")) | G8: =IF(OR($B$4="",COUNTIFS('BASE CONTROLES'!$G$4:$G$50003,$B$4,'BASE CONTROLES'!$X$4:$X$50003,"VALIDE")=0),"",_xlfn.MAXIFS('BASE CONTROLES'!$B$4:$B$50003,'BASE CONTROLES'!$G$4:$G$50003,$B$4,'BASE CONTROLES'!$X$4:$X$50003,"VALIDE"))
A9: PRODUITS TRAVAILLES | B9: =IF($B$4="","",_xlfn.TEXTJOIN(", ",TRUE,$U$17:$U$38))
A10: LIGNES TRAVAILLEES | B10: =IF($B$4="","",_xlfn.TEXTJOIN(", ",TRUE,$V$17:$V$24))
A12: FILTRES DU DETAIL — LAISSER VIDE = TOUS
A13: PRODUIT | B13: MARQUE | C13: FORMAT | D13: PRÉPARATION | E13: MOULE | F13: LIGNE | G13: DATE DÉBUT | H13: DATE FIN
A15: DETAIL DES CONTROLES — DU PLUS RECENT AU PLUS ANCIEN
A16: DATE | B16: HEURE | C16: ID RUN | D16: TOUR | E16: LIGNE | F16: ACTIVITÉ | G16: PRODUIT | H16: MARQUE | I16: FORMAT | J16: PRÉPARATION | K16: MOULE | L16: NB BOÎTES | M16: DUREE MESUREE MIN | N16: CADENCE BOITES/H/FEMME | O16: STANDARD | P16: ATTEINTE % | Q16: STATUT PERFORMANCE | S16: INDEX
A17: =IF($S17="","",INDEX('BASE CONTROLES'!$B$4:$B$50003,$S17)) | B17: =IF($S17="","",INDEX('BASE CONTROLES'!$C$4:$C$50003,$S17)) | C17: =IF($S17="","",INDEX('BASE CONTROLES'!$D$4:$D$50003,$S17)) | D17: =IF($S17="","",INDEX('BASE CONTROLES'!$E$4:$E$50003,$S17)) | E17: =IF($S17="","",INDEX('BASE CONTROLES'!$F$4:$F$50003,$S17)) | F17: =IF($S17="","",INDEX('BASE CONTROLES'!$K$4:$K$50003,$S17)) | G17: =IF($S17="","",INDEX('BASE CONTROLES'!$M$4:$M$50003,$S17)) | H17: =IF($S17="","",INDEX('BASE CONTROLES'!$N$4:$N$50003,$S17)) | I17: =IF($S17="","",INDEX('BASE CONTROLES'!$O$4:$O$50003,$S17)) | J17: =IF($S17="","",INDEX('BASE CONTROLES'!$P$4:$P$50003,$S17)) | K17: =IF($S17="","",INDEX('BASE CONTROLES'!$Q$4:$Q$50003,$S17)) | L17: =IF($S17="","",INDEX('BASE CONTROLES'!$H$4:$H$50003,$S17)) | M17: =IF($S17="","",INDEX('BASE CONTROLES'!$T$4:$T$50003,$S17)) | N17: =IF($S17="","",INDEX('BASE CONTROLES'!$U$4:$U$50003,$S17)) | O17: =IF($S17="","",INDEX('BASE CONTROLES'!$R$4:$R$50003,$S17)) | P17: =IF($S17="","",INDEX('BASE CONTROLES'!$V$4:$V$50003,$S17)) | Q17: =IF($S17="","",INDEX('BASE CONTROLES'!$W$4:$W$50003,$S17)) | S17: =IF($B$4="","",IFERROR(SUMPRODUCT(LARGE(IF(('BASE CONTROLES'!$G$4:$G$50003=$B$4)*('BASE CONTROLES'!$X$4:$X$50003="VALIDE")*(('BASE CONTROLES'!$M$4:$M$50003=$A$14)+($A$14="")>0)*(('BASE CONTROLES'!$N$4:$N$50003=$B$14)+($B$14="")>0)*(('BASE CONTROLES'!$O$4:$O$50003=$C$14)+($C$14="")>0)*(('BASE CONTROLES'!$P$4:$P$50003=$D$14)+($D$14="")>0)*(('BASE CONTROLES'!$Q$4:$Q$50003=$E$14)+($E$14="")>0)*(('BASE CONTROLES'!$F$4:$F$50003=$F$14)+($F$14="")>0)*(('BASE CONTROLES'!$B$4:$B$50003>=$G$14)+($G$14="")>0)*(('BASE CONTROLES'!$B$4:$B$50003<=$H$14)+($H$14="")>0),ROW('BASE CONTROLES'!$G$4:$G$50003)-4+1),1)),"")) | U17: =IF(PARAMETRES!$C16="","",IF(COUNTIFS('BASE CONTROLES'!$G$4:$G$50003,$B$4,'BASE CONTROLES'!$M$4:$M$50003,PARAMETRES!$C16,'BASE CONTROLES'!$X$4:$X$50003,"VALIDE")>0,PARAMETRES!$C16,"")) | V17: =IF(PARAMETRES!$A16="","",IF(COUNTIFS('BASE CONTROLES'!$G$4:$G$50003,$B$4,'BASE CONTROLES'!$F$4:$F$50003,PARAMETRES!$A16,'BASE CONTROLES'!$X$4:$X$50003,"VALIDE")>0,PARAMETRES!$A16,""))
A18: =IF($S18="","",INDEX('BASE CONTROLES'!$B$4:$B$50003,$S18)) | B18: =IF($S18="","",INDEX('BASE CONTROLES'!$C$4:$C$50003,$S18)) | C18: =IF($S18="","",INDEX('BASE CONTROLES'!$D$4:$D$50003,$S18)) | D18: =IF($S18="","",INDEX('BASE CONTROLES'!$E$4:$E$50003,$S18)) | E18: =IF($S18="","",INDEX('BASE CONTROLES'!$F$4:$F$50003,$S18)) | F18: =IF($S18="","",INDEX('BASE CONTROLES'!$K$4:$K$50003,$S18)) | G18: =IF($S18="","",INDEX('BASE CONTROLES'!$M$4:$M$50003,$S18)) | H18: =IF($S18="","",INDEX('BASE CONTROLES'!$N$4:$N$50003,$S18)) | I18: =IF($S18="","",INDEX('BASE CONTROLES'!$O$4:$O$50003,$S18)) | J18: =IF($S18="","",INDEX('BASE CONTROLES'!$P$4:$P$50003,$S18)) | K18: =IF($S18="","",INDEX('BASE CONTROLES'!$Q$4:$Q$50003,$S18)) | L18: =IF($S18="","",INDEX('BASE CONTROLES'!$H$4:$H$50003,$S18)) | M18: =IF($S18="","",INDEX('BASE CONTROLES'!$T$4:$T$50003,$S18)) | N18: =IF($S18="","",INDEX('BASE CONTROLES'!$U$4:$U$50003,$S18)) | O18: =IF($S18="","",INDEX('BASE CONTROLES'!$R$4:$R$50003,$S18)) | P18: =IF($S18="","",INDEX('BASE CONTROLES'!$V$4:$V$50003,$S18)) | Q18: =IF($S18="","",INDEX('BASE CONTROLES'!$W$4:$W$50003,$S18)) | S18: =IF($B$4="","",IFERROR(SUMPRODUCT(LARGE(IF(('BASE CONTROLES'!$G$4:$G$50003=$B$4)*('BASE CONTROLES'!$X$4:$X$50003="VALIDE")*(('BASE CONTROLES'!$M$4:$M$50003=$A$14)+($A$14="")>0)*(('BASE CONTROLES'!$N$4:$N$50003=$B$14)+($B$14="")>0)*(('BASE CONTROLES'!$O$4:$O$50003=$C$14)+($C$14="")>0)*(('BASE CONTROLES'!$P$4:$P$50003=$D$14)+($D$14="")>0)*(('BASE CONTROLES'!$Q$4:$Q$50003=$E$14)+($E$14="")>0)*(('BASE CONTROLES'!$F$4:$F$50003=$F$14)+($F$14="")>0)*(('BASE CONTROLES'!$B$4:$B$50003>=$G$14)+($G$14="")>0)*(('BASE CONTROLES'!$B$4:$B$50003<=$H$14)+($H$14="")>0),ROW('BASE CONTROLES'!$G$4:$G$50003)-4+1),2)),"")) | U18: =IF(PARAMETRES!$C17="","",IF(COUNTIFS('BASE CONTROLES'!$G$4:$G$50003,$B$4,'BASE CONTROLES'!$M$4:$M$50003,PARAMETRES!$C17,'BASE CONTROLES'!$X$4:$X$50003,"VALIDE")>0,PARAMETRES!$C17,"")) | V18: =IF(PARAMETRES!$A17="","",IF(COUNTIFS('BASE CONTROLES'!$G$4:$G$50003,$B$4,'BASE CONTROLES'!$F$4:$F$50003,PARAMETRES!$A17,'BASE CONTROLES'!$X$4:$X$50003,"VALIDE")>0,PARAMETRES!$A17,""))
A19: =IF($S19="","",INDEX('BASE CONTROLES'!$B$4:$B$50003,$S19)) | B19: =IF($S19="","",INDEX('BASE CONTROLES'!$C$4:$C$50003,$S19)) | C19: =IF($S19="","",INDEX('BASE CONTROLES'!$D$4:$D$50003,$S19)) | D19: =IF($S19="","",INDEX('BASE CONTROLES'!$E$4:$E$50003,$S19)) | E19: =IF($S19="","",INDEX('BASE CONTROLES'!$F$4:$F$50003,$S19)) | F19: =IF($S19="","",INDEX('BASE CONTROLES'!$K$4:$K$50003,$S19)) | G19: =IF($S19="","",INDEX('BASE CONTROLES'!$M$4:$M$50003,$S19)) | H19: =IF($S19="","",INDEX('BASE CONTROLES'!$N$4:$N$50003,$S19)) | I19: =IF($S19="","",INDEX('BASE CONTROLES'!$O$4:$O$50003,$S19)) | J19: =IF($S19="","",INDEX('BASE CONTROLES'!$P$4:$P$50003,$S19)) | K19: =IF($S19="","",INDEX('BASE CONTROLES'!$Q$4:$Q$50003,$S19)) | L19: =IF($S19="","",INDEX('BASE CONTROLES'!$H$4:$H$50003,$S19)) | M19: =IF($S19="","",INDEX('BASE CONTROLES'!$T$4:$T$50003,$S19)) | N19: =IF($S19="","",INDEX('BASE CONTROLES'!$U$4:$U$50003,$S19)) | O19: =IF($S19="","",INDEX('BASE CONTROLES'!$R$4:$R$50003,$S19)) | P19: =IF($S19="","",INDEX('BASE CONTROLES'!$V$4:$V$50003,$S19)) | Q19: =IF($S19="","",INDEX('BASE CONTROLES'!$W$4:$W$50003,$S19)) | S19: =IF($B$4="","",IFERROR(SUMPRODUCT(LARGE(IF(('BASE CONTROLES'!$G$4:$G$50003=$B$4)*('BASE CONTROLES'!$X$4:$X$50003="VALIDE")*(('BASE CONTROLES'!$M$4:$M$50003=$A$14)+($A$14="")>0)*(('BASE CONTROLES'!$N$4:$N$50003=$B$14)+($B$14="")>0)*(('BASE CONTROLES'!$O$4:$O$50003=$C$14)+($C$14="")>0)*(('BASE CONTROLES'!$P$4:$P$50003=$D$14)+($D$14="")>0)*(('BASE CONTROLES'!$Q$4:$Q$50003=$E$14)+($E$14="")>0)*(('BASE CONTROLES'!$F$4:$F$50003=$F$14)+($F$14="")>0)*(('BASE CONTROLES'!$B$4:$B$50003>=$G$14)+($G$14="")>0)*(('BASE CONTROLES'!$B$4:$B$50003<=$H$14)+($H$14="")>0),ROW('BASE CONTROLES'!$G$4:$G$50003)-4+1),3)),"")) | U19: =IF(PARAMETRES!$C18="","",IF(COUNTIFS('BASE CONTROLES'!$G$4:$G$50003,$B$4,'BASE CONTROLES'!$M$4:$M$50003,PARAMETRES!$C18,'BASE CONTROLES'!$X$4:$X$50003,"VALIDE")>0,PARAMETRES!$C18,"")) | V19: =IF(PARAMETRES!$A18="","",IF(COUNTIFS('BASE CONTROLES'!$G$4:$G$50003,$B$4,'BASE CONTROLES'!$F$4:$F$50003,PARAMETRES!$A18,'BASE CONTROLES'!$X$4:$X$50003,"VALIDE")>0,PARAMETRES!$A18,""))
A20: =IF($S20="","",INDEX('BASE CONTROLES'!$B$4:$B$50003,$S20)) | B20: =IF($S20="","",INDEX('BASE CONTROLES'!$C$4:$C$50003,$S20)) | C20: =IF($S20="","",INDEX('BASE CONTROLES'!$D$4:$D$50003,$S20)) | D20: =IF($S20="","",INDEX('BASE CONTROLES'!$E$4:$E$50003,$S20)) | E20: =IF($S20="","",INDEX('BASE CONTROLES'!$F$4:$F$50003,$S20)) | F20: =IF($S20="","",INDEX('BASE CONTROLES'!$K$4:$K$50003,$S20)) | G20: =IF($S20="","",INDEX('BASE CONTROLES'!$M$4:$M$50003,$S20)) | H20: =IF($S20="","",INDEX('BASE CONTROLES'!$N$4:$N$50003,$S20)) | I20: =IF($S20="","",INDEX('BASE CONTROLES'!$O$4:$O$50003,$S20)) | J20: =IF($S20="","",INDEX('BASE CONTROLES'!$P$4:$P$50003,$S20)) | K20: =IF($S20="","",INDEX('BASE CONTROLES'!$Q$4:$Q$50003,$S20)) | L20: =IF($S20="","",INDEX('BASE CONTROLES'!$H$4:$H$50003,$S20)) | M20: =IF($S20="","",INDEX('BASE CONTROLES'!$T$4:$T$50003,$S20)) | N20: =IF($S20="","",INDEX('BASE CONTROLES'!$U$4:$U$50003,$S20)) | O20: =IF($S20="","",INDEX('BASE CONTROLES'!$R$4:$R$50003,$S20)) | P20: =IF($S20="","",INDEX('BASE CONTROLES'!$V$4:$V$50003,$S20)) | Q20: =IF($S20="","",INDEX('BASE CONTROLES'!$W$4:$W$50003,$S20)) | S20: =IF($B$4="","",IFERROR(SUMPRODUCT(LARGE(IF(('BASE CONTROLES'!$G$4:$G$50003=$B$4)*('BASE CONTROLES'!$X$4:$X$50003="VALIDE")*(('BASE CONTROLES'!$M$4:$M$50003=$A$14)+($A$14="")>0)*(('BASE CONTROLES'!$N$4:$N$50003=$B$14)+($B$14="")>0)*(('BASE CONTROLES'!$O$4:$O$50003=$C$14)+($C$14="")>0)*(('BASE CONTROLES'!$P$4:$P$50003=$D$14)+($D$14="")>0)*(('BASE CONTROLES'!$Q$4:$Q$50003=$E$14)+($E$14="")>0)*(('BASE CONTROLES'!$F$4:$F$50003=$F$14)+($F$14="")>0)*(('BASE CONTROLES'!$B$4:$B$50003>=$G$14)+($G$14="")>0)*(('BASE CONTROLES'!$B$4:$B$50003<=$H$14)+($H$14="")>0),ROW('BASE CONTROLES'!$G$4:$G$50003)-4+1),4)),"")) | U20: =IF(PARAMETRES!$C19="","",IF(COUNTIFS('BASE CONTROLES'!$G$4:$G$50003,$B$4,'BASE CONTROLES'!$M$4:$M$50003,PARAMETRES!$C19,'BASE CONTROLES'!$X$4:$X$50003,"VALIDE")>0,PARAMETRES!$C19,"")) | V20: =IF(PARAMETRES!$A19="","",IF(COUNTIFS('BASE CONTROLES'!$G$4:$G$50003,$B$4,'BASE CONTROLES'!$F$4:$F$50003,PARAMETRES!$A19,'BASE CONTROLES'!$X$4:$X$50003,"VALIDE")>0,PARAMETRES!$A19,""))
A21: =IF($S21="","",INDEX('BASE CONTROLES'!$B$4:$B$50003,$S21)) | B21: =IF($S21="","",INDEX('BASE CONTROLES'!$C$4:$C$50003,$S21)) | C21: =IF($S21="","",INDEX('BASE CONTROLES'!$D$4:$D$50003,$S21)) | D21: =IF($S21="","",INDEX('BASE CONTROLES'!$E$4:$E$50003,$S21)) | E21: =IF($S21="","",INDEX('BASE CONTROLES'!$F$4:$F$50003,$S21)) | F21: =IF($S21="","",INDEX('BASE CONTROLES'!$K$4:$K$50003,$S21)) | G21: =IF($S21="","",INDEX('BASE CONTROLES'!$M$4:$M$50003,$S21)) | H21: =IF($S21="","",INDEX('BASE CONTROLES'!$N$4:$N$50003,$S21)) | I21: =IF($S21="","",INDEX('BASE CONTROLES'!$O$4:$O$50003,$S21)) | J21: =IF($S21="","",INDEX('BASE CONTROLES'!$P$4:$P$50003,$S21)) | K21: =IF($S21="","",INDEX('BASE CONTROLES'!$Q$4:$Q$50003,$S21)) | L21: =IF($S21="","",INDEX('BASE CONTROLES'!$H$4:$H$50003,$S21)) | M21: =IF($S21="","",INDEX('BASE CONTROLES'!$T$4:$T$50003,$S21)) | N21: =IF($S21="","",INDEX('BASE CONTROLES'!$U$4:$U$50003,$S21)) | O21: =IF($S21="","",INDEX('BASE CONTROLES'!$R$4:$R$50003,$S21)) | P21: =IF($S21="","",INDEX('BASE CONTROLES'!$V$4:$V$50003,$S21)) | Q21: =IF($S21="","",INDEX('BASE CONTROLES'!$W$4:$W$50003,$S21)) | S21: =IF($B$4="","",IFERROR(SUMPRODUCT(LARGE(IF(('BASE CONTROLES'!$G$4:$G$50003=$B$4)*('BASE CONTROLES'!$X$4:$X$50003="VALIDE")*(('BASE CONTROLES'!$M$4:$M$50003=$A$14)+($A$14="")>0)*(('BASE CONTROLES'!$N$4:$N$50003=$B$14)+($B$14="")>0)*(('BASE CONTROLES'!$O$4:$O$50003=$C$14)+($C$14="")>0)*(('BASE CONTROLES'!$P$4:$P$50003=$D$14)+($D$14="")>0)*(('BASE CONTROLES'!$Q$4:$Q$50003=$E$14)+($E$14="")>0)*(('BASE CONTROLES'!$F$4:$F$50003=$F$14)+($F$14="")>0)*(('BASE CONTROLES'!$B$4:$B$50003>=$G$14)+($G$14="")>0)*(('BASE CONTROLES'!$B$4:$B$50003<=$H$14)+($H$14="")>0),ROW('BASE CONTROLES'!$G$4:$G$50003)-4+1),5)),"")) | U21: =IF(PARAMETRES!$C20="","",IF(COUNTIFS('BASE CONTROLES'!$G$4:$G$50003,$B$4,'BASE CONTROLES'!$M$4:$M$50003,PARAMETRES!$C20,'BASE CONTROLES'!$X$4:$X$50003,"VALIDE")>0,PARAMETRES!$C20,"")) | V21: =IF(PARAMETRES!$A20="","",IF(COUNTIFS('BASE CONTROLES'!$G$4:$G$50003,$B$4,'BASE CONTROLES'!$F$4:$F$50003,PARAMETRES!$A20,'BASE CONTROLES'!$X$4:$X$50003,"VALIDE")>0,PARAMETRES!$A20,""))
A22: =IF($S22="","",INDEX('BASE CONTROLES'!$B$4:$B$50003,$S22)) | B22: =IF($S22="","",INDEX('BASE CONTROLES'!$C$4:$C$50003,$S22)) | C22: =IF($S22="","",INDEX('BASE CONTROLES'!$D$4:$D$50003,$S22)) | D22: =IF($S22="","",INDEX('BASE CONTROLES'!$E$4:$E$50003,$S22)) | E22: =IF($S22="","",INDEX('BASE CONTROLES'!$F$4:$F$50003,$S22)) | F22: =IF($S22="","",INDEX('BASE CONTROLES'!$K$4:$K$50003,$S22)) | G22: =IF($S22="","",INDEX('BASE CONTROLES'!$M$4:$M$50003,$S22)) | H22: =IF($S22="","",INDEX('BASE CONTROLES'!$N$4:$N$50003,$S22)) | I22: =IF($S22="","",INDEX('BASE CONTROLES'!$O$4:$O$50003,$S22)) | J22: =IF($S22="","",INDEX('BASE CONTROLES'!$P$4:$P$50003,$S22)) | K22: =IF($S22="","",INDEX('BASE CONTROLES'!$Q$4:$Q$50003,$S22)) | L22: =IF($S22="","",INDEX('BASE CONTROLES'!$H$4:$H$50003,$S22)) | M22: =IF($S22="","",INDEX('BASE CONTROLES'!$T$4:$T$50003,$S22)) | N22: =IF($S22="","",INDEX('BASE CONTROLES'!$U$4:$U$50003,$S22)) | O22: =IF($S22="","",INDEX('BASE CONTROLES'!$R$4:$R$50003,$S22)) | P22: =IF($S22="","",INDEX('BASE CONTROLES'!$V$4:$V$50003,$S22)) | Q22: =IF($S22="","",INDEX('BASE CONTROLES'!$W$4:$W$50003,$S22)) | S22: =IF($B$4="","",IFERROR(SUMPRODUCT(LARGE(IF(('BASE CONTROLES'!$G$4:$G$50003=$B$4)*('BASE CONTROLES'!$X$4:$X$50003="VALIDE")*(('BASE CONTROLES'!$M$4:$M$50003=$A$14)+($A$14="")>0)*(('BASE CONTROLES'!$N$4:$N$50003=$B$14)+($B$14="")>0)*(('BASE CONTROLES'!$O$4:$O$50003=$C$14)+($C$14="")>0)*(('BASE CONTROLES'!$P$4:$P$50003=$D$14)+($D$14="")>0)*(('BASE CONTROLES'!$Q$4:$Q$50003=$E$14)+($E$14="")>0)*(('BASE CONTROLES'!$F$4:$F$50003=$F$14)+($F$14="")>0)*(('BASE CONTROLES'!$B$4:$B$50003>=$G$14)+($G$14="")>0)*(('BASE CONTROLES'!$B$4:$B$50003<=$H$14)+($H$14="")>0),ROW('BASE CONTROLES'!$G$4:$G$50003)-4+1),6)),"")) | U22: =IF(PARAMETRES!$C21="","",IF(COUNTIFS('BASE CONTROLES'!$G$4:$G$50003,$B$4,'BASE CONTROLES'!$M$4:$M$50003,PARAMETRES!$C21,'BASE CONTROLES'!$X$4:$X$50003,"VALIDE")>0,PARAMETRES!$C21,"")) | V22: =IF(PARAMETRES!$A21="","",IF(COUNTIFS('BASE CONTROLES'!$G$4:$G$50003,$B$4,'BASE CONTROLES'!$F$4:$F$50003,PARAMETRES!$A21,'BASE CONTROLES'!$X$4:$X$50003,"VALIDE")>0,PARAMETRES!$A21,""))
A23: =IF($S23="","",INDEX('BASE CONTROLES'!$B$4:$B$50003,$S23)) | B23: =IF($S23="","",INDEX('BASE CONTROLES'!$C$4:$C$50003,$S23)) | C23: =IF($S23="","",INDEX('BASE CONTROLES'!$D$4:$D$50003,$S23)) | D23: =IF($S23="","",INDEX('BASE CONTROLES'!$E$4:$E$50003,$S23)) | E23: =IF($S23="","",INDEX('BASE CONTROLES'!$F$4:$F$50003,$S23)) | F23: =IF($S23="","",INDEX('BASE CONTROLES'!$K$4:$K$50003,$S23)) | G23: =IF($S23="","",INDEX('BASE CONTROLES'!$M$4:$M$50003,$S23)) | H23: =IF($S23="","",INDEX('BASE CONTROLES'!$N$4:$N$50003,$S23)) | I23: =IF($S23="","",INDEX('BASE CONTROLES'!$O$4:$O$50003,$S23)) | J23: =IF($S23="","",INDEX('BASE CONTROLES'!$P$4:$P$50003,$S23)) | K23: =IF($S23="","",INDEX('BASE CONTROLES'!$Q$4:$Q$50003,$S23)) | L23: =IF($S23="","",INDEX('BASE CONTROLES'!$H$4:$H$50003,$S23)) | M23: =IF($S23="","",INDEX('BASE CONTROLES'!$T$4:$T$50003,$S23)) | N23: =IF($S23="","",INDEX('BASE CONTROLES'!$U$4:$U$50003,$S23)) | O23: =IF($S23="","",INDEX('BASE CONTROLES'!$R$4:$R$50003,$S23)) | P23: =IF($S23="","",INDEX('BASE CONTROLES'!$V$4:$V$50003,$S23)) | Q23: =IF($S23="","",INDEX('BASE CONTROLES'!$W$4:$W$50003,$S23)) | S23: =IF($B$4="","",IFERROR(SUMPRODUCT(LARGE(IF(('BASE CONTROLES'!$G$4:$G$50003=$B$4)*('BASE CONTROLES'!$X$4:$X$50003="VALIDE")*(('BASE CONTROLES'!$M$4:$M$50003=$A$14)+($A$14="")>0)*(('BASE CONTROLES'!$N$4:$N$50003=$B$14)+($B$14="")>0)*(('BASE CONTROLES'!$O$4:$O$50003=$C$14)+($C$14="")>0)*(('BASE CONTROLES'!$P$4:$P$50003=$D$14)+($D$14="")>0)*(('BASE CONTROLES'!$Q$4:$Q$50003=$E$14)+($E$14="")>0)*(('BASE CONTROLES'!$F$4:$F$50003=$F$14)+($F$14="")>0)*(('BASE CONTROLES'!$B$4:$B$50003>=$G$14)+($G$14="")>0)*(('BASE CONTROLES'!$B$4:$B$50003<=$H$14)+($H$14="")>0),ROW('BASE CONTROLES'!$G$4:$G$50003)-4+1),7)),"")) | U23: =IF(PARAMETRES!$C22="","",IF(COUNTIFS('BASE CONTROLES'!$G$4:$G$50003,$B$4,'BASE CONTROLES'!$M$4:$M$50003,PARAMETRES!$C22,'BASE CONTROLES'!$X$4:$X$50003,"VALIDE")>0,PARAMETRES!$C22,"")) | V23: =IF(PARAMETRES!$A22="","",IF(COUNTIFS('BASE CONTROLES'!$G$4:$G$50003,$B$4,'BASE CONTROLES'!$F$4:$F$50003,PARAMETRES!$A22,'BASE CONTROLES'!$X$4:$X$50003,"VALIDE")>0,PARAMETRES!$A22,""))
A24: =IF($S24="","",INDEX('BASE CONTROLES'!$B$4:$B$50003,$S24)) | B24: =IF($S24="","",INDEX('BASE CONTROLES'!$C$4:$C$50003,$S24)) | C24: =IF($S24="","",INDEX('BASE CONTROLES'!$D$4:$D$50003,$S24)) | D24: =IF($S24="","",INDEX('BASE CONTROLES'!$E$4:$E$50003,$S24)) | E24: =IF($S24="","",INDEX('BASE CONTROLES'!$F$4:$F$50003,$S24)) | F24: =IF($S24="","",INDEX('BASE CONTROLES'!$K$4:$K$50003,$S24)) | G24: =IF($S24="","",INDEX('BASE CONTROLES'!$M$4:$M$50003,$S24)) | H24: =IF($S24="","",INDEX('BASE CONTROLES'!$N$4:$N$50003,$S24)) | I24: =IF($S24="","",INDEX('BASE CONTROLES'!$O$4:$O$50003,$S24)) | J24: =IF($S24="","",INDEX('BASE CONTROLES'!$P$4:$P$50003,$S24)) | K24: =IF($S24="","",INDEX('BASE CONTROLES'!$Q$4:$Q$50003,$S24)) | L24: =IF($S24="","",INDEX('BASE CONTROLES'!$H$4:$H$50003,$S24)) | M24: =IF($S24="","",INDEX('BASE CONTROLES'!$T$4:$T$50003,$S24)) | N24: =IF($S24="","",INDEX('BASE CONTROLES'!$U$4:$U$50003,$S24)) | O24: =IF($S24="","",INDEX('BASE CONTROLES'!$R$4:$R$50003,$S24)) | P24: =IF($S24="","",INDEX('BASE CONTROLES'!$V$4:$V$50003,$S24)) | Q24: =IF($S24="","",INDEX('BASE CONTROLES'!$W$4:$W$50003,$S24)) | S24: =IF($B$4="","",IFERROR(SUMPRODUCT(LARGE(IF(('BASE CONTROLES'!$G$4:$G$50003=$B$4)*('BASE CONTROLES'!$X$4:$X$50003="VALIDE")*(('BASE CONTROLES'!$M$4:$M$50003=$A$14)+($A$14="")>0)*(('BASE CONTROLES'!$N$4:$N$50003=$B$14)+($B$14="")>0)*(('BASE CONTROLES'!$O$4:$O$50003=$C$14)+($C$14="")>0)*(('BASE CONTROLES'!$P$4:$P$50003=$D$14)+($D$14="")>0)*(('BASE CONTROLES'!$Q$4:$Q$50003=$E$14)+($E$14="")>0)*(('BASE CONTROLES'!$F$4:$F$50003=$F$14)+($F$14="")>0)*(('BASE CONTROLES'!$B$4:$B$50003>=$G$14)+($G$14="")>0)*(('BASE CONTROLES'!$B$4:$B$50003<=$H$14)+($H$14="")>0),ROW('BASE CONTROLES'!$G$4:$G$50003)-4+1),8)),"")) | U24: =IF(PARAMETRES!$C23="","",IF(COUNTIFS('BASE CONTROLES'!$G$4:$G$50003,$B$4,'BASE CONTROLES'!$M$4:$M$50003,PARAMETRES!$C23,'BASE CONTROLES'!$X$4:$X$50003,"VALIDE")>0,PARAMETRES!$C23,"")) | V24: =IF(PARAMETRES!$A23="","",IF(COUNTIFS('BASE CONTROLES'!$G$4:$G$50003,$B$4,'BASE CONTROLES'!$F$4:$F$50003,PARAMETRES!$A23,'BASE CONTROLES'!$X$4:$X$50003,"VALIDE")>0,PARAMETRES!$A23,""))
A25: =IF($S25="","",INDEX('BASE CONTROLES'!$B$4:$B$50003,$S25)) | B25: =IF($S25="","",INDEX('BASE CONTROLES'!$C$4:$C$50003,$S25)) | C25: =IF($S25="","",INDEX('BASE CONTROLES'!$D$4:$D$50003,$S25)) | D25: =IF($S25="","",INDEX('BASE CONTROLES'!$E$4:$E$50003,$S25)) | E25: =IF($S25="","",INDEX('BASE CONTROLES'!$F$4:$F$50003,$S25)) | F25: =IF($S25="","",INDEX('BASE CONTROLES'!$K$4:$K$50003,$S25)) | G25: =IF($S25="","",INDEX('BASE CONTROLES'!$M$4:$M$50003,$S25)) | H25: =IF($S25="","",INDEX('BASE CONTROLES'!$N$4:$N$50003,$S25)) | I25: =IF($S25="","",INDEX('BASE CONTROLES'!$O$4:$O$50003,$S25)) | J25: =IF($S25="","",INDEX('BASE CONTROLES'!$P$4:$P$50003,$S25)) | K25: =IF($S25="","",INDEX('BASE CONTROLES'!$Q$4:$Q$50003,$S25)) | L25: =IF($S25="","",INDEX('BASE CONTROLES'!$H$4:$H$50003,$S25)) | M25: =IF($S25="","",INDEX('BASE CONTROLES'!$T$4:$T$50003,$S25)) | N25: =IF($S25="","",INDEX('BASE CONTROLES'!$U$4:$U$50003,$S25)) | O25: =IF($S25="","",INDEX('BASE CONTROLES'!$R$4:$R$50003,$S25)) | P25: =IF($S25="","",INDEX('BASE CONTROLES'!$V$4:$V$50003,$S25)) | Q25: =IF($S25="","",INDEX('BASE CONTROLES'!$W$4:$W$50003,$S25)) | S25: =IF($B$4="","",IFERROR(SUMPRODUCT(LARGE(IF(('BASE CONTROLES'!$G$4:$G$50003=$B$4)*('BASE CONTROLES'!$X$4:$X$50003="VALIDE")*(('BASE CONTROLES'!$M$4:$M$50003=$A$14)+($A$14="")>0)*(('BASE CONTROLES'!$N$4:$N$50003=$B$14)+($B$14="")>0)*(('BASE CONTROLES'!$O$4:$O$50003=$C$14)+($C$14="")>0)*(('BASE CONTROLES'!$P$4:$P$50003=$D$14)+($D$14="")>0)*(('BASE CONTROLES'!$Q$4:$Q$50003=$E$14)+($E$14="")>0)*(('BASE CONTROLES'!$F$4:$F$50003=$F$14)+($F$14="")>0)*(('BASE CONTROLES'!$B$4:$B$50003>=$G$14)+($G$14="")>0)*(('BASE CONTROLES'!$B$4:$B$50003<=$H$14)+($H$14="")>0),ROW('BASE CONTROLES'!$G$4:$G$50003)-4+1),9)),"")) | U25: =IF(PARAMETRES!$C24="","",IF(COUNTIFS('BASE CONTROLES'!$G$4:$G$50003,$B$4,'BASE CONTROLES'!$M$4:$M$50003,PARAMETRES!$C24,'BASE CONTROLES'!$X$4:$X$50003,"VALIDE")>0,PARAMETRES!$C24,""))
A26: =IF($S26="","",INDEX('BASE CONTROLES'!$B$4:$B$50003,$S26)) | B26: =IF($S26="","",INDEX('BASE CONTROLES'!$C$4:$C$50003,$S26)) | C26: =IF($S26="","",INDEX('BASE CONTROLES'!$D$4:$D$50003,$S26)) | D26: =IF($S26="","",INDEX('BASE CONTROLES'!$E$4:$E$50003,$S26)) | E26: =IF($S26="","",INDEX('BASE CONTROLES'!$F$4:$F$50003,$S26)) | F26: =IF($S26="","",INDEX('BASE CONTROLES'!$K$4:$K$50003,$S26)) | G26: =IF($S26="","",INDEX('BASE CONTROLES'!$M$4:$M$50003,$S26)) | H26: =IF($S26="","",INDEX('BASE CONTROLES'!$N$4:$N$50003,$S26)) | I26: =IF($S26="","",INDEX('BASE CONTROLES'!$O$4:$O$50003,$S26)) | J26: =IF($S26="","",INDEX('BASE CONTROLES'!$P$4:$P$50003,$S26)) | K26: =IF($S26="","",INDEX('BASE CONTROLES'!$Q$4:$Q$50003,$S26)) | L26: =IF($S26="","",INDEX('BASE CONTROLES'!$H$4:$H$50003,$S26)) | M26: =IF($S26="","",INDEX('BASE CONTROLES'!$T$4:$T$50003,$S26)) | N26: =IF($S26="","",INDEX('BASE CONTROLES'!$U$4:$U$50003,$S26)) | O26: =IF($S26="","",INDEX('BASE CONTROLES'!$R$4:$R$50003,$S26)) | P26: =IF($S26="","",INDEX('BASE CONTROLES'!$V$4:$V$50003,$S26)) | Q26: =IF($S26="","",INDEX('BASE CONTROLES'!$W$4:$W$50003,$S26)) | S26: =IF($B$4="","",IFERROR(SUMPRODUCT(LARGE(IF(('BASE CONTROLES'!$G$4:$G$50003=$B$4)*('BASE CONTROLES'!$X$4:$X$50003="VALIDE")*(('BASE CONTROLES'!$M$4:$M$50003=$A$14)+($A$14="")>0)*(('BASE CONTROLES'!$N$4:$N$50003=$B$14)+($B$14="")>0)*(('BASE CONTROLES'!$O$4:$O$50003=$C$14)+($C$14="")>0)*(('BASE CONTROLES'!$P$4:$P$50003=$D$14)+($D$14="")>0)*(('BASE CONTROLES'!$Q$4:$Q$50003=$E$14)+($E$14="")>0)*(('BASE CONTROLES'!$F$4:$F$50003=$F$14)+($F$14="")>0)*(('BASE CONTROLES'!$B$4:$B$50003>=$G$14)+($G$14="")>0)*(('BASE CONTROLES'!$B$4:$B$50003<=$H$14)+($H$14="")>0),ROW('BASE CONTROLES'!$G$4:$G$50003)-4+1),10)),"")) | U26: =IF(PARAMETRES!$C25="","",IF(COUNTIFS('BASE CONTROLES'!$G$4:$G$50003,$B$4,'BASE CONTROLES'!$M$4:$M$50003,PARAMETRES!$C25,'BASE CONTROLES'!$X$4:$X$50003,"VALIDE")>0,PARAMETRES!$C25,""))
A27: =IF($S27="","",INDEX('BASE CONTROLES'!$B$4:$B$50003,$S27)) | B27: =IF($S27="","",INDEX('BASE CONTROLES'!$C$4:$C$50003,$S27)) | C27: =IF($S27="","",INDEX('BASE CONTROLES'!$D$4:$D$50003,$S27)) | D27: =IF($S27="","",INDEX('BASE CONTROLES'!$E$4:$E$50003,$S27)) | E27: =IF($S27="","",INDEX('BASE CONTROLES'!$F$4:$F$50003,$S27)) | F27: =IF($S27="","",INDEX('BASE CONTROLES'!$K$4:$K$50003,$S27)) | G27: =IF($S27="","",INDEX('BASE CONTROLES'!$M$4:$M$50003,$S27)) | H27: =IF($S27="","",INDEX('BASE CONTROLES'!$N$4:$N$50003,$S27)) | I27: =IF($S27="","",INDEX('BASE CONTROLES'!$O$4:$O$50003,$S27)) | J27: =IF($S27="","",INDEX('BASE CONTROLES'!$P$4:$P$50003,$S27)) | K27: =IF($S27="","",INDEX('BASE CONTROLES'!$Q$4:$Q$50003,$S27)) | L27: =IF($S27="","",INDEX('BASE CONTROLES'!$H$4:$H$50003,$S27)) | M27: =IF($S27="","",INDEX('BASE CONTROLES'!$T$4:$T$50003,$S27)) | N27: =IF($S27="","",INDEX('BASE CONTROLES'!$U$4:$U$50003,$S27)) | O27: =IF($S27="","",INDEX('BASE CONTROLES'!$R$4:$R$50003,$S27)) | P27: =IF($S27="","",INDEX('BASE CONTROLES'!$V$4:$V$50003,$S27)) | Q27: =IF($S27="","",INDEX('BASE CONTROLES'!$W$4:$W$50003,$S27)) | S27: =IF($B$4="","",IFERROR(SUMPRODUCT(LARGE(IF(('BASE CONTROLES'!$G$4:$G$50003=$B$4)*('BASE CONTROLES'!$X$4:$X$50003="VALIDE")*(('BASE CONTROLES'!$M$4:$M$50003=$A$14)+($A$14="")>0)*(('BASE CONTROLES'!$N$4:$N$50003=$B$14)+($B$14="")>0)*(('BASE CONTROLES'!$O$4:$O$50003=$C$14)+($C$14="")>0)*(('BASE CONTROLES'!$P$4:$P$50003=$D$14)+($D$14="")>0)*(('BASE CONTROLES'!$Q$4:$Q$50003=$E$14)+($E$14="")>0)*(('BASE CONTROLES'!$F$4:$F$50003=$F$14)+($F$14="")>0)*(('BASE CONTROLES'!$B$4:$B$50003>=$G$14)+($G$14="")>0)*(('BASE CONTROLES'!$B$4:$B$50003<=$H$14)+($H$14="")>0),ROW('BASE CONTROLES'!$G$4:$G$50003)-4+1),11)),"")) | U27: =IF(PARAMETRES!$C26="","",IF(COUNTIFS('BASE CONTROLES'!$G$4:$G$50003,$B$4,'BASE CONTROLES'!$M$4:$M$50003,PARAMETRES!$C26,'BASE CONTROLES'!$X$4:$X$50003,"VALIDE")>0,PARAMETRES!$C26,""))
A28: =IF($S28="","",INDEX('BASE CONTROLES'!$B$4:$B$50003,$S28)) | B28: =IF($S28="","",INDEX('BASE CONTROLES'!$C$4:$C$50003,$S28)) | C28: =IF($S28="","",INDEX('BASE CONTROLES'!$D$4:$D$50003,$S28)) | D28: =IF($S28="","",INDEX('BASE CONTROLES'!$E$4:$E$50003,$S28)) | E28: =IF($S28="","",INDEX('BASE CONTROLES'!$F$4:$F$50003,$S28)) | F28: =IF($S28="","",INDEX('BASE CONTROLES'!$K$4:$K$50003,$S28)) | G28: =IF($S28="","",INDEX('BASE CONTROLES'!$M$4:$M$50003,$S28)) | H28: =IF($S28="","",INDEX('BASE CONTROLES'!$N$4:$N$50003,$S28)) | I28: =IF($S28="","",INDEX('BASE CONTROLES'!$O$4:$O$50003,$S28)) | J28: =IF($S28="","",INDEX('BASE CONTROLES'!$P$4:$P$50003,$S28)) | K28: =IF($S28="","",INDEX('BASE CONTROLES'!$Q$4:$Q$50003,$S28)) | L28: =IF($S28="","",INDEX('BASE CONTROLES'!$H$4:$H$50003,$S28)) | M28: =IF($S28="","",INDEX('BASE CONTROLES'!$T$4:$T$50003,$S28)) | N28: =IF($S28="","",INDEX('BASE CONTROLES'!$U$4:$U$50003,$S28)) | O28: =IF($S28="","",INDEX('BASE CONTROLES'!$R$4:$R$50003,$S28)) | P28: =IF($S28="","",INDEX('BASE CONTROLES'!$V$4:$V$50003,$S28)) | Q28: =IF($S28="","",INDEX('BASE CONTROLES'!$W$4:$W$50003,$S28)) | S28: =IF($B$4="","",IFERROR(SUMPRODUCT(LARGE(IF(('BASE CONTROLES'!$G$4:$G$50003=$B$4)*('BASE CONTROLES'!$X$4:$X$50003="VALIDE")*(('BASE CONTROLES'!$M$4:$M$50003=$A$14)+($A$14="")>0)*(('BASE CONTROLES'!$N$4:$N$50003=$B$14)+($B$14="")>0)*(('BASE CONTROLES'!$O$4:$O$50003=$C$14)+($C$14="")>0)*(('BASE CONTROLES'!$P$4:$P$50003=$D$14)+($D$14="")>0)*(('BASE CONTROLES'!$Q$4:$Q$50003=$E$14)+($E$14="")>0)*(('BASE CONTROLES'!$F$4:$F$50003=$F$14)+($F$14="")>0)*(('BASE CONTROLES'!$B$4:$B$50003>=$G$14)+($G$14="")>0)*(('BASE CONTROLES'!$B$4:$B$50003<=$H$14)+($H$14="")>0),ROW('BASE CONTROLES'!$G$4:$G$50003)-4+1),12)),"")) | U28: =IF(PARAMETRES!$C27="","",IF(COUNTIFS('BASE CONTROLES'!$G$4:$G$50003,$B$4,'BASE CONTROLES'!$M$4:$M$50003,PARAMETRES!$C27,'BASE CONTROLES'!$X$4:$X$50003,"VALIDE")>0,PARAMETRES!$C27,""))
A29: =IF($S29="","",INDEX('BASE CONTROLES'!$B$4:$B$50003,$S29)) | B29: =IF($S29="","",INDEX('BASE CONTROLES'!$C$4:$C$50003,$S29)) | C29: =IF($S29="","",INDEX('BASE CONTROLES'!$D$4:$D$50003,$S29)) | D29: =IF($S29="","",INDEX('BASE CONTROLES'!$E$4:$E$50003,$S29)) | E29: =IF($S29="","",INDEX('BASE CONTROLES'!$F$4:$F$50003,$S29)) | F29: =IF($S29="","",INDEX('BASE CONTROLES'!$K$4:$K$50003,$S29)) | G29: =IF($S29="","",INDEX('BASE CONTROLES'!$M$4:$M$50003,$S29)) | H29: =IF($S29="","",INDEX('BASE CONTROLES'!$N$4:$N$50003,$S29)) | I29: =IF($S29="","",INDEX('BASE CONTROLES'!$O$4:$O$50003,$S29)) | J29: =IF($S29="","",INDEX('BASE CONTROLES'!$P$4:$P$50003,$S29)) | K29: =IF($S29="","",INDEX('BASE CONTROLES'!$Q$4:$Q$50003,$S29)) | L29: =IF($S29="","",INDEX('BASE CONTROLES'!$H$4:$H$50003,$S29)) | M29: =IF($S29="","",INDEX('BASE CONTROLES'!$T$4:$T$50003,$S29)) | N29: =IF($S29="","",INDEX('BASE CONTROLES'!$U$4:$U$50003,$S29)) | O29: =IF($S29="","",INDEX('BASE CONTROLES'!$R$4:$R$50003,$S29)) | P29: =IF($S29="","",INDEX('BASE CONTROLES'!$V$4:$V$50003,$S29)) | Q29: =IF($S29="","",INDEX('BASE CONTROLES'!$W$4:$W$50003,$S29)) | S29: =IF($B$4="","",IFERROR(SUMPRODUCT(LARGE(IF(('BASE CONTROLES'!$G$4:$G$50003=$B$4)*('BASE CONTROLES'!$X$4:$X$50003="VALIDE")*(('BASE CONTROLES'!$M$4:$M$50003=$A$14)+($A$14="")>0)*(('BASE CONTROLES'!$N$4:$N$50003=$B$14)+($B$14="")>0)*(('BASE CONTROLES'!$O$4:$O$50003=$C$14)+($C$14="")>0)*(('BASE CONTROLES'!$P$4:$P$50003=$D$14)+($D$14="")>0)*(('BASE CONTROLES'!$Q$4:$Q$50003=$E$14)+($E$14="")>0)*(('BASE CONTROLES'!$F$4:$F$50003=$F$14)+($F$14="")>0)*(('BASE CONTROLES'!$B$4:$B$50003>=$G$14)+($G$14="")>0)*(('BASE CONTROLES'!$B$4:$B$50003<=$H$14)+($H$14="")>0),ROW('BASE CONTROLES'!$G$4:$G$50003)-4+1),13)),"")) | U29: =IF(PARAMETRES!$C28="","",IF(COUNTIFS('BASE CONTROLES'!$G$4:$G$50003,$B$4,'BASE CONTROLES'!$M$4:$M$50003,PARAMETRES!$C28,'BASE CONTROLES'!$X$4:$X$50003,"VALIDE")>0,PARAMETRES!$C28,""))
A30: =IF($S30="","",INDEX('BASE CONTROLES'!$B$4:$B$50003,$S30)) | B30: =IF($S30="","",INDEX('BASE CONTROLES'!$C$4:$C$50003,$S30)) | C30: =IF($S30="","",INDEX('BASE CONTROLES'!$D$4:$D$50003,$S30)) | D30: =IF($S30="","",INDEX('BASE CONTROLES'!$E$4:$E$50003,$S30)) | E30: =IF($S30="","",INDEX('BASE CONTROLES'!$F$4:$F$50003,$S30)) | F30: =IF($S30="","",INDEX('BASE CONTROLES'!$K$4:$K$50003,$S30)) | G30: =IF($S30="","",INDEX('BASE CONTROLES'!$M$4:$M$50003,$S30)) | H30: =IF($S30="","",INDEX('BASE CONTROLES'!$N$4:$N$50003,$S30)) | I30: =IF($S30="","",INDEX('BASE CONTROLES'!$O$4:$O$50003,$S30)) | J30: =IF($S30="","",INDEX('BASE CONTROLES'!$P$4:$P$50003,$S30)) | K30: =IF($S30="","",INDEX('BASE CONTROLES'!$Q$4:$Q$50003,$S30)) | L30: =IF($S30="","",INDEX('BASE CONTROLES'!$H$4:$H$50003,$S30)) | M30: =IF($S30="","",INDEX('BASE CONTROLES'!$T$4:$T$50003,$S30)) | N30: =IF($S30="","",INDEX('BASE CONTROLES'!$U$4:$U$50003,$S30)) | O30: =IF($S30="","",INDEX('BASE CONTROLES'!$R$4:$R$50003,$S30)) | P30: =IF($S30="","",INDEX('BASE CONTROLES'!$V$4:$V$50003,$S30)) | Q30: =IF($S30="","",INDEX('BASE CONTROLES'!$W$4:$W$50003,$S30)) | S30: =IF($B$4="","",IFERROR(SUMPRODUCT(LARGE(IF(('BASE CONTROLES'!$G$4:$G$50003=$B$4)*('BASE CONTROLES'!$X$4:$X$50003="VALIDE")*(('BASE CONTROLES'!$M$4:$M$50003=$A$14)+($A$14="")>0)*(('BASE CONTROLES'!$N$4:$N$50003=$B$14)+($B$14="")>0)*(('BASE CONTROLES'!$O$4:$O$50003=$C$14)+($C$14="")>0)*(('BASE CONTROLES'!$P$4:$P$50003=$D$14)+($D$14="")>0)*(('BASE CONTROLES'!$Q$4:$Q$50003=$E$14)+($E$14="")>0)*(('BASE CONTROLES'!$F$4:$F$50003=$F$14)+($F$14="")>0)*(('BASE CONTROLES'!$B$4:$B$50003>=$G$14)+($G$14="")>0)*(('BASE CONTROLES'!$B$4:$B$50003<=$H$14)+($H$14="")>0),ROW('BASE CONTROLES'!$G$4:$G$50003)-4+1),14)),"")) | U30: =IF(PARAMETRES!$C29="","",IF(COUNTIFS('BASE CONTROLES'!$G$4:$G$50003,$B$4,'BASE CONTROLES'!$M$4:$M$50003,PARAMETRES!$C29,'BASE CONTROLES'!$X$4:$X$50003,"VALIDE")>0,PARAMETRES!$C29,""))
A31: =IF($S31="","",INDEX('BASE CONTROLES'!$B$4:$B$50003,$S31)) | B31: =IF($S31="","",INDEX('BASE CONTROLES'!$C$4:$C$50003,$S31)) | C31: =IF($S31="","",INDEX('BASE CONTROLES'!$D$4:$D$50003,$S31)) | D31: =IF($S31="","",INDEX('BASE CONTROLES'!$E$4:$E$50003,$S31)) | E31: =IF($S31="","",INDEX('BASE CONTROLES'!$F$4:$F$50003,$S31)) | F31: =IF($S31="","",INDEX('BASE CONTROLES'!$K$4:$K$50003,$S31)) | G31: =IF($S31="","",INDEX('BASE CONTROLES'!$M$4:$M$50003,$S31)) | H31: =IF($S31="","",INDEX('BASE CONTROLES'!$N$4:$N$50003,$S31)) | I31: =IF($S31="","",INDEX('BASE CONTROLES'!$O$4:$O$50003,$S31)) | J31: =IF($S31="","",INDEX('BASE CONTROLES'!$P$4:$P$50003,$S31)) | K31: =IF($S31="","",INDEX('BASE CONTROLES'!$Q$4:$Q$50003,$S31)) | L31: =IF($S31="","",INDEX('BASE CONTROLES'!$H$4:$H$50003,$S31)) | M31: =IF($S31="","",INDEX('BASE CONTROLES'!$T$4:$T$50003,$S31)) | N31: =IF($S31="","",INDEX('BASE CONTROLES'!$U$4:$U$50003,$S31)) | O31: =IF($S31="","",INDEX('BASE CONTROLES'!$R$4:$R$50003,$S31)) | P31: =IF($S31="","",INDEX('BASE CONTROLES'!$V$4:$V$50003,$S31)) | Q31: =IF($S31="","",INDEX('BASE CONTROLES'!$W$4:$W$50003,$S31)) | S31: =IF($B$4="","",IFERROR(SUMPRODUCT(LARGE(IF(('BASE CONTROLES'!$G$4:$G$50003=$B$4)*('BASE CONTROLES'!$X$4:$X$50003="VALIDE")*(('BASE CONTROLES'!$M$4:$M$50003=$A$14)+($A$14="")>0)*(('BASE CONTROLES'!$N$4:$N$50003=$B$14)+($B$14="")>0)*(('BASE CONTROLES'!$O$4:$O$50003=$C$14)+($C$14="")>0)*(('BASE CONTROLES'!$P$4:$P$50003=$D$14)+($D$14="")>0)*(('BASE CONTROLES'!$Q$4:$Q$50003=$E$14)+($E$14="")>0)*(('BASE CONTROLES'!$F$4:$F$50003=$F$14)+($F$14="")>0)*(('BASE CONTROLES'!$B$4:$B$50003>=$G$14)+($G$14="")>0)*(('BASE CONTROLES'!$B$4:$B$50003<=$H$14)+($H$14="")>0),ROW('BASE CONTROLES'!$G$4:$G$50003)-4+1),15)),"")) | U31: =IF(PARAMETRES!$C30="","",IF(COUNTIFS('BASE CONTROLES'!$G$4:$G$50003,$B$4,'BASE CONTROLES'!$M$4:$M$50003,PARAMETRES!$C30,'BASE CONTROLES'!$X$4:$X$50003,"VALIDE")>0,PARAMETRES!$C30,""))
A32: =IF($S32="","",INDEX('BASE CONTROLES'!$B$4:$B$50003,$S32)) | B32: =IF($S32="","",INDEX('BASE CONTROLES'!$C$4:$C$50003,$S32)) | C32: =IF($S32="","",INDEX('BASE CONTROLES'!$D$4:$D$50003,$S32)) | D32: =IF($S32="","",INDEX('BASE CONTROLES'!$E$4:$E$50003,$S32)) | E32: =IF($S32="","",INDEX('BASE CONTROLES'!$F$4:$F$50003,$S32)) | F32: =IF($S32="","",INDEX('BASE CONTROLES'!$K$4:$K$50003,$S32)) | G32: =IF($S32="","",INDEX('BASE CONTROLES'!$M$4:$M$50003,$S32)) | H32: =IF($S32="","",INDEX('BASE CONTROLES'!$N$4:$N$50003,$S32)) | I32: =IF($S32="","",INDEX('BASE CONTROLES'!$O$4:$O$50003,$S32)) | J32: =IF($S32="","",INDEX('BASE CONTROLES'!$P$4:$P$50003,$S32)) | K32: =IF($S32="","",INDEX('BASE CONTROLES'!$Q$4:$Q$50003,$S32)) | L32: =IF($S32="","",INDEX('BASE CONTROLES'!$H$4:$H$50003,$S32)) | M32: =IF($S32="","",INDEX('BASE CONTROLES'!$T$4:$T$50003,$S32)) | N32: =IF($S32="","",INDEX('BASE CONTROLES'!$U$4:$U$50003,$S32)) | O32: =IF($S32="","",INDEX('BASE CONTROLES'!$R$4:$R$50003,$S32)) | P32: =IF($S32="","",INDEX('BASE CONTROLES'!$V$4:$V$50003,$S32)) | Q32: =IF($S32="","",INDEX('BASE CONTROLES'!$W$4:$W$50003,$S32)) | S32: =IF($B$4="","",IFERROR(SUMPRODUCT(LARGE(IF(('BASE CONTROLES'!$G$4:$G$50003=$B$4)*('BASE CONTROLES'!$X$4:$X$50003="VALIDE")*(('BASE CONTROLES'!$M$4:$M$50003=$A$14)+($A$14="")>0)*(('BASE CONTROLES'!$N$4:$N$50003=$B$14)+($B$14="")>0)*(('BASE CONTROLES'!$O$4:$O$50003=$C$14)+($C$14="")>0)*(('BASE CONTROLES'!$P$4:$P$50003=$D$14)+($D$14="")>0)*(('BASE CONTROLES'!$Q$4:$Q$50003=$E$14)+($E$14="")>0)*(('BASE CONTROLES'!$F$4:$F$50003=$F$14)+($F$14="")>0)*(('BASE CONTROLES'!$B$4:$B$50003>=$G$14)+($G$14="")>0)*(('BASE CONTROLES'!$B$4:$B$50003<=$H$14)+($H$14="")>0),ROW('BASE CONTROLES'!$G$4:$G$50003)-4+1),16)),"")) | U32: =IF(PARAMETRES!$C31="","",IF(COUNTIFS('BASE CONTROLES'!$G$4:$G$50003,$B$4,'BASE CONTROLES'!$M$4:$M$50003,PARAMETRES!$C31,'BASE CONTROLES'!$X$4:$X$50003,"VALIDE")>0,PARAMETRES!$C31,""))
A33: =IF($S33="","",INDEX('BASE CONTROLES'!$B$4:$B$50003,$S33)) | B33: =IF($S33="","",INDEX('BASE CONTROLES'!$C$4:$C$50003,$S33)) | C33: =IF($S33="","",INDEX('BASE CONTROLES'!$D$4:$D$50003,$S33)) | D33: =IF($S33="","",INDEX('BASE CONTROLES'!$E$4:$E$50003,$S33)) | E33: =IF($S33="","",INDEX('BASE CONTROLES'!$F$4:$F$50003,$S33)) | F33: =IF($S33="","",INDEX('BASE CONTROLES'!$K$4:$K$50003,$S33)) | G33: =IF($S33="","",INDEX('BASE CONTROLES'!$M$4:$M$50003,$S33)) | H33: =IF($S33="","",INDEX('BASE CONTROLES'!$N$4:$N$50003,$S33)) | I33: =IF($S33="","",INDEX('BASE CONTROLES'!$O$4:$O$50003,$S33)) | J33: =IF($S33="","",INDEX('BASE CONTROLES'!$P$4:$P$50003,$S33)) | K33: =IF($S33="","",INDEX('BASE CONTROLES'!$Q$4:$Q$50003,$S33)) | L33: =IF($S33="","",INDEX('BASE CONTROLES'!$H$4:$H$50003,$S33)) | M33: =IF($S33="","",INDEX('BASE CONTROLES'!$T$4:$T$50003,$S33)) | N33: =IF($S33="","",INDEX('BASE CONTROLES'!$U$4:$U$50003,$S33)) | O33: =IF($S33="","",INDEX('BASE CONTROLES'!$R$4:$R$50003,$S33)) | P33: =IF($S33="","",INDEX('BASE CONTROLES'!$V$4:$V$50003,$S33)) | Q33: =IF($S33="","",INDEX('BASE CONTROLES'!$W$4:$W$50003,$S33)) | S33: =IF($B$4="","",IFERROR(SUMPRODUCT(LARGE(IF(('BASE CONTROLES'!$G$4:$G$50003=$B$4)*('BASE CONTROLES'!$X$4:$X$50003="VALIDE")*(('BASE CONTROLES'!$M$4:$M$50003=$A$14)+($A$14="")>0)*(('BASE CONTROLES'!$N$4:$N$50003=$B$14)+($B$14="")>0)*(('BASE CONTROLES'!$O$4:$O$50003=$C$14)+($C$14="")>0)*(('BASE CONTROLES'!$P$4:$P$50003=$D$14)+($D$14="")>0)*(('BASE CONTROLES'!$Q$4:$Q$50003=$E$14)+($E$14="")>0)*(('BASE CONTROLES'!$F$4:$F$50003=$F$14)+($F$14="")>0)*(('BASE CONTROLES'!$B$4:$B$50003>=$G$14)+($G$14="")>0)*(('BASE CONTROLES'!$B$4:$B$50003<=$H$14)+($H$14="")>0),ROW('BASE CONTROLES'!$G$4:$G$50003)-4+1),17)),"")) | U33: =IF(PARAMETRES!$C32="","",IF(COUNTIFS('BASE CONTROLES'!$G$4:$G$50003,$B$4,'BASE CONTROLES'!$M$4:$M$50003,PARAMETRES!$C32,'BASE CONTROLES'!$X$4:$X$50003,"VALIDE")>0,PARAMETRES!$C32,""))
A34: =IF($S34="","",INDEX('BASE CONTROLES'!$B$4:$B$50003,$S34)) | B34: =IF($S34="","",INDEX('BASE CONTROLES'!$C$4:$C$50003,$S34)) | C34: =IF($S34="","",INDEX('BASE CONTROLES'!$D$4:$D$50003,$S34)) | D34: =IF($S34="","",INDEX('BASE CONTROLES'!$E$4:$E$50003,$S34)) | E34: =IF($S34="","",INDEX('BASE CONTROLES'!$F$4:$F$50003,$S34)) | F34: =IF($S34="","",INDEX('BASE CONTROLES'!$K$4:$K$50003,$S34)) | G34: =IF($S34="","",INDEX('BASE CONTROLES'!$M$4:$M$50003,$S34)) | H34: =IF($S34="","",INDEX('BASE CONTROLES'!$N$4:$N$50003,$S34)) | I34: =IF($S34="","",INDEX('BASE CONTROLES'!$O$4:$O$50003,$S34)) | J34: =IF($S34="","",INDEX('BASE CONTROLES'!$P$4:$P$50003,$S34)) | K34: =IF($S34="","",INDEX('BASE CONTROLES'!$Q$4:$Q$50003,$S34)) | L34: =IF($S34="","",INDEX('BASE CONTROLES'!$H$4:$H$50003,$S34)) | M34: =IF($S34="","",INDEX('BASE CONTROLES'!$T$4:$T$50003,$S34)) | N34: =IF($S34="","",INDEX('BASE CONTROLES'!$U$4:$U$50003,$S34)) | O34: =IF($S34="","",INDEX('BASE CONTROLES'!$R$4:$R$50003,$S34)) | P34: =IF($S34="","",INDEX('BASE CONTROLES'!$V$4:$V$50003,$S34)) | Q34: =IF($S34="","",INDEX('BASE CONTROLES'!$W$4:$W$50003,$S34)) | S34: =IF($B$4="","",IFERROR(SUMPRODUCT(LARGE(IF(('BASE CONTROLES'!$G$4:$G$50003=$B$4)*('BASE CONTROLES'!$X$4:$X$50003="VALIDE")*(('BASE CONTROLES'!$M$4:$M$50003=$A$14)+($A$14="")>0)*(('BASE CONTROLES'!$N$4:$N$50003=$B$14)+($B$14="")>0)*(('BASE CONTROLES'!$O$4:$O$50003=$C$14)+($C$14="")>0)*(('BASE CONTROLES'!$P$4:$P$50003=$D$14)+($D$14="")>0)*(('BASE CONTROLES'!$Q$4:$Q$50003=$E$14)+($E$14="")>0)*(('BASE CONTROLES'!$F$4:$F$50003=$F$14)+($F$14="")>0)*(('BASE CONTROLES'!$B$4:$B$50003>=$G$14)+($G$14="")>0)*(('BASE CONTROLES'!$B$4:$B$50003<=$H$14)+($H$14="")>0),ROW('BASE CONTROLES'!$G$4:$G$50003)-4+1),18)),"")) | U34: =IF(PARAMETRES!$C33="","",IF(COUNTIFS('BASE CONTROLES'!$G$4:$G$50003,$B$4,'BASE CONTROLES'!$M$4:$M$50003,PARAMETRES!$C33,'BASE CONTROLES'!$X$4:$X$50003,"VALIDE")>0,PARAMETRES!$C33,""))
A35: =IF($S35="","",INDEX('BASE CONTROLES'!$B$4:$B$50003,$S35)) | B35: =IF($S35="","",INDEX('BASE CONTROLES'!$C$4:$C$50003,$S35)) | C35: =IF($S35="","",INDEX('BASE CONTROLES'!$D$4:$D$50003,$S35)) | D35: =IF($S35="","",INDEX('BASE CONTROLES'!$E$4:$E$50003,$S35)) | E35: =IF($S35="","",INDEX('BASE CONTROLES'!$F$4:$F$50003,$S35)) | F35: =IF($S35="","",INDEX('BASE CONTROLES'!$K$4:$K$50003,$S35)) | G35: =IF($S35="","",INDEX('BASE CONTROLES'!$M$4:$M$50003,$S35)) | H35: =IF($S35="","",INDEX('BASE CONTROLES'!$N$4:$N$50003,$S35)) | I35: =IF($S35="","",INDEX('BASE CONTROLES'!$O$4:$O$50003,$S35)) | J35: =IF($S35="","",INDEX('BASE CONTROLES'!$P$4:$P$50003,$S35)) | K35: =IF($S35="","",INDEX('BASE CONTROLES'!$Q$4:$Q$50003,$S35)) | L35: =IF($S35="","",INDEX('BASE CONTROLES'!$H$4:$H$50003,$S35)) | M35: =IF($S35="","",INDEX('BASE CONTROLES'!$T$4:$T$50003,$S35)) | N35: =IF($S35="","",INDEX('BASE CONTROLES'!$U$4:$U$50003,$S35)) | O35: =IF($S35="","",INDEX('BASE CONTROLES'!$R$4:$R$50003,$S35)) | P35: =IF($S35="","",INDEX('BASE CONTROLES'!$V$4:$V$50003,$S35)) | Q35: =IF($S35="","",INDEX('BASE CONTROLES'!$W$4:$W$50003,$S35)) | S35: =IF($B$4="","",IFERROR(SUMPRODUCT(LARGE(IF(('BASE CONTROLES'!$G$4:$G$50003=$B$4)*('BASE CONTROLES'!$X$4:$X$50003="VALIDE")*(('BASE CONTROLES'!$M$4:$M$50003=$A$14)+($A$14="")>0)*(('BASE CONTROLES'!$N$4:$N$50003=$B$14)+($B$14="")>0)*(('BASE CONTROLES'!$O$4:$O$50003=$C$14)+($C$14="")>0)*(('BASE CONTROLES'!$P$4:$P$50003=$D$14)+($D$14="")>0)*(('BASE CONTROLES'!$Q$4:$Q$50003=$E$14)+($E$14="")>0)*(('BASE CONTROLES'!$F$4:$F$50003=$F$14)+($F$14="")>0)*(('BASE CONTROLES'!$B$4:$B$50003>=$G$14)+($G$14="")>0)*(('BASE CONTROLES'!$B$4:$B$50003<=$H$14)+($H$14="")>0),ROW('BASE CONTROLES'!$G$4:$G$50003)-4+1),19)),"")) | U35: =IF(PARAMETRES!$C34="","",IF(COUNTIFS('BASE CONTROLES'!$G$4:$G$50003,$B$4,'BASE CONTROLES'!$M$4:$M$50003,PARAMETRES!$C34,'BASE CONTROLES'!$X$4:$X$50003,"VALIDE")>0,PARAMETRES!$C34,""))
A36: =IF($S36="","",INDEX('BASE CONTROLES'!$B$4:$B$50003,$S36)) | B36: =IF($S36="","",INDEX('BASE CONTROLES'!$C$4:$C$50003,$S36)) | C36: =IF($S36="","",INDEX('BASE CONTROLES'!$D$4:$D$50003,$S36)) | D36: =IF($S36="","",INDEX('BASE CONTROLES'!$E$4:$E$50003,$S36)) | E36: =IF($S36="","",INDEX('BASE CONTROLES'!$F$4:$F$50003,$S36)) | F36: =IF($S36="","",INDEX('BASE CONTROLES'!$K$4:$K$50003,$S36)) | G36: =IF($S36="","",INDEX('BASE CONTROLES'!$M$4:$M$50003,$S36)) | H36: =IF($S36="","",INDEX('BASE CONTROLES'!$N$4:$N$50003,$S36)) | I36: =IF($S36="","",INDEX('BASE CONTROLES'!$O$4:$O$50003,$S36)) | J36: =IF($S36="","",INDEX('BASE CONTROLES'!$P$4:$P$50003,$S36)) | K36: =IF($S36="","",INDEX('BASE CONTROLES'!$Q$4:$Q$50003,$S36)) | L36: =IF($S36="","",INDEX('BASE CONTROLES'!$H$4:$H$50003,$S36)) | M36: =IF($S36="","",INDEX('BASE CONTROLES'!$T$4:$T$50003,$S36)) | N36: =IF($S36="","",INDEX('BASE CONTROLES'!$U$4:$U$50003,$S36)) | O36: =IF($S36="","",INDEX('BASE CONTROLES'!$R$4:$R$50003,$S36)) | P36: =IF($S36="","",INDEX('BASE CONTROLES'!$V$4:$V$50003,$S36)) | Q36: =IF($S36="","",INDEX('BASE CONTROLES'!$W$4:$W$50003,$S36)) | S36: =IF($B$4="","",IFERROR(SUMPRODUCT(LARGE(IF(('BASE CONTROLES'!$G$4:$G$50003=$B$4)*('BASE CONTROLES'!$X$4:$X$50003="VALIDE")*(('BASE CONTROLES'!$M$4:$M$50003=$A$14)+($A$14="")>0)*(('BASE CONTROLES'!$N$4:$N$50003=$B$14)+($B$14="")>0)*(('BASE CONTROLES'!$O$4:$O$50003=$C$14)+($C$14="")>0)*(('BASE CONTROLES'!$P$4:$P$50003=$D$14)+($D$14="")>0)*(('BASE CONTROLES'!$Q$4:$Q$50003=$E$14)+($E$14="")>0)*(('BASE CONTROLES'!$F$4:$F$50003=$F$14)+($F$14="")>0)*(('BASE CONTROLES'!$B$4:$B$50003>=$G$14)+($G$14="")>0)*(('BASE CONTROLES'!$B$4:$B$50003<=$H$14)+($H$14="")>0),ROW('BASE CONTROLES'!$G$4:$G$50003)-4+1),20)),"")) | U36: =IF(PARAMETRES!$C35="","",IF(COUNTIFS('BASE CONTROLES'!$G$4:$G$50003,$B$4,'BASE CONTROLES'!$M$4:$M$50003,PARAMETRES!$C35,'BASE CONTROLES'!$X$4:$X$50003,"VALIDE")>0,PARAMETRES!$C35,""))
A37: =IF($S37="","",INDEX('BASE CONTROLES'!$B$4:$B$50003,$S37)) | B37: =IF($S37="","",INDEX('BASE CONTROLES'!$C$4:$C$50003,$S37)) | C37: =IF($S37="","",INDEX('BASE CONTROLES'!$D$4:$D$50003,$S37)) | D37: =IF($S37="","",INDEX('BASE CONTROLES'!$E$4:$E$50003,$S37)) | E37: =IF($S37="","",INDEX('BASE CONTROLES'!$F$4:$F$50003,$S37)) | F37: =IF($S37="","",INDEX('BASE CONTROLES'!$K$4:$K$50003,$S37)) | G37: =IF($S37="","",INDEX('BASE CONTROLES'!$M$4:$M$50003,$S37)) | H37: =IF($S37="","",INDEX('BASE CONTROLES'!$N$4:$N$50003,$S37)) | I37: =IF($S37="","",INDEX('BASE CONTROLES'!$O$4:$O$50003,$S37)) | J37: =IF($S37="","",INDEX('BASE CONTROLES'!$P$4:$P$50003,$S37)) | K37: =IF($S37="","",INDEX('BASE CONTROLES'!$Q$4:$Q$50003,$S37)) | L37: =IF($S37="","",INDEX('BASE CONTROLES'!$H$4:$H$50003,$S37)) | M37: =IF($S37="","",INDEX('BASE CONTROLES'!$T$4:$T$50003,$S37)) | N37: =IF($S37="","",INDEX('BASE CONTROLES'!$U$4:$U$50003,$S37)) | O37: =IF($S37="","",INDEX('BASE CONTROLES'!$R$4:$R$50003,$S37)) | P37: =IF($S37="","",INDEX('BASE CONTROLES'!$V$4:$V$50003,$S37)) | Q37: =IF($S37="","",INDEX('BASE CONTROLES'!$W$4:$W$50003,$S37)) | S37: =IF($B$4="","",IFERROR(SUMPRODUCT(LARGE(IF(('BASE CONTROLES'!$G$4:$G$50003=$B$4)*('BASE CONTROLES'!$X$4:$X$50003="VALIDE")*(('BASE CONTROLES'!$M$4:$M$50003=$A$14)+($A$14="")>0)*(('BASE CONTROLES'!$N$4:$N$50003=$B$14)+($B$14="")>0)*(('BASE CONTROLES'!$O$4:$O$50003=$C$14)+($C$14="")>0)*(('BASE CONTROLES'!$P$4:$P$50003=$D$14)+($D$14="")>0)*(('BASE CONTROLES'!$Q$4:$Q$50003=$E$14)+($E$14="")>0)*(('BASE CONTROLES'!$F$4:$F$50003=$F$14)+($F$14="")>0)*(('BASE CONTROLES'!$B$4:$B$50003>=$G$14)+($G$14="")>0)*(('BASE CONTROLES'!$B$4:$B$50003<=$H$14)+($H$14="")>0),ROW('BASE CONTROLES'!$G$4:$G$50003)-4+1),21)),"")) | U37: =IF(PARAMETRES!$C36="","",IF(COUNTIFS('BASE CONTROLES'!$G$4:$G$50003,$B$4,'BASE CONTROLES'!$M$4:$M$50003,PARAMETRES!$C36,'BASE CONTROLES'!$X$4:$X$50003,"VALIDE")>0,PARAMETRES!$C36,""))
A38: =IF($S38="","",INDEX('BASE CONTROLES'!$B$4:$B$50003,$S38)) | B38: =IF($S38="","",INDEX('BASE CONTROLES'!$C$4:$C$50003,$S38)) | C38: =IF($S38="","",INDEX('BASE CONTROLES'!$D$4:$D$50003,$S38)) | D38: =IF($S38="","",INDEX('BASE CONTROLES'!$E$4:$E$50003,$S38)) | E38: =IF($S38="","",INDEX('BASE CONTROLES'!$F$4:$F$50003,$S38)) | F38: =IF($S38="","",INDEX('BASE CONTROLES'!$K$4:$K$50003,$S38)) | G38: =IF($S38="","",INDEX('BASE CONTROLES'!$M$4:$M$50003,$S38)) | H38: =IF($S38="","",INDEX('BASE CONTROLES'!$N$4:$N$50003,$S38)) | I38: =IF($S38="","",INDEX('BASE CONTROLES'!$O$4:$O$50003,$S38)) | J38: =IF($S38="","",INDEX('BASE CONTROLES'!$P$4:$P$50003,$S38)) | K38: =IF($S38="","",INDEX('BASE CONTROLES'!$Q$4:$Q$50003,$S38)) | L38: =IF($S38="","",INDEX('BASE CONTROLES'!$H$4:$H$50003,$S38)) | M38: =IF($S38="","",INDEX('BASE CONTROLES'!$T$4:$T$50003,$S38)) | N38: =IF($S38="","",INDEX('BASE CONTROLES'!$U$4:$U$50003,$S38)) | O38: =IF($S38="","",INDEX('BASE CONTROLES'!$R$4:$R$50003,$S38)) | P38: =IF($S38="","",INDEX('BASE CONTROLES'!$V$4:$V$50003,$S38)) | Q38: =IF($S38="","",INDEX('BASE CONTROLES'!$W$4:$W$50003,$S38)) | S38: =IF($B$4="","",IFERROR(SUMPRODUCT(LARGE(IF(('BASE CONTROLES'!$G$4:$G$50003=$B$4)*('BASE CONTROLES'!$X$4:$X$50003="VALIDE")*(('BASE CONTROLES'!$M$4:$M$50003=$A$14)+($A$14="")>0)*(('BASE CONTROLES'!$N$4:$N$50003=$B$14)+($B$14="")>0)*(('BASE CONTROLES'!$O$4:$O$50003=$C$14)+($C$14="")>0)*(('BASE CONTROLES'!$P$4:$P$50003=$D$14)+($D$14="")>0)*(('BASE CONTROLES'!$Q$4:$Q$50003=$E$14)+($E$14="")>0)*(('BASE CONTROLES'!$F$4:$F$50003=$F$14)+($F$14="")>0)*(('BASE CONTROLES'!$B$4:$B$50003>=$G$14)+($G$14="")>0)*(('BASE CONTROLES'!$B$4:$B$50003<=$H$14)+($H$14="")>0),ROW('BASE CONTROLES'!$G$4:$G$50003)-4+1),22)),"")) | U38: =IF(PARAMETRES!$C37="","",IF(COUNTIFS('BASE CONTROLES'!$G$4:$G$50003,$B$4,'BASE CONTROLES'!$M$4:$M$50003,PARAMETRES!$C37,'BASE CONTROLES'!$X$4:$X$50003,"VALIDE")>0,PARAMETRES!$C37,""))
A39: =IF($S39="","",INDEX('BASE CONTROLES'!$B$4:$B$50003,$S39)) | B39: =IF($S39="","",INDEX('BASE CONTROLES'!$C$4:$C$50003,$S39)) | C39: =IF($S39="","",INDEX('BASE CONTROLES'!$D$4:$D$50003,$S39)) | D39: =IF($S39="","",INDEX('BASE CONTROLES'!$E$4:$E$50003,$S39)) | E39: =IF($S39="","",INDEX('BASE CONTROLES'!$F$4:$F$50003,$S39)) | F39: =IF($S39="","",INDEX('BASE CONTROLES'!$K$4:$K$50003,$S39)) | G39: =IF($S39="","",INDEX('BASE CONTROLES'!$M$4:$M$50003,$S39)) | H39: =IF($S39="","",INDEX('BASE CONTROLES'!$N$4:$N$50003,$S39)) | I39: =IF($S39="","",INDEX('BASE CONTROLES'!$O$4:$O$50003,$S39)) | J39: =IF($S39="","",INDEX('BASE CONTROLES'!$P$4:$P$50003,$S39)) | K39: =IF($S39="","",INDEX('BASE CONTROLES'!$Q$4:$Q$50003,$S39)) | L39: =IF($S39="","",INDEX('BASE CONTROLES'!$H$4:$H$50003,$S39)) | M39: =IF($S39="","",INDEX('BASE CONTROLES'!$T$4:$T$50003,$S39)) | N39: =IF($S39="","",INDEX('BASE CONTROLES'!$U$4:$U$50003,$S39)) | O39: =IF($S39="","",INDEX('BASE CONTROLES'!$R$4:$R$50003,$S39)) | P39: =IF($S39="","",INDEX('BASE CONTROLES'!$V$4:$V$50003,$S39)) | Q39: =IF($S39="","",INDEX('BASE CONTROLES'!$W$4:$W$50003,$S39)) | S39: =IF($B$4="","",IFERROR(SUMPRODUCT(LARGE(IF(('BASE CONTROLES'!$G$4:$G$50003=$B$4)*('BASE CONTROLES'!$X$4:$X$50003="VALIDE")*(('BASE CONTROLES'!$M$4:$M$50003=$A$14)+($A$14="")>0)*(('BASE CONTROLES'!$N$4:$N$50003=$B$14)+($B$14="")>0)*(('BASE CONTROLES'!$O$4:$O$50003=$C$14)+($C$14="")>0)*(('BASE CONTROLES'!$P$4:$P$50003=$D$14)+($D$14="")>0)*(('BASE CONTROLES'!$Q$4:$Q$50003=$E$14)+($E$14="")>0)*(('BASE CONTROLES'!$F$4:$F$50003=$F$14)+($F$14="")>0)*(('BASE CONTROLES'!$B$4:$B$50003>=$G$14)+($G$14="")>0)*(('BASE CONTROLES'!$B$4:$B$50003<=$H$14)+($H$14="")>0),ROW('BASE CONTROLES'!$G$4:$G$50003)-4+1),23)),""))
A40: =IF($S40="","",INDEX('BASE CONTROLES'!$B$4:$B$50003,$S40)) | B40: =IF($S40="","",INDEX('BASE CONTROLES'!$C$4:$C$50003,$S40)) | C40: =IF($S40="","",INDEX('BASE CONTROLES'!$D$4:$D$50003,$S40)) | D40: =IF($S40="","",INDEX('BASE CONTROLES'!$E$4:$E$50003,$S40)) | E40: =IF($S40="","",INDEX('BASE CONTROLES'!$F$4:$F$50003,$S40)) | F40: =IF($S40="","",INDEX('BASE CONTROLES'!$K$4:$K$50003,$S40)) | G40: =IF($S40="","",INDEX('BASE CONTROLES'!$M$4:$M$50003,$S40)) | H40: =IF($S40="","",INDEX('BASE CONTROLES'!$N$4:$N$50003,$S40)) | I40: =IF($S40="","",INDEX('BASE CONTROLES'!$O$4:$O$50003,$S40)) | J40: =IF($S40="","",INDEX('BASE CONTROLES'!$P$4:$P$50003,$S40)) | K40: =IF($S40="","",INDEX('BASE CONTROLES'!$Q$4:$Q$50003,$S40)) | L40: =IF($S40="","",INDEX('BASE CONTROLES'!$H$4:$H$50003,$S40)) | M40: =IF($S40="","",INDEX('BASE CONTROLES'!$T$4:$T$50003,$S40)) | N40: =IF($S40="","",INDEX('BASE CONTROLES'!$U$4:$U$50003,$S40)) | O40: =IF($S40="","",INDEX('BASE CONTROLES'!$R$4:$R$50003,$S40)) | P40: =IF($S40="","",INDEX('BASE CONTROLES'!$V$4:$V$50003,$S40)) | Q40: =IF($S40="","",INDEX('BASE CONTROLES'!$W$4:$W$50003,$S40)) | S40: =IF($B$4="","",IFERROR(SUMPRODUCT(LARGE(IF(('BASE CONTROLES'!$G$4:$G$50003=$B$4)*('BASE CONTROLES'!$X$4:$X$50003="VALIDE")*(('BASE CONTROLES'!$M$4:$M$50003=$A$14)+($A$14="")>0)*(('BASE CONTROLES'!$N$4:$N$50003=$B$14)+($B$14="")>0)*(('BASE CONTROLES'!$O$4:$O$50003=$C$14)+($C$14="")>0)*(('BASE CONTROLES'!$P$4:$P$50003=$D$14)+($D$14="")>0)*(('BASE CONTROLES'!$Q$4:$Q$50003=$E$14)+($E$14="")>0)*(('BASE CONTROLES'!$F$4:$F$50003=$F$14)+($F$14="")>0)*(('BASE CONTROLES'!$B$4:$B$50003>=$G$14)+($G$14="")>0)*(('BASE CONTROLES'!$B$4:$B$50003<=$H$14)+($H$14="")>0),ROW('BASE CONTROLES'!$G$4:$G$50003)-4+1),24)),""))
A41: =IF($S41="","",INDEX('BASE CONTROLES'!$B$4:$B$50003,$S41)) | B41: =IF($S41="","",INDEX('BASE CONTROLES'!$C$4:$C$50003,$S41)) | C41: =IF($S41="","",INDEX('BASE CONTROLES'!$D$4:$D$50003,$S41)) | D41: =IF($S41="","",INDEX('BASE CONTROLES'!$E$4:$E$50003,$S41)) | E41: =IF($S41="","",INDEX('BASE CONTROLES'!$F$4:$F$50003,$S41)) | F41: =IF($S41="","",INDEX('BASE CONTROLES'!$K$4:$K$50003,$S41)) | G41: =IF($S41="","",INDEX('BASE CONTROLES'!$M$4:$M$50003,$S41)) | H41: =IF($S41="","",INDEX('BASE CONTROLES'!$N$4:$N$50003,$S41)) | I41: =IF($S41="","",INDEX('BASE CONTROLES'!$O$4:$O$50003,$S41)) | J41: =IF($S41="","",INDEX('BASE CONTROLES'!$P$4:$P$50003,$S41)) | K41: =IF($S41="","",INDEX('BASE CONTROLES'!$Q$4:$Q$50003,$S41)) | L41: =IF($S41="","",INDEX('BASE CONTROLES'!$H$4:$H$50003,$S41)) | M41: =IF($S41="","",INDEX('BASE CONTROLES'!$T$4:$T$50003,$S41)) | N41: =IF($S41="","",INDEX('BASE CONTROLES'!$U$4:$U$50003,$S41)) | O41: =IF($S41="","",INDEX('BASE CONTROLES'!$R$4:$R$50003,$S41)) | P41: =IF($S41="","",INDEX('BASE CONTROLES'!$V$4:$V$50003,$S41)) | Q41: =IF($S41="","",INDEX('BASE CONTROLES'!$W$4:$W$50003,$S41)) | S41: =IF($B$4="","",IFERROR(SUMPRODUCT(LARGE(IF(('BASE CONTROLES'!$G$4:$G$50003=$B$4)*('BASE CONTROLES'!$X$4:$X$50003="VALIDE")*(('BASE CONTROLES'!$M$4:$M$50003=$A$14)+($A$14="")>0)*(('BASE CONTROLES'!$N$4:$N$50003=$B$14)+($B$14="")>0)*(('BASE CONTROLES'!$O$4:$O$50003=$C$14)+($C$14="")>0)*(('BASE CONTROLES'!$P$4:$P$50003=$D$14)+($D$14="")>0)*(('BASE CONTROLES'!$Q$4:$Q$50003=$E$14)+($E$14="")>0)*(('BASE CONTROLES'!$F$4:$F$50003=$F$14)+($F$14="")>0)*(('BASE CONTROLES'!$B$4:$B$50003>=$G$14)+($G$14="")>0)*(('BASE CONTROLES'!$B$4:$B$50003<=$H$14)+($H$14="")>0),ROW('BASE CONTROLES'!$G$4:$G$50003)-4+1),25)),""))
A42: =IF($S42="","",INDEX('BASE CONTROLES'!$B$4:$B$50003,$S42)) | B42: =IF($S42="","",INDEX('BASE CONTROLES'!$C$4:$C$50003,$S42)) | C42: =IF($S42="","",INDEX('BASE CONTROLES'!$D$4:$D$50003,$S42)) | D42: =IF($S42="","",INDEX('BASE CONTROLES'!$E$4:$E$50003,$S42)) | E42: =IF($S42="","",INDEX('BASE CONTROLES'!$F$4:$F$50003,$S42)) | F42: =IF($S42="","",INDEX('BASE CONTROLES'!$K$4:$K$50003,$S42)) | G42: =IF($S42="","",INDEX('BASE CONTROLES'!$M$4:$M$50003,$S42)) | H42: =IF($S42="","",INDEX('BASE CONTROLES'!$N$4:$N$50003,$S42)) | I42: =IF($S42="","",INDEX('BASE CONTROLES'!$O$4:$O$50003,$S42)) | J42: =IF($S42="","",INDEX('BASE CONTROLES'!$P$4:$P$50003,$S42)) | K42: =IF($S42="","",INDEX('BASE CONTROLES'!$Q$4:$Q$50003,$S42)) | L42: =IF($S42="","",INDEX('BASE CONTROLES'!$H$4:$H$50003,$S42)) | M42: =IF($S42="","",INDEX('BASE CONTROLES'!$T$4:$T$50003,$S42)) | N42: =IF($S42="","",INDEX('BASE CONTROLES'!$U$4:$U$50003,$S42)) | O42: =IF($S42="","",INDEX('BASE CONTROLES'!$R$4:$R$50003,$S42)) | P42: =IF($S42="","",INDEX('BASE CONTROLES'!$V$4:$V$50003,$S42)) | Q42: =IF($S42="","",INDEX('BASE CONTROLES'!$W$4:$W$50003,$S42)) | S42: =IF($B$4="","",IFERROR(SUMPRODUCT(LARGE(IF(('BASE CONTROLES'!$G$4:$G$50003=$B$4)*('BASE CONTROLES'!$X$4:$X$50003="VALIDE")*(('BASE CONTROLES'!$M$4:$M$50003=$A$14)+($A$14="")>0)*(('BASE CONTROLES'!$N$4:$N$50003=$B$14)+($B$14="")>0)*(('BASE CONTROLES'!$O$4:$O$50003=$C$14)+($C$14="")>0)*(('BASE CONTROLES'!$P$4:$P$50003=$D$14)+($D$14="")>0)*(('BASE CONTROLES'!$Q$4:$Q$50003=$E$14)+($E$14="")>0)*(('BASE CONTROLES'!$F$4:$F$50003=$F$14)+($F$14="")>0)*(('BASE CONTROLES'!$B$4:$B$50003>=$G$14)+($G$14="")>0)*(('BASE CONTROLES'!$B$4:$B$50003<=$H$14)+($H$14="")>0),ROW('BASE CONTROLES'!$G$4:$G$50003)-4+1),26)),""))
A43: =IF($S43="","",INDEX('BASE CONTROLES'!$B$4:$B$50003,$S43)) | B43: =IF($S43="","",INDEX('BASE CONTROLES'!$C$4:$C$50003,$S43)) | C43: =IF($S43="","",INDEX('BASE CONTROLES'!$D$4:$D$50003,$S43)) | D43: =IF($S43="","",INDEX('BASE CONTROLES'!$E$4:$E$50003,$S43)) | E43: =IF($S43="","",INDEX('BASE CONTROLES'!$F$4:$F$50003,$S43)) | F43: =IF($S43="","",INDEX('BASE CONTROLES'!$K$4:$K$50003,$S43)) | G43: =IF($S43="","",INDEX('BASE CONTROLES'!$M$4:$M$50003,$S43)) | H43: =IF($S43="","",INDEX('BASE CONTROLES'!$N$4:$N$50003,$S43)) | I43: =IF($S43="","",INDEX('BASE CONTROLES'!$O$4:$O$50003,$S43)) | J43: =IF($S43="","",INDEX('BASE CONTROLES'!$P$4:$P$50003,$S43)) | K43: =IF($S43="","",INDEX('BASE CONTROLES'!$Q$4:$Q$50003,$S43)) | L43: =IF($S43="","",INDEX('BASE CONTROLES'!$H$4:$H$50003,$S43)) | M43: =IF($S43="","",INDEX('BASE CONTROLES'!$T$4:$T$50003,$S43)) | N43: =IF($S43="","",INDEX('BASE CONTROLES'!$U$4:$U$50003,$S43)) | O43: =IF($S43="","",INDEX('BASE CONTROLES'!$R$4:$R$50003,$S43)) | P43: =IF($S43="","",INDEX('BASE CONTROLES'!$V$4:$V$50003,$S43)) | Q43: =IF($S43="","",INDEX('BASE CONTROLES'!$W$4:$W$50003,$S43)) | S43: =IF($B$4="","",IFERROR(SUMPRODUCT(LARGE(IF(('BASE CONTROLES'!$G$4:$G$50003=$B$4)*('BASE CONTROLES'!$X$4:$X$50003="VALIDE")*(('BASE CONTROLES'!$M$4:$M$50003=$A$14)+($A$14="")>0)*(('BASE CONTROLES'!$N$4:$N$50003=$B$14)+($B$14="")>0)*(('BASE CONTROLES'!$O$4:$O$50003=$C$14)+($C$14="")>0)*(('BASE CONTROLES'!$P$4:$P$50003=$D$14)+($D$14="")>0)*(('BASE CONTROLES'!$Q$4:$Q$50003=$E$14)+($E$14="")>0)*(('BASE CONTROLES'!$F$4:$F$50003=$F$14)+($F$14="")>0)*(('BASE CONTROLES'!$B$4:$B$50003>=$G$14)+($G$14="")>0)*(('BASE CONTROLES'!$B$4:$B$50003<=$H$14)+($H$14="")>0),ROW('BASE CONTROLES'!$G$4:$G$50003)-4+1),27)),""))
A44: =IF($S44="","",INDEX('BASE CONTROLES'!$B$4:$B$50003,$S44)) | B44: =IF($S44="","",INDEX('BASE CONTROLES'!$C$4:$C$50003,$S44)) | C44: =IF($S44="","",INDEX('BASE CONTROLES'!$D$4:$D$50003,$S44)) | D44: =IF($S44="","",INDEX('BASE CONTROLES'!$E$4:$E$50003,$S44)) | E44: =IF($S44="","",INDEX('BASE CONTROLES'!$F$4:$F$50003,$S44)) | F44: =IF($S44="","",INDEX('BASE CONTROLES'!$K$4:$K$50003,$S44)) | G44: =IF($S44="","",INDEX('BASE CONTROLES'!$M$4:$M$50003,$S44)) | H44: =IF($S44="","",INDEX('BASE CONTROLES'!$N$4:$N$50003,$S44)) | I44: =IF($S44="","",INDEX('BASE CONTROLES'!$O$4:$O$50003,$S44)) | J44: =IF($S44="","",INDEX('BASE CONTROLES'!$P$4:$P$50003,$S44)) | K44: =IF($S44="","",INDEX('BASE CONTROLES'!$Q$4:$Q$50003,$S44)) | L44: =IF($S44="","",INDEX('BASE CONTROLES'!$H$4:$H$50003,$S44)) | M44: =IF($S44="","",INDEX('BASE CONTROLES'!$T$4:$T$50003,$S44)) | N44: =IF($S44="","",INDEX('BASE CONTROLES'!$U$4:$U$50003,$S44)) | O44: =IF($S44="","",INDEX('BASE CONTROLES'!$R$4:$R$50003,$S44)) | P44: =IF($S44="","",INDEX('BASE CONTROLES'!$V$4:$V$50003,$S44)) | Q44: =IF($S44="","",INDEX('BASE CONTROLES'!$W$4:$W$50003,$S44)) | S44: =IF($B$4="","",IFERROR(SUMPRODUCT(LARGE(IF(('BASE CONTROLES'!$G$4:$G$50003=$B$4)*('BASE CONTROLES'!$X$4:$X$50003="VALIDE")*(('BASE CONTROLES'!$M$4:$M$50003=$A$14)+($A$14="")>0)*(('BASE CONTROLES'!$N$4:$N$50003=$B$14)+($B$14="")>0)*(('BASE CONTROLES'!$O$4:$O$50003=$C$14)+($C$14="")>0)*(('BASE CONTROLES'!$P$4:$P$50003=$D$14)+($D$14="")>0)*(('BASE CONTROLES'!$Q$4:$Q$50003=$E$14)+($E$14="")>0)*(('BASE CONTROLES'!$F$4:$F$50003=$F$14)+($F$14="")>0)*(('BASE CONTROLES'!$B$4:$B$50003>=$G$14)+($G$14="")>0)*(('BASE CONTROLES'!$B$4:$B$50003<=$H$14)+($H$14="")>0),ROW('BASE CONTROLES'!$G$4:$G$50003)-4+1),28)),""))
A45: =IF($S45="","",INDEX('BASE CONTROLES'!$B$4:$B$50003,$S45)) | B45: =IF($S45="","",INDEX('BASE CONTROLES'!$C$4:$C$50003,$S45)) | C45: =IF($S45="","",INDEX('BASE CONTROLES'!$D$4:$D$50003,$S45)) | D45: =IF($S45="","",INDEX('BASE CONTROLES'!$E$4:$E$50003,$S45)) | E45: =IF($S45="","",INDEX('BASE CONTROLES'!$F$4:$F$50003,$S45)) | F45: =IF($S45="","",INDEX('BASE CONTROLES'!$K$4:$K$50003,$S45)) | G45: =IF($S45="","",INDEX('BASE CONTROLES'!$M$4:$M$50003,$S45)) | H45: =IF($S45="","",INDEX('BASE CONTROLES'!$N$4:$N$50003,$S45)) | I45: =IF($S45="","",INDEX('BASE CONTROLES'!$O$4:$O$50003,$S45)) | J45: =IF($S45="","",INDEX('BASE CONTROLES'!$P$4:$P$50003,$S45)) | K45: =IF($S45="","",INDEX('BASE CONTROLES'!$Q$4:$Q$50003,$S45)) | L45: =IF($S45="","",INDEX('BASE CONTROLES'!$H$4:$H$50003,$S45)) | M45: =IF($S45="","",INDEX('BASE CONTROLES'!$T$4:$T$50003,$S45)) | N45: =IF($S45="","",INDEX('BASE CONTROLES'!$U$4:$U$50003,$S45)) | O45: =IF($S45="","",INDEX('BASE CONTROLES'!$R$4:$R$50003,$S45)) | P45: =IF($S45="","",INDEX('BASE CONTROLES'!$V$4:$V$50003,$S45)) | Q45: =IF($S45="","",INDEX('BASE CONTROLES'!$W$4:$W$50003,$S45)) | S45: =IF($B$4="","",IFERROR(SUMPRODUCT(LARGE(IF(('BASE CONTROLES'!$G$4:$G$50003=$B$4)*('BASE CONTROLES'!$X$4:$X$50003="VALIDE")*(('BASE CONTROLES'!$M$4:$M$50003=$A$14)+($A$14="")>0)*(('BASE CONTROLES'!$N$4:$N$50003=$B$14)+($B$14="")>0)*(('BASE CONTROLES'!$O$4:$O$50003=$C$14)+($C$14="")>0)*(('BASE CONTROLES'!$P$4:$P$50003=$D$14)+($D$14="")>0)*(('BASE CONTROLES'!$Q$4:$Q$50003=$E$14)+($E$14="")>0)*(('BASE CONTROLES'!$F$4:$F$50003=$F$14)+($F$14="")>0)*(('BASE CONTROLES'!$B$4:$B$50003>=$G$14)+($G$14="")>0)*(('BASE CONTROLES'!$B$4:$B$50003<=$H$14)+($H$14="")>0),ROW('BASE CONTROLES'!$G$4:$G$50003)-4+1),29)),""))
A46: =IF($S46="","",INDEX('BASE CONTROLES'!$B$4:$B$50003,$S46)) | B46: =IF($S46="","",INDEX('BASE CONTROLES'!$C$4:$C$50003,$S46)) | C46: =IF($S46="","",INDEX('BASE CONTROLES'!$D$4:$D$50003,$S46)) | D46: =IF($S46="","",INDEX('BASE CONTROLES'!$E$4:$E$50003,$S46)) | E46: =IF($S46="","",INDEX('BASE CONTROLES'!$F$4:$F$50003,$S46)) | F46: =IF($S46="","",INDEX('BASE CONTROLES'!$K$4:$K$50003,$S46)) | G46: =IF($S46="","",INDEX('BASE CONTROLES'!$M$4:$M$50003,$S46)) | H46: =IF($S46="","",INDEX('BASE CONTROLES'!$N$4:$N$50003,$S46)) | I46: =IF($S46="","",INDEX('BASE CONTROLES'!$O$4:$O$50003,$S46)) | J46: =IF($S46="","",INDEX('BASE CONTROLES'!$P$4:$P$50003,$S46)) | K46: =IF($S46="","",INDEX('BASE CONTROLES'!$Q$4:$Q$50003,$S46)) | L46: =IF($S46="","",INDEX('BASE CONTROLES'!$H$4:$H$50003,$S46)) | M46: =IF($S46="","",INDEX('BASE CONTROLES'!$T$4:$T$50003,$S46)) | N46: =IF($S46="","",INDEX('BASE CONTROLES'!$U$4:$U$50003,$S46)) | O46: =IF($S46="","",INDEX('BASE CONTROLES'!$R$4:$R$50003,$S46)) | P46: =IF($S46="","",INDEX('BASE CONTROLES'!$V$4:$V$50003,$S46)) | Q46: =IF($S46="","",INDEX('BASE CONTROLES'!$W$4:$W$50003,$S46)) | S46: =IF($B$4="","",IFERROR(SUMPRODUCT(LARGE(IF(('BASE CONTROLES'!$G$4:$G$50003=$B$4)*('BASE CONTROLES'!$X$4:$X$50003="VALIDE")*(('BASE CONTROLES'!$M$4:$M$50003=$A$14)+($A$14="")>0)*(('BASE CONTROLES'!$N$4:$N$50003=$B$14)+($B$14="")>0)*(('BASE CONTROLES'!$O$4:$O$50003=$C$14)+($C$14="")>0)*(('BASE CONTROLES'!$P$4:$P$50003=$D$14)+($D$14="")>0)*(('BASE CONTROLES'!$Q$4:$Q$50003=$E$14)+($E$14="")>0)*(('BASE CONTROLES'!$F$4:$F$50003=$F$14)+($F$14="")>0)*(('BASE CONTROLES'!$B$4:$B$50003>=$G$14)+($G$14="")>0)*(('BASE CONTROLES'!$B$4:$B$50003<=$H$14)+($H$14="")>0),ROW('BASE CONTROLES'!$G$4:$G$50003)-4+1),30)),""))
A47: =IF($S47="","",INDEX('BASE CONTROLES'!$B$4:$B$50003,$S47)) | B47: =IF($S47="","",INDEX('BASE CONTROLES'!$C$4:$C$50003,$S47)) | C47: =IF($S47="","",INDEX('BASE CONTROLES'!$D$4:$D$50003,$S47)) | D47: =IF($S47="","",INDEX('BASE CONTROLES'!$E$4:$E$50003,$S47)) | E47: =IF($S47="","",INDEX('BASE CONTROLES'!$F$4:$F$50003,$S47)) | F47: =IF($S47="","",INDEX('BASE CONTROLES'!$K$4:$K$50003,$S47)) | G47: =IF($S47="","",INDEX('BASE CONTROLES'!$M$4:$M$50003,$S47)) | H47: =IF($S47="","",INDEX('BASE CONTROLES'!$N$4:$N$50003,$S47)) | I47: =IF($S47="","",INDEX('BASE CONTROLES'!$O$4:$O$50003,$S47)) | J47: =IF($S47="","",INDEX('BASE CONTROLES'!$P$4:$P$50003,$S47)) | K47: =IF($S47="","",INDEX('BASE CONTROLES'!$Q$4:$Q$50003,$S47)) | L47: =IF($S47="","",INDEX('BASE CONTROLES'!$H$4:$H$50003,$S47)) | M47: =IF($S47="","",INDEX('BASE CONTROLES'!$T$4:$T$50003,$S47)) | N47: =IF($S47="","",INDEX('BASE CONTROLES'!$U$4:$U$50003,$S47)) | O47: =IF($S47="","",INDEX('BASE CONTROLES'!$R$4:$R$50003,$S47)) | P47: =IF($S47="","",INDEX('BASE CONTROLES'!$V$4:$V$50003,$S47)) | Q47: =IF($S47="","",INDEX('BASE CONTROLES'!$W$4:$W$50003,$S47)) | S47: =IF($B$4="","",IFERROR(SUMPRODUCT(LARGE(IF(('BASE CONTROLES'!$G$4:$G$50003=$B$4)*('BASE CONTROLES'!$X$4:$X$50003="VALIDE")*(('BASE CONTROLES'!$M$4:$M$50003=$A$14)+($A$14="")>0)*(('BASE CONTROLES'!$N$4:$N$50003=$B$14)+($B$14="")>0)*(('BASE CONTROLES'!$O$4:$O$50003=$C$14)+($C$14="")>0)*(('BASE CONTROLES'!$P$4:$P$50003=$D$14)+($D$14="")>0)*(('BASE CONTROLES'!$Q$4:$Q$50003=$E$14)+($E$14="")>0)*(('BASE CONTROLES'!$F$4:$F$50003=$F$14)+($F$14="")>0)*(('BASE CONTROLES'!$B$4:$B$50003>=$G$14)+($G$14="")>0)*(('BASE CONTROLES'!$B$4:$B$50003<=$H$14)+($H$14="")>0),ROW('BASE CONTROLES'!$G$4:$G$50003)-4+1),31)),""))
A48: =IF($S48="","",INDEX('BASE CONTROLES'!$B$4:$B$50003,$S48)) | B48: =IF($S48="","",INDEX('BASE CONTROLES'!$C$4:$C$50003,$S48)) | C48: =IF($S48="","",INDEX('BASE CONTROLES'!$D$4:$D$50003,$S48)) | D48: =IF($S48="","",INDEX('BASE CONTROLES'!$E$4:$E$50003,$S48)) | E48: =IF($S48="","",INDEX('BASE CONTROLES'!$F$4:$F$50003,$S48)) | F48: =IF($S48="","",INDEX('BASE CONTROLES'!$K$4:$K$50003,$S48)) | G48: =IF($S48="","",INDEX('BASE CONTROLES'!$M$4:$M$50003,$S48)) | H48: =IF($S48="","",INDEX('BASE CONTROLES'!$N$4:$N$50003,$S48)) | I48: =IF($S48="","",INDEX('BASE CONTROLES'!$O$4:$O$50003,$S48)) | J48: =IF($S48="","",INDEX('BASE CONTROLES'!$P$4:$P$50003,$S48)) | K48: =IF($S48="","",INDEX('BASE CONTROLES'!$Q$4:$Q$50003,$S48)) | L48: =IF($S48="","",INDEX('BASE CONTROLES'!$H$4:$H$50003,$S48)) | M48: =IF($S48="","",INDEX('BASE CONTROLES'!$T$4:$T$50003,$S48)) | N48: =IF($S48="","",INDEX('BASE CONTROLES'!$U$4:$U$50003,$S48)) | O48: =IF($S48="","",INDEX('BASE CONTROLES'!$R$4:$R$50003,$S48)) | P48: =IF($S48="","",INDEX('BASE CONTROLES'!$V$4:$V$50003,$S48)) | Q48: =IF($S48="","",INDEX('BASE CONTROLES'!$W$4:$W$50003,$S48)) | S48: =IF($B$4="","",IFERROR(SUMPRODUCT(LARGE(IF(('BASE CONTROLES'!$G$4:$G$50003=$B$4)*('BASE CONTROLES'!$X$4:$X$50003="VALIDE")*(('BASE CONTROLES'!$M$4:$M$50003=$A$14)+($A$14="")>0)*(('BASE CONTROLES'!$N$4:$N$50003=$B$14)+($B$14="")>0)*(('BASE CONTROLES'!$O$4:$O$50003=$C$14)+($C$14="")>0)*(('BASE CONTROLES'!$P$4:$P$50003=$D$14)+($D$14="")>0)*(('BASE CONTROLES'!$Q$4:$Q$50003=$E$14)+($E$14="")>0)*(('BASE CONTROLES'!$F$4:$F$50003=$F$14)+($F$14="")>0)*(('BASE CONTROLES'!$B$4:$B$50003>=$G$14)+($G$14="")>0)*(('BASE CONTROLES'!$B$4:$B$50003<=$H$14)+($H$14="")>0),ROW('BASE CONTROLES'!$G$4:$G$50003)-4+1),32)),""))
A49: =IF($S49="","",INDEX('BASE CONTROLES'!$B$4:$B$50003,$S49)) | B49: =IF($S49="","",INDEX('BASE CONTROLES'!$C$4:$C$50003,$S49)) | C49: =IF($S49="","",INDEX('BASE CONTROLES'!$D$4:$D$50003,$S49)) | D49: =IF($S49="","",INDEX('BASE CONTROLES'!$E$4:$E$50003,$S49)) | E49: =IF($S49="","",INDEX('BASE CONTROLES'!$F$4:$F$50003,$S49)) | F49: =IF($S49="","",INDEX('BASE CONTROLES'!$K$4:$K$50003,$S49)) | G49: =IF($S49="","",INDEX('BASE CONTROLES'!$M$4:$M$50003,$S49)) | H49: =IF($S49="","",INDEX('BASE CONTROLES'!$N$4:$N$50003,$S49)) | I49: =IF($S49="","",INDEX('BASE CONTROLES'!$O$4:$O$50003,$S49)) | J49: =IF($S49="","",INDEX('BASE CONTROLES'!$P$4:$P$50003,$S49)) | K49: =IF($S49="","",INDEX('BASE CONTROLES'!$Q$4:$Q$50003,$S49)) | L49: =IF($S49="","",INDEX('BASE CONTROLES'!$H$4:$H$50003,$S49)) | M49: =IF($S49="","",INDEX('BASE CONTROLES'!$T$4:$T$50003,$S49)) | N49: =IF($S49="","",INDEX('BASE CONTROLES'!$U$4:$U$50003,$S49)) | O49: =IF($S49="","",INDEX('BASE CONTROLES'!$R$4:$R$50003,$S49)) | P49: =IF($S49="","",INDEX('BASE CONTROLES'!$V$4:$V$50003,$S49)) | Q49: =IF($S49="","",INDEX('BASE CONTROLES'!$W$4:$W$50003,$S49)) | S49: =IF($B$4="","",IFERROR(SUMPRODUCT(LARGE(IF(('BASE CONTROLES'!$G$4:$G$50003=$B$4)*('BASE CONTROLES'!$X$4:$X$50003="VALIDE")*(('BASE CONTROLES'!$M$4:$M$50003=$A$14)+($A$14="")>0)*(('BASE CONTROLES'!$N$4:$N$50003=$B$14)+($B$14="")>0)*(('BASE CONTROLES'!$O$4:$O$50003=$C$14)+($C$14="")>0)*(('BASE CONTROLES'!$P$4:$P$50003=$D$14)+($D$14="")>0)*(('BASE CONTROLES'!$Q$4:$Q$50003=$E$14)+($E$14="")>0)*(('BASE CONTROLES'!$F$4:$F$50003=$F$14)+($F$14="")>0)*(('BASE CONTROLES'!$B$4:$B$50003>=$G$14)+($G$14="")>0)*(('BASE CONTROLES'!$B$4:$B$50003<=$H$14)+($H$14="")>0),ROW('BASE CONTROLES'!$G$4:$G$50003)-4+1),33)),""))
A50: =IF($S50="","",INDEX('BASE CONTROLES'!$B$4:$B$50003,$S50)) | B50: =IF($S50="","",INDEX('BASE CONTROLES'!$C$4:$C$50003,$S50)) | C50: =IF($S50="","",INDEX('BASE CONTROLES'!$D$4:$D$50003,$S50)) | D50: =IF($S50="","",INDEX('BASE CONTROLES'!$E$4:$E$50003,$S50)) | E50: =IF($S50="","",INDEX('BASE CONTROLES'!$F$4:$F$50003,$S50)) | F50: =IF($S50="","",INDEX('BASE CONTROLES'!$K$4:$K$50003,$S50)) | G50: =IF($S50="","",INDEX('BASE CONTROLES'!$M$4:$M$50003,$S50)) | H50: =IF($S50="","",INDEX('BASE CONTROLES'!$N$4:$N$50003,$S50)) | I50: =IF($S50="","",INDEX('BASE CONTROLES'!$O$4:$O$50003,$S50)) | J50: =IF($S50="","",INDEX('BASE CONTROLES'!$P$4:$P$50003,$S50)) | K50: =IF($S50="","",INDEX('BASE CONTROLES'!$Q$4:$Q$50003,$S50)) | L50: =IF($S50="","",INDEX('BASE CONTROLES'!$H$4:$H$50003,$S50)) | M50: =IF($S50="","",INDEX('BASE CONTROLES'!$T$4:$T$50003,$S50)) | N50: =IF($S50="","",INDEX('BASE CONTROLES'!$U$4:$U$50003,$S50)) | O50: =IF($S50="","",INDEX('BASE CONTROLES'!$R$4:$R$50003,$S50)) | P50: =IF($S50="","",INDEX('BASE CONTROLES'!$V$4:$V$50003,$S50)) | Q50: =IF($S50="","",INDEX('BASE CONTROLES'!$W$4:$W$50003,$S50)) | S50: =IF($B$4="","",IFERROR(SUMPRODUCT(LARGE(IF(('BASE CONTROLES'!$G$4:$G$50003=$B$4)*('BASE CONTROLES'!$X$4:$X$50003="VALIDE")*(('BASE CONTROLES'!$M$4:$M$50003=$A$14)+($A$14="")>0)*(('BASE CONTROLES'!$N$4:$N$50003=$B$14)+($B$14="")>0)*(('BASE CONTROLES'!$O$4:$O$50003=$C$14)+($C$14="")>0)*(('BASE CONTROLES'!$P$4:$P$50003=$D$14)+($D$14="")>0)*(('BASE CONTROLES'!$Q$4:$Q$50003=$E$14)+($E$14="")>0)*(('BASE CONTROLES'!$F$4:$F$50003=$F$14)+($F$14="")>0)*(('BASE CONTROLES'!$B$4:$B$50003>=$G$14)+($G$14="")>0)*(('BASE CONTROLES'!$B$4:$B$50003<=$H$14)+($H$14="")>0),ROW('BASE CONTROLES'!$G$4:$G$50003)-4+1),34)),""))
A51: =IF($S51="","",INDEX('BASE CONTROLES'!$B$4:$B$50003,$S51)) | B51: =IF($S51="","",INDEX('BASE CONTROLES'!$C$4:$C$50003,$S51)) | C51: =IF($S51="","",INDEX('BASE CONTROLES'!$D$4:$D$50003,$S51)) | D51: =IF($S51="","",INDEX('BASE CONTROLES'!$E$4:$E$50003,$S51)) | E51: =IF($S51="","",INDEX('BASE CONTROLES'!$F$4:$F$50003,$S51)) | F51: =IF($S51="","",INDEX('BASE CONTROLES'!$K$4:$K$50003,$S51)) | G51: =IF($S51="","",INDEX('BASE CONTROLES'!$M$4:$M$50003,$S51)) | H51: =IF($S51="","",INDEX('BASE CONTROLES'!$N$4:$N$50003,$S51)) | I51: =IF($S51="","",INDEX('BASE CONTROLES'!$O$4:$O$50003,$S51)) | J51: =IF($S51="","",INDEX('BASE CONTROLES'!$P$4:$P$50003,$S51)) | K51: =IF($S51="","",INDEX('BASE CONTROLES'!$Q$4:$Q$50003,$S51)) | L51: =IF($S51="","",INDEX('BASE CONTROLES'!$H$4:$H$50003,$S51)) | M51: =IF($S51="","",INDEX('BASE CONTROLES'!$T$4:$T$50003,$S51)) | N51: =IF($S51="","",INDEX('BASE CONTROLES'!$U$4:$U$50003,$S51)) | O51: =IF($S51="","",INDEX('BASE CONTROLES'!$R$4:$R$50003,$S51)) | P51: =IF($S51="","",INDEX('BASE CONTROLES'!$V$4:$V$50003,$S51)) | Q51: =IF($S51="","",INDEX('BASE CONTROLES'!$W$4:$W$50003,$S51)) | S51: =IF($B$4="","",IFERROR(SUMPRODUCT(LARGE(IF(('BASE CONTROLES'!$G$4:$G$50003=$B$4)*('BASE CONTROLES'!$X$4:$X$50003="VALIDE")*(('BASE CONTROLES'!$M$4:$M$50003=$A$14)+($A$14="")>0)*(('BASE CONTROLES'!$N$4:$N$50003=$B$14)+($B$14="")>0)*(('BASE CONTROLES'!$O$4:$O$50003=$C$14)+($C$14="")>0)*(('BASE CONTROLES'!$P$4:$P$50003=$D$14)+($D$14="")>0)*(('BASE CONTROLES'!$Q$4:$Q$50003=$E$14)+($E$14="")>0)*(('BASE CONTROLES'!$F$4:$F$50003=$F$14)+($F$14="")>0)*(('BASE CONTROLES'!$B$4:$B$50003>=$G$14)+($G$14="")>0)*(('BASE CONTROLES'!$B$4:$B$50003<=$H$14)+($H$14="")>0),ROW('BASE CONTROLES'!$G$4:$G$50003)-4+1),35)),""))
A52: =IF($S52="","",INDEX('BASE CONTROLES'!$B$4:$B$50003,$S52)) | B52: =IF($S52="","",INDEX('BASE CONTROLES'!$C$4:$C$50003,$S52)) | C52: =IF($S52="","",INDEX('BASE CONTROLES'!$D$4:$D$50003,$S52)) | D52: =IF($S52="","",INDEX('BASE CONTROLES'!$E$4:$E$50003,$S52)) | E52: =IF($S52="","",INDEX('BASE CONTROLES'!$F$4:$F$50003,$S52)) | F52: =IF($S52="","",INDEX('BASE CONTROLES'!$K$4:$K$50003,$S52)) | G52: =IF($S52="","",INDEX('BASE CONTROLES'!$M$4:$M$50003,$S52)) | H52: =IF($S52="","",INDEX('BASE CONTROLES'!$N$4:$N$50003,$S52)) | I52: =IF($S52="","",INDEX('BASE CONTROLES'!$O$4:$O$50003,$S52)) | J52: =IF($S52="","",INDEX('BASE CONTROLES'!$P$4:$P$50003,$S52)) | K52: =IF($S52="","",INDEX('BASE CONTROLES'!$Q$4:$Q$50003,$S52)) | L52: =IF($S52="","",INDEX('BASE CONTROLES'!$H$4:$H$50003,$S52)) | M52: =IF($S52="","",INDEX('BASE CONTROLES'!$T$4:$T$50003,$S52)) | N52: =IF($S52="","",INDEX('BASE CONTROLES'!$U$4:$U$50003,$S52)) | O52: =IF($S52="","",INDEX('BASE CONTROLES'!$R$4:$R$50003,$S52)) | P52: =IF($S52="","",INDEX('BASE CONTROLES'!$V$4:$V$50003,$S52)) | Q52: =IF($S52="","",INDEX('BASE CONTROLES'!$W$4:$W$50003,$S52)) | S52: =IF($B$4="","",IFERROR(SUMPRODUCT(LARGE(IF(('BASE CONTROLES'!$G$4:$G$50003=$B$4)*('BASE CONTROLES'!$X$4:$X$50003="VALIDE")*(('BASE CONTROLES'!$M$4:$M$50003=$A$14)+($A$14="")>0)*(('BASE CONTROLES'!$N$4:$N$50003=$B$14)+($B$14="")>0)*(('BASE CONTROLES'!$O$4:$O$50003=$C$14)+($C$14="")>0)*(('BASE CONTROLES'!$P$4:$P$50003=$D$14)+($D$14="")>0)*(('BASE CONTROLES'!$Q$4:$Q$50003=$E$14)+($E$14="")>0)*(('BASE CONTROLES'!$F$4:$F$50003=$F$14)+($F$14="")>0)*(('BASE CONTROLES'!$B$4:$B$50003>=$G$14)+($G$14="")>0)*(('BASE CONTROLES'!$B$4:$B$50003<=$H$14)+($H$14="")>0),ROW('BASE CONTROLES'!$G$4:$G$50003)-4+1),36)),""))
A53: =IF($S53="","",INDEX('BASE CONTROLES'!$B$4:$B$50003,$S53)) | B53: =IF($S53="","",INDEX('BASE CONTROLES'!$C$4:$C$50003,$S53)) | C53: =IF($S53="","",INDEX('BASE CONTROLES'!$D$4:$D$50003,$S53)) | D53: =IF($S53="","",INDEX('BASE CONTROLES'!$E$4:$E$50003,$S53)) | E53: =IF($S53="","",INDEX('BASE CONTROLES'!$F$4:$F$50003,$S53)) | F53: =IF($S53="","",INDEX('BASE CONTROLES'!$K$4:$K$50003,$S53)) | G53: =IF($S53="","",INDEX('BASE CONTROLES'!$M$4:$M$50003,$S53)) | H53: =IF($S53="","",INDEX('BASE CONTROLES'!$N$4:$N$50003,$S53)) | I53: =IF($S53="","",INDEX('BASE CONTROLES'!$O$4:$O$50003,$S53)) | J53: =IF($S53="","",INDEX('BASE CONTROLES'!$P$4:$P$50003,$S53)) | K53: =IF($S53="","",INDEX('BASE CONTROLES'!$Q$4:$Q$50003,$S53)) | L53: =IF($S53="","",INDEX('BASE CONTROLES'!$H$4:$H$50003,$S53)) | M53: =IF($S53="","",INDEX('BASE CONTROLES'!$T$4:$T$50003,$S53)) | N53: =IF($S53="","",INDEX('BASE CONTROLES'!$U$4:$U$50003,$S53)) | O53: =IF($S53="","",INDEX('BASE CONTROLES'!$R$4:$R$50003,$S53)) | P53: =IF($S53="","",INDEX('BASE CONTROLES'!$V$4:$V$50003,$S53)) | Q53: =IF($S53="","",INDEX('BASE CONTROLES'!$W$4:$W$50003,$S53)) | S53: =IF($B$4="","",IFERROR(SUMPRODUCT(LARGE(IF(('BASE CONTROLES'!$G$4:$G$50003=$B$4)*('BASE CONTROLES'!$X$4:$X$50003="VALIDE")*(('BASE CONTROLES'!$M$4:$M$50003=$A$14)+($A$14="")>0)*(('BASE CONTROLES'!$N$4:$N$50003=$B$14)+($B$14="")>0)*(('BASE CONTROLES'!$O$4:$O$50003=$C$14)+($C$14="")>0)*(('BASE CONTROLES'!$P$4:$P$50003=$D$14)+($D$14="")>0)*(('BASE CONTROLES'!$Q$4:$Q$50003=$E$14)+($E$14="")>0)*(('BASE CONTROLES'!$F$4:$F$50003=$F$14)+($F$14="")>0)*(('BASE CONTROLES'!$B$4:$B$50003>=$G$14)+($G$14="")>0)*(('BASE CONTROLES'!$B$4:$B$50003<=$H$14)+($H$14="")>0),ROW('BASE CONTROLES'!$G$4:$G$50003)-4+1),37)),""))
A54: =IF($S54="","",INDEX('BASE CONTROLES'!$B$4:$B$50003,$S54)) | B54: =IF($S54="","",INDEX('BASE CONTROLES'!$C$4:$C$50003,$S54)) | C54: =IF($S54="","",INDEX('BASE CONTROLES'!$D$4:$D$50003,$S54)) | D54: =IF($S54="","",INDEX('BASE CONTROLES'!$E$4:$E$50003,$S54)) | E54: =IF($S54="","",INDEX('BASE CONTROLES'!$F$4:$F$50003,$S54)) | F54: =IF($S54="","",INDEX('BASE CONTROLES'!$K$4:$K$50003,$S54)) | G54: =IF($S54="","",INDEX('BASE CONTROLES'!$M$4:$M$50003,$S54)) | H54: =IF($S54="","",INDEX('BASE CONTROLES'!$N$4:$N$50003,$S54)) | I54: =IF($S54="","",INDEX('BASE CONTROLES'!$O$4:$O$50003,$S54)) | J54: =IF($S54="","",INDEX('BASE CONTROLES'!$P$4:$P$50003,$S54)) | K54: =IF($S54="","",INDEX('BASE CONTROLES'!$Q$4:$Q$50003,$S54)) | L54: =IF($S54="","",INDEX('BASE CONTROLES'!$H$4:$H$50003,$S54)) | M54: =IF($S54="","",INDEX('BASE CONTROLES'!$T$4:$T$50003,$S54)) | N54: =IF($S54="","",INDEX('BASE CONTROLES'!$U$4:$U$50003,$S54)) | O54: =IF($S54="","",INDEX('BASE CONTROLES'!$R$4:$R$50003,$S54)) | P54: =IF($S54="","",INDEX('BASE CONTROLES'!$V$4:$V$50003,$S54)) | Q54: =IF($S54="","",INDEX('BASE CONTROLES'!$W$4:$W$50003,$S54)) | S54: =IF($B$4="","",IFERROR(SUMPRODUCT(LARGE(IF(('BASE CONTROLES'!$G$4:$G$50003=$B$4)*('BASE CONTROLES'!$X$4:$X$50003="VALIDE")*(('BASE CONTROLES'!$M$4:$M$50003=$A$14)+($A$14="")>0)*(('BASE CONTROLES'!$N$4:$N$50003=$B$14)+($B$14="")>0)*(('BASE CONTROLES'!$O$4:$O$50003=$C$14)+($C$14="")>0)*(('BASE CONTROLES'!$P$4:$P$50003=$D$14)+($D$14="")>0)*(('BASE CONTROLES'!$Q$4:$Q$50003=$E$14)+($E$14="")>0)*(('BASE CONTROLES'!$F$4:$F$50003=$F$14)+($F$14="")>0)*(('BASE CONTROLES'!$B$4:$B$50003>=$G$14)+($G$14="")>0)*(('BASE CONTROLES'!$B$4:$B$50003<=$H$14)+($H$14="")>0),ROW('BASE CONTROLES'!$G$4:$G$50003)-4+1),38)),""))
A55: =IF($S55="","",INDEX('BASE CONTROLES'!$B$4:$B$50003,$S55)) | B55: =IF($S55="","",INDEX('BASE CONTROLES'!$C$4:$C$50003,$S55)) | C55: =IF($S55="","",INDEX('BASE CONTROLES'!$D$4:$D$50003,$S55)) | D55: =IF($S55="","",INDEX('BASE CONTROLES'!$E$4:$E$50003,$S55)) | E55: =IF($S55="","",INDEX('BASE CONTROLES'!$F$4:$F$50003,$S55)) | F55: =IF($S55="","",INDEX('BASE CONTROLES'!$K$4:$K$50003,$S55)) | G55: =IF($S55="","",INDEX('BASE CONTROLES'!$M$4:$M$50003,$S55)) | H55: =IF($S55="","",INDEX('BASE CONTROLES'!$N$4:$N$50003,$S55)) | I55: =IF($S55="","",INDEX('BASE CONTROLES'!$O$4:$O$50003,$S55)) | J55: =IF($S55="","",INDEX('BASE CONTROLES'!$P$4:$P$50003,$S55)) | K55: =IF($S55="","",INDEX('BASE CONTROLES'!$Q$4:$Q$50003,$S55)) | L55: =IF($S55="","",INDEX('BASE CONTROLES'!$H$4:$H$50003,$S55)) | M55: =IF($S55="","",INDEX('BASE CONTROLES'!$T$4:$T$50003,$S55)) | N55: =IF($S55="","",INDEX('BASE CONTROLES'!$U$4:$U$50003,$S55)) | O55: =IF($S55="","",INDEX('BASE CONTROLES'!$R$4:$R$50003,$S55)) | P55: =IF($S55="","",INDEX('BASE CONTROLES'!$V$4:$V$50003,$S55)) | Q55: =IF($S55="","",INDEX('BASE CONTROLES'!$W$4:$W$50003,$S55)) | S55: =IF($B$4="","",IFERROR(SUMPRODUCT(LARGE(IF(('BASE CONTROLES'!$G$4:$G$50003=$B$4)*('BASE CONTROLES'!$X$4:$X$50003="VALIDE")*(('BASE CONTROLES'!$M$4:$M$50003=$A$14)+($A$14="")>0)*(('BASE CONTROLES'!$N$4:$N$50003=$B$14)+($B$14="")>0)*(('BASE CONTROLES'!$O$4:$O$50003=$C$14)+($C$14="")>0)*(('BASE CONTROLES'!$P$4:$P$50003=$D$14)+($D$14="")>0)*(('BASE CONTROLES'!$Q$4:$Q$50003=$E$14)+($E$14="")>0)*(('BASE CONTROLES'!$F$4:$F$50003=$F$14)+($F$14="")>0)*(('BASE CONTROLES'!$B$4:$B$50003>=$G$14)+($G$14="")>0)*(('BASE CONTROLES'!$B$4:$B$50003<=$H$14)+($H$14="")>0),ROW('BASE CONTROLES'!$G$4:$G$50003)-4+1),39)),""))
A56: =IF($S56="","",INDEX('BASE CONTROLES'!$B$4:$B$50003,$S56)) | B56: =IF($S56="","",INDEX('BASE CONTROLES'!$C$4:$C$50003,$S56)) | C56: =IF($S56="","",INDEX('BASE CONTROLES'!$D$4:$D$50003,$S56)) | D56: =IF($S56="","",INDEX('BASE CONTROLES'!$E$4:$E$50003,$S56)) | E56: =IF($S56="","",INDEX('BASE CONTROLES'!$F$4:$F$50003,$S56)) | F56: =IF($S56="","",INDEX('BASE CONTROLES'!$K$4:$K$50003,$S56)) | G56: =IF($S56="","",INDEX('BASE CONTROLES'!$M$4:$M$50003,$S56)) | H56: =IF($S56="","",INDEX('BASE CONTROLES'!$N$4:$N$50003,$S56)) | I56: =IF($S56="","",INDEX('BASE CONTROLES'!$O$4:$O$50003,$S56)) | J56: =IF($S56="","",INDEX('BASE CONTROLES'!$P$4:$P$50003,$S56)) | K56: =IF($S56="","",INDEX('BASE CONTROLES'!$Q$4:$Q$50003,$S56)) | L56: =IF($S56="","",INDEX('BASE CONTROLES'!$H$4:$H$50003,$S56)) | M56: =IF($S56="","",INDEX('BASE CONTROLES'!$T$4:$T$50003,$S56)) | N56: =IF($S56="","",INDEX('BASE CONTROLES'!$U$4:$U$50003,$S56)) | O56: =IF($S56="","",INDEX('BASE CONTROLES'!$R$4:$R$50003,$S56)) | P56: =IF($S56="","",INDEX('BASE CONTROLES'!$V$4:$V$50003,$S56)) | Q56: =IF($S56="","",INDEX('BASE CONTROLES'!$W$4:$W$50003,$S56)) | S56: =IF($B$4="","",IFERROR(SUMPRODUCT(LARGE(IF(('BASE CONTROLES'!$G$4:$G$50003=$B$4)*('BASE CONTROLES'!$X$4:$X$50003="VALIDE")*(('BASE CONTROLES'!$M$4:$M$50003=$A$14)+($A$14="")>0)*(('BASE CONTROLES'!$N$4:$N$50003=$B$14)+($B$14="")>0)*(('BASE CONTROLES'!$O$4:$O$50003=$C$14)+($C$14="")>0)*(('BASE CONTROLES'!$P$4:$P$50003=$D$14)+($D$14="")>0)*(('BASE CONTROLES'!$Q$4:$Q$50003=$E$14)+($E$14="")>0)*(('BASE CONTROLES'!$F$4:$F$50003=$F$14)+($F$14="")>0)*(('BASE CONTROLES'!$B$4:$B$50003>=$G$14)+($G$14="")>0)*(('BASE CONTROLES'!$B$4:$B$50003<=$H$14)+($H$14="")>0),ROW('BASE CONTROLES'!$G$4:$G$50003)-4+1),40)),""))
A57: =IF($S57="","",INDEX('BASE CONTROLES'!$B$4:$B$50003,$S57)) | B57: =IF($S57="","",INDEX('BASE CONTROLES'!$C$4:$C$50003,$S57)) | C57: =IF($S57="","",INDEX('BASE CONTROLES'!$D$4:$D$50003,$S57)) | D57: =IF($S57="","",INDEX('BASE CONTROLES'!$E$4:$E$50003,$S57)) | E57: =IF($S57="","",INDEX('BASE CONTROLES'!$F$4:$F$50003,$S57)) | F57: =IF($S57="","",INDEX('BASE CONTROLES'!$K$4:$K$50003,$S57)) | G57: =IF($S57="","",INDEX('BASE CONTROLES'!$M$4:$M$50003,$S57)) | H57: =IF($S57="","",INDEX('BASE CONTROLES'!$N$4:$N$50003,$S57)) | I57: =IF($S57="","",INDEX('BASE CONTROLES'!$O$4:$O$50003,$S57)) | J57: =IF($S57="","",INDEX('BASE CONTROLES'!$P$4:$P$50003,$S57)) | K57: =IF($S57="","",INDEX('BASE CONTROLES'!$Q$4:$Q$50003,$S57)) | L57: =IF($S57="","",INDEX('BASE CONTROLES'!$H$4:$H$50003,$S57)) | M57: =IF($S57="","",INDEX('BASE CONTROLES'!$T$4:$T$50003,$S57)) | N57: =IF($S57="","",INDEX('BASE CONTROLES'!$U$4:$U$50003,$S57)) | O57: =IF($S57="","",INDEX('BASE CONTROLES'!$R$4:$R$50003,$S57)) | P57: =IF($S57="","",INDEX('BASE CONTROLES'!$V$4:$V$50003,$S57)) | Q57: =IF($S57="","",INDEX('BASE CONTROLES'!$W$4:$W$50003,$S57)) | S57: =IF($B$4="","",IFERROR(SUMPRODUCT(LARGE(IF(('BASE CONTROLES'!$G$4:$G$50003=$B$4)*('BASE CONTROLES'!$X$4:$X$50003="VALIDE")*(('BASE CONTROLES'!$M$4:$M$50003=$A$14)+($A$14="")>0)*(('BASE CONTROLES'!$N$4:$N$50003=$B$14)+($B$14="")>0)*(('BASE CONTROLES'!$O$4:$O$50003=$C$14)+($C$14="")>0)*(('BASE CONTROLES'!$P$4:$P$50003=$D$14)+($D$14="")>0)*(('BASE CONTROLES'!$Q$4:$Q$50003=$E$14)+($E$14="")>0)*(('BASE CONTROLES'!$F$4:$F$50003=$F$14)+($F$14="")>0)*(('BASE CONTROLES'!$B$4:$B$50003>=$G$14)+($G$14="")>0)*(('BASE CONTROLES'!$B$4:$B$50003<=$H$14)+($H$14="")>0),ROW('BASE CONTROLES'!$G$4:$G$50003)-4+1),41)),""))
A58: =IF($S58="","",INDEX('BASE CONTROLES'!$B$4:$B$50003,$S58)) | B58: =IF($S58="","",INDEX('BASE CONTROLES'!$C$4:$C$50003,$S58)) | C58: =IF($S58="","",INDEX('BASE CONTROLES'!$D$4:$D$50003,$S58)) | D58: =IF($S58="","",INDEX('BASE CONTROLES'!$E$4:$E$50003,$S58)) | E58: =IF($S58="","",INDEX('BASE CONTROLES'!$F$4:$F$50003,$S58)) | F58: =IF($S58="","",INDEX('BASE CONTROLES'!$K$4:$K$50003,$S58)) | G58: =IF($S58="","",INDEX('BASE CONTROLES'!$M$4:$M$50003,$S58)) | H58: =IF($S58="","",INDEX('BASE CONTROLES'!$N$4:$N$50003,$S58)) | I58: =IF($S58="","",INDEX('BASE CONTROLES'!$O$4:$O$50003,$S58)) | J58: =IF($S58="","",INDEX('BASE CONTROLES'!$P$4:$P$50003,$S58)) | K58: =IF($S58="","",INDEX('BASE CONTROLES'!$Q$4:$Q$50003,$S58)) | L58: =IF($S58="","",INDEX('BASE CONTROLES'!$H$4:$H$50003,$S58)) | M58: =IF($S58="","",INDEX('BASE CONTROLES'!$T$4:$T$50003,$S58)) | N58: =IF($S58="","",INDEX('BASE CONTROLES'!$U$4:$U$50003,$S58)) | O58: =IF($S58="","",INDEX('BASE CONTROLES'!$R$4:$R$50003,$S58)) | P58: =IF($S58="","",INDEX('BASE CONTROLES'!$V$4:$V$50003,$S58)) | Q58: =IF($S58="","",INDEX('BASE CONTROLES'!$W$4:$W$50003,$S58)) | S58: =IF($B$4="","",IFERROR(SUMPRODUCT(LARGE(IF(('BASE CONTROLES'!$G$4:$G$50003=$B$4)*('BASE CONTROLES'!$X$4:$X$50003="VALIDE")*(('BASE CONTROLES'!$M$4:$M$50003=$A$14)+($A$14="")>0)*(('BASE CONTROLES'!$N$4:$N$50003=$B$14)+($B$14="")>0)*(('BASE CONTROLES'!$O$4:$O$50003=$C$14)+($C$14="")>0)*(('BASE CONTROLES'!$P$4:$P$50003=$D$14)+($D$14="")>0)*(('BASE CONTROLES'!$Q$4:$Q$50003=$E$14)+($E$14="")>0)*(('BASE CONTROLES'!$F$4:$F$50003=$F$14)+($F$14="")>0)*(('BASE CONTROLES'!$B$4:$B$50003>=$G$14)+($G$14="")>0)*(('BASE CONTROLES'!$B$4:$B$50003<=$H$14)+($H$14="")>0),ROW('BASE CONTROLES'!$G$4:$G$50003)-4+1),42)),""))
