Workbook

Sheet ACCUEIL
A1: OCEAMIC - QUALITE, STOCK & SOUS-TRAITANCE
A2: Classeur unique - sans macro. Le stock est integralement reconstruit a partir de l'onglet MOUVEMENTS.
A4: NAVIGATION
B5: =HYPERLINK("#'LOTS'!A1","1. Fiches lot") -> 1. Fiches lot | E5: =HYPERLINK("#'OPERATIONS'!A1","2. Operations de stock") -> 2. Operations de stock | H5: =HYPERLINK("#'SOUS_TRAITANCE'!A1","3. Envois sous-traitance") -> 3. Envois sous-traitance
B6: =HYPERLINK("#'ST_RESULTATS'!A1","4. Resultats sous-traitance") -> 4. Resultats sous-traitance | E6: =HYPERLINK("#'QUALITE'!A1","5. Controles qualite") -> 5. Controles qualite | H6: =HYPERLINK("#'STOCK'!A1","6. Synthese stock") -> 6. Synthese stock
B7: =HYPERLINK("#'RECHERCHE'!A1","7. Recherche lot") -> 7. Recherche lot | E7: =HYPERLINK("#'MOUVEMENTS'!A1","8. Grand livre") -> 8. Grand livre | H7: =HYPERLINK("#'PARAM'!A1","9. Parametres") -> 9. Parametres
B8: =HYPERLINK("#'GUIDE'!A1","10. Mode d'emploi") -> 10. Mode d'emploi
A10: TABLEAU DE BORD
B11: STOCK INTERNE (kg) | C11: =STOCK!$D$4 -> 4065 | E11: STOCK EXTERNE (kg) | F11: =STOCK!$D$5 -> 1350 | H11: STOCK TOTAL (kg) | I11: =STOCK!$D$6 -> 5415
B12: EN COURS SOUS-TRAITANCE (kg) | C12: =STOCK!$D$8 -> 200 | E12: STOCK BLOQUE QUALITE (kg) | F12: =STOCK!$D$9 -> 200 | H12: NOMBRE DE LOTS | I12: =COUNTA(LOT_KEY) -> 10
A14: CONTROLE D'INTEGRITE
B15: =IF(SUM($C$17:$C$23)=0,"INTEGRITE DES DONNEES : OK","INTEGRITE DES DONNEES : A CORRIGER") -> INTEGRITE DES DONNEES : A CORRIGER | E15: Les 6 premieres lignes ci-dessous sont bloquantes : tant qu'elles ne sont pas a zero, le stock affiche n'est pas fiable a 100%. Les suivantes sont informatives.
B17: Operations de stock en anomalie | C17: =COUNTIF(OPS_STATUT,"DONNEES MANQUANTES")+COUNTIF(OPS_STATUT,"STOCK INSUFFISANT")+COUNTIF(OPS_STATUT,"EMPLACEMENT INCOHERENT") -> 1 | E17: LEGENDE DES COULEURS
B18: Envois sous-traitance bloquants | C18: =COUNTIF(ST_STATUT,"DONNEES MANQUANTES")+COUNTIF(ST_STATUT,"STOCK INSUFFISANT")+COUNTIF(ST_STATUT,"EMPLACEMENT INCOHERENT")+COUNTIF(ST_STATUT,"BLOQUE") -> 0 | F18: Cellule a saisir
B19: Resultats de sous-traitance en anomalie | C19: =COUNTIF(RES_STATUT,"DONNEES MANQUANTES")+COUNTIF(RES_STATUT,"BLOQUE") -> 0 | F19: Cellule calculee - ne rien y ecrire
B20: Fiches lot en anomalie (doublon / incoherence) | C20: =COUNTIF(LOT_STATUT,"INCOHERENCE")+COUNTIF(LOT_STATUT,"LOT EN DOUBLE") -> 0 | F20: OK - la ligne est valide et comptee en stock
B21: Lots avec stock negatif | C21: =COUNTIF(STOCK!$N$14:$N$213,"<0") -> 0 | F21: EN COURS - etape normale, en attente de la suite
B22: Ecart matrice / grand livre (kg) | C22: =STOCK!$D$10 -> 0 | F22: A JUSTIFIER - il manque une explication
B23: Reconciliation du grand livre | C23: =IF(STOCK!$H$225="BILAN OK",0,1) -> 0 | F23: ANOMALIE - la ligne n'est PAS comptee en stock
B24: Envois EN COURS (normal, en attente de resultat) | C24: =COUNTIF(ST_STATUT,"EN COURS") -> 1
B25: Ecarts de sous-traitance A JUSTIFIER | C25: =COUNTIF(ST_STATUT,"A JUSTIFIER") -> 1
B26: Controles qualite a verifier | C26: =COUNTIF(QC_STATUT,"DONNEES MANQUANTES")+COUNTIF(QC_STATUT,"EMPLACEMENT INCOHERENT") -> 1
B27: Alertes qualite (histamine / temperature) | C27: =COUNTIF(QC_ALERTE,"?*") -> 3
B28: Lignes de mouvement rejetees (non comptees en stock) | C28: =SUMPRODUCT((MVT_BRUT<>0)*(MVT_NET=0)) -> 1
A29: MODE OPERATOIRE EN 7 ETAPES
B30: 1. Creer le lot | C30: Onglet LOTS : une ligne par lot, une seule fois. C'est la seule saisie de l'identite (produit, fournisseur, origine, camion, etat, conservation).
B31: 2. Enregistrer les mouvements | C31: Onglet OPERATIONS : RECEPTION, TRANSFERT ou CONSOMMATION. On choisit le lot, les emplacements et la quantite - rien d'autre.
B32: 3. Envoyer en sous-traitance | C32: Onglet SOUS_TRAITANCE. SOURCE = FOURNISSEUR pour une livraison directe (aucun stock consomme, aucune reception a saisir) ; SOURCE = STOCK EXISTANT pour un prelevement.
B33: 4. Completer les resultats | C33: Onglet ST_RESULTATS, meme des jours plus tard. Un envoi sans resultat reste EN COURS : ce n'est pas une erreur.
B34: 5. Justifier les ecarts | C34: QTE ENVOYEE - TOTAL SORTIE = ECART. Tant qu'un ecart positif n'est pas justifie, l'envoi reste A JUSTIFIER.
B35: 6. Controler la qualite | C35: Onglet QUALITE : uniquement les mesures reellement faites. Un controle ne modifie jamais le stock.
B36: 7. Corriger un inventaire | C36: Onglet OPERATIONS, type AJUSTEMENT : quantite signee sur l'emplacement de destination (negative = perte) et MOTIF obligatoire. C'est le seul moyen de corriger un stock.
B37: 8. Consulter | C37: Onglet STOCK pour la synthese (par lot, par espece, par etat matiere, reconciliation), RECHERCHE pour tout savoir d'un lot, MOUVEMENTS pour l'historique complet.

Sheet LOTS
A1: LOTS - FICHIER D'IDENTITE
A2: Une ligne = un lot. LOT INTERNE est la cle du stock : elle est obligatoire et ne change plus. Si aucun numero interne n'est encore attribue, reprenez le LOT EXTERNE du fournisseur. Ces informations ne se saisissent qu'une seule fois.
A3: Champs jaunes = saisie | Champs gris = calcules automatiquement, ne rien y ecrire
A4: LOT INTERNE | B4: LOT EXTERNE | C4: ESPECE | D4: PRODUCTEUR / FOURNISSEUR | E4: ORIGINE | F4: MATRICULE CAMION | G4: ETAT MATIERE | H4: CONSERVATION | I4: QUALITE INITIALE | J4: MOULE INITIAL | K4: DATE CREATION | L4: LOT PARENT | M4: OBSERVATION | N4: LOT PARENT EFFECTIF | O4: LOT EXTERNE EFFECTIF | P4: ESPECE EFFECTIVE | Q4: PRODUCTEUR EFFECTIF | R4: ORIGINE EFFECTIVE | S4: CONSERVATION EFFECTIVE | T4: MATRICULE EFFECTIF | U4: STOCK TOTAL (KG) | V4: NB MOUVEMENTS | W4: NB CONTROLES | X4: DERNIERE DECISION QUALITE | Y4: STATUT FICHE | Z4: REL. LOT EXTERNE | AA4: RANG LOT EXTERNE
A5: 255 | B5: L-EXT-255 | C5: Sardine | D5: Fournisseur local | E5: Laayoune | F5: 12345-A-6 | G5: ENTIER | H5: CONGELE | I5: A | J5: 20/24 | K5: 46237 | M5: Lot de reference - scenarios 1, 5, 8, 11, 12, 14, 15 | N5: =IF($A5="","",IF($L5<>"",$L5,IF(IFERROR(INDEX(RES_LOTSRC,MATCH($A5,RES_LOTEFF,0)),"")=$A5,"",IFERROR(INDEX(RES_LOTSRC,MATCH($A5,RES_LOTEFF,0)),"")))) | O5: =IF($A5="","",IF($B5<>"",$B5,IF($N5="","",IFERROR(INDEX($B$5:$B$204,MATCH($N5,$A$5:$A$204,0)),"")))) -> L-EXT-255 | P5: =IF($A5="","",IF($C5<>"",$C5,IF($N5="","",IFERROR(INDEX($C$5:$C$204,MATCH($N5,$A$5:$A$204,0)),"")))) -> Sardine | Q5: =IF($A5="","",IF($D5<>"",$D5,IF($N5="","",IFERROR(INDEX($D$5:$D$204,MATCH($N5,$A$5:$A$204,0)),"")))) -> Fournisseur local | R5: =IF($A5="","",IF($E5<>"",$E5,IF($N5="","",IFERROR(INDEX($E$5:$E$204,MATCH($N5,$A$5:$A$204,0)),"")))) -> Laayoune | S5: =IF($A5="","",IF($H5<>"",$H5,IF($N5="","",IFERROR(INDEX($H$5:$H$204,MATCH($N5,$A$5:$A$204,0)),"")))) -> CONGELE | T5: =IF($A5="","",IF($F5<>"",$F5,IF($N5="","",IFERROR(INDEX($F$5:$F$204,MATCH($N5,$A$5:$A$204,0)),"")))) -> 12345-A-6 | U5: =IF($A5="","",SUMIFS(MVT_NET,MVT_LOT,$A5)) -> 500 | V5: =IF($A5="","",COUNTIFS(MVT_LOT,$A5,MVT_BRUT,"<>0")) -> 2 | W5: =IF($A5="","",COUNTIFS(QC_LOT,$A5)) -> 1 | X5: =IF($A5="","",IFERROR(INDEX(QC_DEC,MATCH($A5,QC_CLEDER,0)),"")) -> ACCEPTER | Y5: =IF($A5="","",IF(COUNTIF($A$5:$A$204,$A5)>1,IF(SUMPRODUCT(($A$5:$A$204=$A5)*(($C$5:$C$204<>$C5)+($D$5:$D$204<>$D5)))>0,"INCOHERENCE","LOT EN DOUBLE"),"OK")) -> OK | Z5: =IF($A5="",0,IF(AND($O5<>"",$A5<>R_LOT,$O5=IFERROR(INDEX(LOT_EXTE,MATCH(R_LOT,LOT_KEY,0)),"#")),1,0)) -> 0 | AA5: =IF($Z5=0,"",COUNTIF($Z$5:$Z5,1))
A6: 256 | B6: L-EXT-256 | C6: Maquereau | D6: Producteur Boujdour | E6: Boujdour | F6: 22876-B-1 | G6: ENTIER | H6: CONGELE | I6: B | J6: 26/30 | K6: 46238 | M6: Scenarios 2 et 4 - stock externe puis transfert | N6: =IF($A6="","",IF($L6<>"",$L6,IF(IFERROR(INDEX(RES_LOTSRC,MATCH($A6,RES_LOTEFF,0)),"")=$A6,"",IFERROR(INDEX(RES_LOTSRC,MATCH($A6,RES_LOTEFF,0)),"")))) | O6: =IF($A6="","",IF($B6<>"",$B6,IF($N6="","",IFERROR(INDEX($B$5:$B$204,MATCH($N6,$A$5:$A$204,0)),"")))) -> L-EXT-256 | P6: =IF($A6="","",IF($C6<>"",$C6,IF($N6="","",IFERROR(INDEX($C$5:$C$204,MATCH($N6,$A$5:$A$204,0)),"")))) -> Maquereau | Q6: =IF($A6="","",IF($D6<>"",$D6,IF($N6="","",IFERROR(INDEX($D$5:$D$204,MATCH($N6,$A$5:$A$204,0)),"")))) -> Producteur Boujdour | R6: =IF($A6="","",IF($E6<>"",$E6,IF($N6="","",IFERROR(INDEX($E$5:$E$204,MATCH($N6,$A$5:$A$204,0)),"")))) -> Boujdour | S6: =IF($A6="","",IF($H6<>"",$H6,IF($N6="","",IFERROR(INDEX($H$5:$H$204,MATCH($N6,$A$5:$A$204,0)),"")))) -> CONGELE | T6: =IF($A6="","",IF($F6<>"",$F6,IF($N6="","",IFERROR(INDEX($F$5:$F$204,MATCH($N6,$A$5:$A$204,0)),"")))) -> 22876-B-1 | U6: =IF($A6="","",SUMIFS(MVT_NET,MVT_LOT,$A6)) -> 2000 | V6: =IF($A6="","",COUNTIFS(MVT_LOT,$A6,MVT_BRUT,"<>0")) -> 3 | W6: =IF($A6="","",COUNTIFS(QC_LOT,$A6)) -> 1 | X6: =IF($A6="","",IFERROR(INDEX(QC_DEC,MATCH($A6,QC_CLEDER,0)),"")) -> A RECONTROLER | Y6: =IF($A6="","",IF(COUNTIF($A$5:$A$204,$A6)>1,IF(SUMPRODUCT(($A$5:$A$204=$A6)*(($C$5:$C$204<>$C6)+($D$5:$D$204<>$D6)))>0,"INCOHERENCE","LOT EN DOUBLE"),"OK")) -> OK | Z6: =IF($A6="",0,IF(AND($O6<>"",$A6<>R_LOT,$O6=IFERROR(INDEX(LOT_EXTE,MATCH(R_LOT,LOT_KEY,0)),"#")),1,0)) -> 0 | AA6: =IF($Z6=0,"",COUNTIF($Z$5:$Z6,1))
A7: 257 | B7: L-EXT-255 | C7: Sardine | D7: Fournisseur local | E7: Laayoune | F7: 33111-C-2 | G7: ENTIER | H7: FRAIS | I7: A | J7: 20/24 | K7: 46239 | M7: Scenario 3 - meme lot externe que 255 (cas reel a deux lots) | N7: =IF($A7="","",IF($L7<>"",$L7,IF(IFERROR(INDEX(RES_LOTSRC,MATCH($A7,RES_LOTEFF,0)),"")=$A7,"",IFERROR(INDEX(RES_LOTSRC,MATCH($A7,RES_LOTEFF,0)),"")))) | O7: =IF($A7="","",IF($B7<>"",$B7,IF($N7="","",IFERROR(INDEX($B$5:$B$204,MATCH($N7,$A$5:$A$204,0)),"")))) -> L-EXT-255 | P7: =IF($A7="","",IF($C7<>"",$C7,IF($N7="","",IFERROR(INDEX($C$5:$C$204,MATCH($N7,$A$5:$A$204,0)),"")))) -> Sardine | Q7: =IF($A7="","",IF($D7<>"",$D7,IF($N7="","",IFERROR(INDEX($D$5:$D$204,MATCH($N7,$A$5:$A$204,0)),"")))) -> Fournisseur local | R7: =IF($A7="","",IF($E7<>"",$E7,IF($N7="","",IFERROR(INDEX($E$5:$E$204,MATCH($N7,$A$5:$A$204,0)),"")))) -> Laayoune | S7: =IF($A7="","",IF($H7<>"",$H7,IF($N7="","",IFERROR(INDEX($H$5:$H$204,MATCH($N7,$A$5:$A$204,0)),"")))) -> FRAIS | T7: =IF($A7="","",IF($F7<>"",$F7,IF($N7="","",IFERROR(INDEX($F$5:$F$204,MATCH($N7,$A$5:$A$204,0)),"")))) -> 33111-C-2 | U7: =IF($A7="","",SUMIFS(MVT_NET,MVT_LOT,$A7)) -> 500 | V7: =IF($A7="","",COUNTIFS(MVT_LOT,$A7,MVT_BRUT,"<>0")) -> 2 | W7: =IF($A7="","",COUNTIFS(QC_LOT,$A7)) -> 1 | X7: =IF($A7="","",IFERROR(INDEX(QC_DEC,MATCH($A7,QC_CLEDER,0)),"")) -> ACCEPTER | Y7: =IF($A7="","",IF(COUNTIF($A$5:$A$204,$A7)>1,IF(SUMPRODUCT(($A$5:$A$204=$A7)*(($C$5:$C$204<>$C7)+($D$5:$D$204<>$D7)))>0,"INCOHERENCE","LOT EN DOUBLE"),"OK")) -> OK | Z7: =IF($A7="",0,IF(AND($O7<>"",$A7<>R_LOT,$O7=IFERROR(INDEX(LOT_EXTE,MATCH(R_LOT,LOT_KEY,0)),"#")),1,0)) -> 1 | AA7: =IF($Z7=0,"",COUNTIF($Z$5:$Z7,1)) -> 1
A8: 258 | B8: L-EXT-258 | C8: Sardine | D8: Fournisseur local | E8: tan tan | F8: 44900-E-7 | G8: ENTIER | H8: CONGELE | I8: B | J8: 20/24 | K8: 46240 | M8: Scenario 13 - tentative de sortie superieure au stock | N8: =IF($A8="","",IF($L8<>"",$L8,IF(IFERROR(INDEX(RES_LOTSRC,MATCH($A8,RES_LOTEFF,0)),"")=$A8,"",IFERROR(INDEX(RES_LOTSRC,MATCH($A8,RES_LOTEFF,0)),"")))) | O8: =IF($A8="","",IF($B8<>"",$B8,IF($N8="","",IFERROR(INDEX($B$5:$B$204,MATCH($N8,$A$5:$A$204,0)),"")))) -> L-EXT-258 | P8: =IF($A8="","",IF($C8<>"",$C8,IF($N8="","",IFERROR(INDEX($C$5:$C$204,MATCH($N8,$A$5:$A$204,0)),"")))) -> Sardine | Q8: =IF($A8="","",IF($D8<>"",$D8,IF($N8="","",IFERROR(INDEX($D$5:$D$204,MATCH($N8,$A$5:$A$204,0)),"")))) -> Fournisseur local | R8: =IF($A8="","",IF($E8<>"",$E8,IF($N8="","",IFERROR(INDEX($E$5:$E$204,MATCH($N8,$A$5:$A$204,0)),"")))) -> tan tan | S8: =IF($A8="","",IF($H8<>"",$H8,IF($N8="","",IFERROR(INDEX($H$5:$H$204,MATCH($N8,$A$5:$A$204,0)),"")))) -> CONGELE | T8: =IF($A8="","",IF($F8<>"",$F8,IF($N8="","",IFERROR(INDEX($F$5:$F$204,MATCH($N8,$A$5:$A$204,0)),"")))) -> 44900-E-7 | U8: =IF($A8="","",SUMIFS(MVT_NET,MVT_LOT,$A8)) -> 200 | V8: =IF($A8="","",COUNTIFS(MVT_LOT,$A8,MVT_BRUT,"<>0")) -> 2 | W8: =IF($A8="","",COUNTIFS(QC_LOT,$A8)) -> 0 | X8: =IF($A8="","",IFERROR(INDEX(QC_DEC,MATCH($A8,QC_CLEDER,0)),"")) | Y8: =IF($A8="","",IF(COUNTIF($A$5:$A$204,$A8)>1,IF(SUMPRODUCT(($A$5:$A$204=$A8)*(($C$5:$C$204<>$C8)+($D$5:$D$204<>$D8)))>0,"INCOHERENCE","LOT EN DOUBLE"),"OK")) -> OK | Z8: =IF($A8="",0,IF(AND($O8<>"",$A8<>R_LOT,$O8=IFERROR(INDEX(LOT_EXTE,MATCH(R_LOT,LOT_KEY,0)),"#")),1,0)) -> 0 | AA8: =IF($Z8=0,"",COUNTIF($Z$5:$Z8,1))
A9: 300 | B9: L-EXT-300 | C9: Anchois | D9: Producteur Dakhla | E9: Dakhla | F9: 44222-D-3 | G9: ENTIER | H9: CONGELE | I9: A | J9: 20/24 | K9: 46241 | M9: Scenario 6 - livraison directe fournisseur vers sous-traitant | N9: =IF($A9="","",IF($L9<>"",$L9,IF(IFERROR(INDEX(RES_LOTSRC,MATCH($A9,RES_LOTEFF,0)),"")=$A9,"",IFERROR(INDEX(RES_LOTSRC,MATCH($A9,RES_LOTEFF,0)),"")))) | O9: =IF($A9="","",IF($B9<>"",$B9,IF($N9="","",IFERROR(INDEX($B$5:$B$204,MATCH($N9,$A$5:$A$204,0)),"")))) -> L-EXT-300 | P9: =IF($A9="","",IF($C9<>"",$C9,IF($N9="","",IFERROR(INDEX($C$5:$C$204,MATCH($N9,$A$5:$A$204,0)),"")))) -> Anchois | Q9: =IF($A9="","",IF($D9<>"",$D9,IF($N9="","",IFERROR(INDEX($D$5:$D$204,MATCH($N9,$A$5:$A$204,0)),"")))) -> Producteur Dakhla | R9: =IF($A9="","",IF($E9<>"",$E9,IF($N9="","",IFERROR(INDEX($E$5:$E$204,MATCH($N9,$A$5:$A$204,0)),"")))) -> Dakhla | S9: =IF($A9="","",IF($H9<>"",$H9,IF($N9="","",IFERROR(INDEX($H$5:$H$204,MATCH($N9,$A$5:$A$204,0)),"")))) -> CONGELE | T9: =IF($A9="","",IF($F9<>"",$F9,IF($N9="","",IFERROR(INDEX($F$5:$F$204,MATCH($N9,$A$5:$A$204,0)),"")))) -> 44222-D-3 | U9: =IF($A9="","",SUMIFS(MVT_NET,MVT_LOT,$A9)) -> 0 | V9: =IF($A9="","",COUNTIFS(MVT_LOT,$A9,MVT_BRUT,"<>0")) -> 0 | W9: =IF($A9="","",COUNTIFS(QC_LOT,$A9)) -> 0 | X9: =IF($A9="","",IFERROR(INDEX(QC_DEC,MATCH($A9,QC_CLEDER,0)),"")) | Y9: =IF($A9="","",IF(COUNTIF($A$5:$A$204,$A9)>1,IF(SUMPRODUCT(($A$5:$A$204=$A9)*(($C$5:$C$204<>$C9)+($D$5:$D$204<>$D9)))>0,"INCOHERENCE","LOT EN DOUBLE"),"OK")) -> OK | Z9: =IF($A9="",0,IF(AND($O9<>"",$A9<>R_LOT,$O9=IFERROR(INDEX(LOT_EXTE,MATCH(R_LOT,LOT_KEY,0)),"#")),1,0)) -> 0 | AA9: =IF($Z9=0,"",COUNTIF($Z$5:$Z9,1))
A10: 301 | B10: L-EXT-301 | C10: Maquereau | D10: Producteur Boujdour | E10: Boujdour | F10: 55333-F-8 | G10: ENTIER | H10: CONGELE | I10: A | J10: 26/30 | K10: 46244 | M10: Scenario 7 - sous-traitance EN COURS, puis blocage qualite | N10: =IF($A10="","",IF($L10<>"",$L10,IF(IFERROR(INDEX(RES_LOTSRC,MATCH($A10,RES_LOTEFF,0)),"")=$A10,"",IFERROR(INDEX(RES_LOTSRC,MATCH($A10,RES_LOTEFF,0)),"")))) | O10: =IF($A10="","",IF($B10<>"",$B10,IF($N10="","",IFERROR(INDEX($B$5:$B$204,MATCH($N10,$A$5:$A$204,0)),"")))) -> L-EXT-301 | P10: =IF($A10="","",IF($C10<>"",$C10,IF($N10="","",IFERROR(INDEX($C$5:$C$204,MATCH($N10,$A$5:$A$204,0)),"")))) -> Maquereau | Q10: =IF($A10="","",IF($D10<>"",$D10,IF($N10="","",IFERROR(INDEX($D$5:$D$204,MATCH($N10,$A$5:$A$204,0)),"")))) -> Producteur Boujdour | R10: =IF($A10="","",IF($E10<>"",$E10,IF($N10="","",IFERROR(INDEX($E$5:$E$204,MATCH($N10,$A$5:$A$204,0)),"")))) -> Boujdour | S10: =IF($A10="","",IF($H10<>"",$H10,IF($N10="","",IFERROR(INDEX($H$5:$H$204,MATCH($N10,$A$5:$A$204,0)),"")))) -> CONGELE | T10: =IF($A10="","",IF($F10<>"",$F10,IF($N10="","",IFERROR(INDEX($F$5:$F$204,MATCH($N10,$A$5:$A$204,0)),"")))) -> 55333-F-8 | U10: =IF($A10="","",SUMIFS(MVT_NET,MVT_LOT,$A10)) -> 200 | V10: =IF($A10="","",COUNTIFS(MVT_LOT,$A10,MVT_BRUT,"<>0")) -> 2 | W10: =IF($A10="","",COUNTIFS(QC_LOT,$A10)) -> 1 | X10: =IF($A10="","",IFERROR(INDEX(QC_DEC,MATCH($A10,QC_CLEDER,0)),"")) -> BLOQUER | Y10: =IF($A10="","",IF(COUNTIF($A$5:$A$204,$A10)>1,IF(SUMPRODUCT(($A$5:$A$204=$A10)*(($C$5:$C$204<>$C10)+($D$5:$D$204<>$D10)))>0,"INCOHERENCE","LOT EN DOUBLE"),"OK")) -> OK | Z10: =IF($A10="",0,IF(AND($O10<>"",$A10<>R_LOT,$O10=IFERROR(INDEX(LOT_EXTE,MATCH(R_LOT,LOT_KEY,0)),"#")),1,0)) -> 0 | AA10: =IF($Z10=0,"",COUNTIF($Z$5:$Z10,1))
A11: 302 | B11: L-EXT-302 | C11: Chinchard | D11: Producteur Dakhla | E11: Dakhla | F11: 66444-G-9 | G11: ENTIER | H11: CONGELE | I11: A | J11: 26/30 | K11: 46251 | M11: Scenario 21 - ajustement d'inventaire | N11: =IF($A11="","",IF($L11<>"",$L11,IF(IFERROR(INDEX(RES_LOTSRC,MATCH($A11,RES_LOTEFF,0)),"")=$A11,"",IFERROR(INDEX(RES_LOTSRC,MATCH($A11,RES_LOTEFF,0)),"")))) | O11: =IF($A11="","",IF($B11<>"",$B11,IF($N11="","",IFERROR(INDEX($B$5:$B$204,MATCH($N11,$A$5:$A$204,0)),"")))) -> L-EXT-302 | P11: =IF($A11="","",IF($C11<>"",$C11,IF($N11="","",IFERROR(INDEX($C$5:$C$204,MATCH($N11,$A$5:$A$204,0)),"")))) -> Chinchard | Q11: =IF($A11="","",IF($D11<>"",$D11,IF($N11="","",IFERROR(INDEX($D$5:$D$204,MATCH($N11,$A$5:$A$204,0)),"")))) -> Producteur Dakhla | R11: =IF($A11="","",IF($E11<>"",$E11,IF($N11="","",IFERROR(INDEX($E$5:$E$204,MATCH($N11,$A$5:$A$204,0)),"")))) -> Dakhla | S11: =IF($A11="","",IF($H11<>"",$H11,IF($N11="","",IFERROR(INDEX($H$5:$H$204,MATCH($N11,$A$5:$A$204,0)),"")))) -> CONGELE | T11: =IF($A11="","",IF($F11<>"",$F11,IF($N11="","",IFERROR(INDEX($F$5:$F$204,MATCH($N11,$A$5:$A$204,0)),"")))) -> 66444-G-9 | U11: =IF($A11="","",SUMIFS(MVT_NET,MVT_LOT,$A11)) -> 975 | V11: =IF($A11="","",COUNTIFS(MVT_LOT,$A11,MVT_BRUT,"<>0")) -> 2 | W11: =IF($A11="","",COUNTIFS(QC_LOT,$A11)) -> 0 | X11: =IF($A11="","",IFERROR(INDEX(QC_DEC,MATCH($A11,QC_CLEDER,0)),"")) | Y11: =IF($A11="","",IF(COUNTIF($A$5:$A$204,$A11)>1,IF(SUMPRODUCT(($A$5:$A$204=$A11)*(($C$5:$C$204<>$C11)+($D$5:$D$204<>$D11)))>0,"INCOHERENCE","LOT EN DOUBLE"),"OK")) -> OK | Z11: =IF($A11="",0,IF(AND($O11<>"",$A11<>R_LOT,$O11=IFERROR(INDEX(LOT_EXTE,MATCH(R_LOT,LOT_KEY,0)),"#")),1,0)) -> 0 | AA11: =IF($Z11=0,"",COUNTIF($Z$5:$Z11,1))
A12: 255-HG | G12: HG | H12: CONGELE | I12: A | J12: 20/24 | K12: 46248 | L12: 255 | M12: Issu de ST-001 - identite heritee du lot 255 | N12: =IF($A12="","",IF($L12<>"",$L12,IF(IFERROR(INDEX(RES_LOTSRC,MATCH($A12,RES_LOTEFF,0)),"")=$A12,"",IFERROR(INDEX(RES_LOTSRC,MATCH($A12,RES_LOTEFF,0)),"")))) -> 255 | O12: =IF($A12="","",IF($B12<>"",$B12,IF($N12="","",IFERROR(INDEX($B$5:$B$204,MATCH($N12,$A$5:$A$204,0)),"")))) -> L-EXT-255 | P12: =IF($A12="","",IF($C12<>"",$C12,IF($N12="","",IFERROR(INDEX($C$5:$C$204,MATCH($N12,$A$5:$A$204,0)),"")))) -> Sardine | Q12: =IF($A12="","",IF($D12<>"",$D12,IF($N12="","",IFERROR(INDEX($D$5:$D$204,MATCH($N12,$A$5:$A$204,0)),"")))) -> Fournisseur local | R12: =IF($A12="","",IF($E12<>"",$E12,IF($N12="","",IFERROR(INDEX($E$5:$E$204,MATCH($N12,$A$5:$A$204,0)),"")))) -> Laayoune | S12: =IF($A12="","",IF($H12<>"",$H12,IF($N12="","",IFERROR(INDEX($H$5:$H$204,MATCH($N12,$A$5:$A$204,0)),"")))) -> CONGELE | T12: =IF($A12="","",IF($F12<>"",$F12,IF($N12="","",IFERROR(INDEX($F$5:$F$204,MATCH($N12,$A$5:$A$204,0)),"")))) -> 12345-A-6 | U12: =IF($A12="","",SUMIFS(MVT_NET,MVT_LOT,$A12)) -> 300 | V12: =IF($A12="","",COUNTIFS(MVT_LOT,$A12,MVT_BRUT,"<>0")) -> 1 | W12: =IF($A12="","",COUNTIFS(QC_LOT,$A12)) -> 0 | X12: =IF($A12="","",IFERROR(INDEX(QC_DEC,MATCH($A12,QC_CLEDER,0)),"")) | Y12: =IF($A12="","",IF(COUNTIF($A$5:$A$204,$A12)>1,IF(SUMPRODUCT(($A$5:$A$204=$A12)*(($C$5:$C$204<>$C12)+($D$5:$D$204<>$D12)))>0,"INCOHERENCE","LOT EN DOUBLE"),"OK")) -> OK | Z12: =IF($A12="",0,IF(AND($O12<>"",$A12<>R_LOT,$O12=IFERROR(INDEX(LOT_EXTE,MATCH(R_LOT,LOT_KEY,0)),"#")),1,0)) -> 1 | AA12: =IF($Z12=0,"",COUNTIF($Z$5:$Z12,1)) -> 2
A13: 255-HGT | G13: HGT | H13: CONGELE | I13: B | J13: 26/30 | K13: 46248 | L13: 255 | M13: Issu de ST-001 - envoye en stock externe COFRIGOP | N13: =IF($A13="","",IF($L13<>"",$L13,IF(IFERROR(INDEX(RES_LOTSRC,MATCH($A13,RES_LOTEFF,0)),"")=$A13,"",IFERROR(INDEX(RES_LOTSRC,MATCH($A13,RES_LOTEFF,0)),"")))) -> 255 | O13: =IF($A13="","",IF($B13<>"",$B13,IF($N13="","",IFERROR(INDEX($B$5:$B$204,MATCH($N13,$A$5:$A$204,0)),"")))) -> L-EXT-255 | P13: =IF($A13="","",IF($C13<>"",$C13,IF($N13="","",IFERROR(INDEX($C$5:$C$204,MATCH($N13,$A$5:$A$204,0)),"")))) -> Sardine | Q13: =IF($A13="","",IF($D13<>"",$D13,IF($N13="","",IFERROR(INDEX($D$5:$D$204,MATCH($N13,$A$5:$A$204,0)),"")))) -> Fournisseur local | R13: =IF($A13="","",IF($E13<>"",$E13,IF($N13="","",IFERROR(INDEX($E$5:$E$204,MATCH($N13,$A$5:$A$204,0)),"")))) -> Laayoune | S13: =IF($A13="","",IF($H13<>"",$H13,IF($N13="","",IFERROR(INDEX($H$5:$H$204,MATCH($N13,$A$5:$A$204,0)),"")))) -> CONGELE | T13: =IF($A13="","",IF($F13<>"",$F13,IF($N13="","",IFERROR(INDEX($F$5:$F$204,MATCH($N13,$A$5:$A$204,0)),"")))) -> 12345-A-6 | U13: =IF($A13="","",SUMIFS(MVT_NET,MVT_LOT,$A13)) -> 150 | V13: =IF($A13="","",COUNTIFS(MVT_LOT,$A13,MVT_BRUT,"<>0")) -> 1 | W13: =IF($A13="","",COUNTIFS(QC_LOT,$A13)) -> 0 | X13: =IF($A13="","",IFERROR(INDEX(QC_DEC,MATCH($A13,QC_CLEDER,0)),"")) | Y13: =IF($A13="","",IF(COUNTIF($A$5:$A$204,$A13)>1,IF(SUMPRODUCT(($A$5:$A$204=$A13)*(($C$5:$C$204<>$C13)+($D$5:$D$204<>$D13)))>0,"INCOHERENCE","LOT EN DOUBLE"),"OK")) -> OK | Z13: =IF($A13="",0,IF(AND($O13<>"",$A13<>R_LOT,$O13=IFERROR(INDEX(LOT_EXTE,MATCH(R_LOT,LOT_KEY,0)),"#")),1,0)) -> 1 | AA13: =IF($Z13=0,"",COUNTIF($Z$5:$Z13,1)) -> 3
A14: 300-FIL | G14: FILET | H14: CONGELE | I14: A | J14: 20/24 | K14: 46247 | L14: 300 | M14: Issu de ST-002 - retour OCEAMIC 2 | N14: =IF($A14="","",IF($L14<>"",$L14,IF(IFERROR(INDEX(RES_LOTSRC,MATCH($A14,RES_LOTEFF,0)),"")=$A14,"",IFERROR(INDEX(RES_LOTSRC,MATCH($A14,RES_LOTEFF,0)),"")))) -> 300 | O14: =IF($A14="","",IF($B14<>"",$B14,IF($N14="","",IFERROR(INDEX($B$5:$B$204,MATCH($N14,$A$5:$A$204,0)),"")))) -> L-EXT-300 | P14: =IF($A14="","",IF($C14<>"",$C14,IF($N14="","",IFERROR(INDEX($C$5:$C$204,MATCH($N14,$A$5:$A$204,0)),"")))) -> Anchois | Q14: =IF($A14="","",IF($D14<>"",$D14,IF($N14="","",IFERROR(INDEX($D$5:$D$204,MATCH($N14,$A$5:$A$204,0)),"")))) -> Producteur Dakhla | R14: =IF($A14="","",IF($E14<>"",$E14,IF($N14="","",IFERROR(INDEX($E$5:$E$204,MATCH($N14,$A$5:$A$204,0)),"")))) -> Dakhla | S14: =IF($A14="","",IF($H14<>"",$H14,IF($N14="","",IFERROR(INDEX($H$5:$H$204,MATCH($N14,$A$5:$A$204,0)),"")))) -> CONGELE | T14: =IF($A14="","",IF($F14<>"",$F14,IF($N14="","",IFERROR(INDEX($F$5:$F$204,MATCH($N14,$A$5:$A$204,0)),"")))) -> 44222-D-3 | U14: =IF($A14="","",SUMIFS(MVT_NET,MVT_LOT,$A14)) -> 590 | V14: =IF($A14="","",COUNTIFS(MVT_LOT,$A14,MVT_BRUT,"<>0")) -> 1 | W14: =IF($A14="","",COUNTIFS(QC_LOT,$A14)) -> 0 | X14: =IF($A14="","",IFERROR(INDEX(QC_DEC,MATCH($A14,QC_CLEDER,0)),"")) | Y14: =IF($A14="","",IF(COUNTIF($A$5:$A$204,$A14)>1,IF(SUMPRODUCT(($A$5:$A$204=$A14)*(($C$5:$C$204<>$C14)+($D$5:$D$204<>$D14)))>0,"INCOHERENCE","LOT EN DOUBLE"),"OK")) -> OK | Z14: =IF($A14="",0,IF(AND($O14<>"",$A14<>R_LOT,$O14=IFERROR(INDEX(LOT_EXTE,MATCH(R_LOT,LOT_KEY,0)),"#")),1,0)) -> 0 | AA14: =IF($Z14=0,"",COUNTIF($Z$5:$Z14,1))
N15: =IF($A15="","",IF($L15<>"",$L15,IF(IFERROR(INDEX(RES_LOTSRC,MATCH($A15,RES_LOTEFF,0)),"")=$A15,"",IFERROR(INDEX(RES_LOTSRC,MATCH($A15,RES_LOTEFF,0)),"")))) | O15: =IF($A15="","",IF($B15<>"",$B15,IF($N15="","",IFERROR(INDEX($B$5:$B$204,MATCH($N15,$A$5:$A$204,0)),"")))) | P15: =IF($A15="","",IF($C15<>"",$C15,IF($N15="","",IFERROR(INDEX($C$5:$C$204,MATCH($N15,$A$5:$A$204,0)),"")))) | Q15: =IF($A15="","",IF($D15<>"",$D15,IF($N15="","",IFERROR(INDEX($D$5:$D$204,MATCH($N15,$A$5:$A$204,0)),"")))) | R15: =IF($A15="","",IF($E15<>"",$E15,IF($N15="","",IFERROR(INDEX($E$5:$E$204,MATCH($N15,$A$5:$A$204,0)),"")))) | S15: =IF($A15="","",IF($H15<>"",$H15,IF($N15="","",IFERROR(INDEX($H$5:$H$204,MATCH($N15,$A$5:$A$204,0)),"")))) | T15: =IF($A15="","",IF($F15<>"",$F15,IF($N15="","",IFERROR(INDEX($F$5:$F$204,MATCH($N15,$A$5:$A$204,0)),"")))) | U15: =IF($A15="","",SUMIFS(MVT_NET,MVT_LOT,$A15)) | V15: =IF($A15="","",COUNTIFS(MVT_LOT,$A15,MVT_BRUT,"<>0")) | W15: =IF($A15="","",COUNTIFS(QC_LOT,$A15)) | X15: =IF($A15="","",IFERROR(INDEX(QC_DEC,MATCH($A15,QC_CLEDER,0)),"")) | Y15: =IF($A15="","",IF(COUNTIF($A$5:$A$204,$A15)>1,IF(SUMPRODUCT(($A$5:$A$204=$A15)*(($C$5:$C$204<>$C15)+($D$5:$D$204<>$D15)))>0,"INCOHERENCE","LOT EN DOUBLE"),"OK")) | Z15: =IF($A15="",0,IF(AND($O15<>"",$A15<>R_LOT,$O15=IFERROR(INDEX(LOT_EXTE,MATCH(R_LOT,LOT_KEY,0)),"#")),1,0)) -> 0 | AA15: =IF($Z15=0,"",COUNTIF($Z$5:$Z15,1))
N16: =IF($A16="","",IF($L16<>"",$L16,IF(IFERROR(INDEX(RES_LOTSRC,MATCH($A16,RES_LOTEFF,0)),"")=$A16,"",IFERROR(INDEX(RES_LOTSRC,MATCH($A16,RES_LOTEFF,0)),"")))) | O16: =IF($A16="","",IF($B16<>"",$B16,IF($N16="","",IFERROR(INDEX($B$5:$B$204,MATCH($N16,$A$5:$A$204,0)),"")))) | P16: =IF($A16="","",IF($C16<>"",$C16,IF($N16="","",IFERROR(INDEX($C$5:$C$204,MATCH($N16,$A$5:$A$204,0)),"")))) | Q16: =IF($A16="","",IF($D16<>"",$D16,IF($N16="","",IFERROR(INDEX($D$5:$D$204,MATCH($N16,$A$5:$A$204,0)),"")))) | R16: =IF($A16="","",IF($E16<>"",$E16,IF($N16="","",IFERROR(INDEX($E$5:$E$204,MATCH($N16,$A$5:$A$204,0)),"")))) | S16: =IF($A16="","",IF($H16<>"",$H16,IF($N16="","",IFERROR(INDEX($H$5:$H$204,MATCH($N16,$A$5:$A$204,0)),"")))) | T16: =IF($A16="","",IF($F16<>"",$F16,IF($N16="","",IFERROR(INDEX($F$5:$F$204,MATCH($N16,$A$5:$A$204,0)),"")))) | U16: =IF($A16="","",SUMIFS(MVT_NET,MVT_LOT,$A16)) | V16: =IF($A16="","",COUNTIFS(MVT_LOT,$A16,MVT_BRUT,"<>0")) | W16: =IF($A16="","",COUNTIFS(QC_LOT,$A16)) | X16: =IF($A16="","",IFERROR(INDEX(QC_DEC,MATCH($A16,QC_CLEDER,0)),"")) | Y16: =IF($A16="","",IF(COUNTIF($A$5:$A$204,$A16)>1,IF(SUMPRODUCT(($A$5:$A$204=$A16)*(($C$5:$C$204<>$C16)+($D$5:$D$204<>$D16)))>0,"INCOHERENCE","LOT EN DOUBLE"),"OK")) | Z16: =IF($A16="",0,IF(AND($O16<>"",$A16<>R_LOT,$O16=IFERROR(INDEX(LOT_EXTE,MATCH(R_LOT,LOT_KEY,0)),"#")),1,0)) -> 0 | AA16: =IF($Z16=0,"",COUNTIF($Z$5:$Z16,1))
N17: =IF($A17="","",IF($L17<>"",$L17,IF(IFERROR(INDEX(RES_LOTSRC,MATCH($A17,RES_LOTEFF,0)),"")=$A17,"",IFERROR(INDEX(RES_LOTSRC,MATCH($A17,RES_LOTEFF,0)),"")))) | O17: =IF($A17="","",IF($B17<>"",$B17,IF($N17="","",IFERROR(INDEX($B$5:$B$204,MATCH($N17,$A$5:$A$204,0)),"")))) | P17: =IF($A17="","",IF($C17<>"",$C17,IF($N17="","",IFERROR(INDEX($C$5:$C$204,MATCH($N17,$A$5:$A$204,0)),"")))) | Q17: =IF($A17="","",IF($D17<>"",$D17,IF($N17="","",IFERROR(INDEX($D$5:$D$204,MATCH($N17,$A$5:$A$204,0)),"")))) | R17: =IF($A17="","",IF($E17<>"",$E17,IF($N17="","",IFERROR(INDEX($E$5:$E$204,MATCH($N17,$A$5:$A$204,0)),"")))) | S17: =IF($A17="","",IF($H17<>"",$H17,IF($N17="","",IFERROR(INDEX($H$5:$H$204,MATCH($N17,$A$5:$A$204,0)),"")))) | T17: =IF($A17="","",IF($F17<>"",$F17,IF($N17="","",IFERROR(INDEX($F$5:$F$204,MATCH($N17,$A$5:$A$204,0)),"")))) | U17: =IF($A17="","",SUMIFS(MVT_NET,MVT_LOT,$A17)) | V17: =IF($A17="","",COUNTIFS(MVT_LOT,$A17,MVT_BRUT,"<>0")) | W17: =IF($A17="","",COUNTIFS(QC_LOT,$A17)) | X17: =IF($A17="","",IFERROR(INDEX(QC_DEC,MATCH($A17,QC_CLEDER,0)),"")) | Y17: =IF($A17="","",IF(COUNTIF($A$5:$A$204,$A17)>1,IF(SUMPRODUCT(($A$5:$A$204=$A17)*(($C$5:$C$204<>$C17)+($D$5:$D$204<>$D17)))>0,"INCOHERENCE","LOT EN DOUBLE"),"OK")) | Z17: =IF($A17="",0,IF(AND($O17<>"",$A17<>R_LOT,$O17=IFERROR(INDEX(LOT_EXTE,MATCH(R_LOT,LOT_KEY,0)),"#")),1,0)) -> 0 | AA17: =IF($Z17=0,"",COUNTIF($Z$5:$Z17,1))
N18: =IF($A18="","",IF($L18<>"",$L18,IF(IFERROR(INDEX(RES_LOTSRC,MATCH($A18,RES_LOTEFF,0)),"")=$A18,"",IFERROR(INDEX(RES_LOTSRC,MATCH($A18,RES_LOTEFF,0)),"")))) | O18: =IF($A18="","",IF($B18<>"",$B18,IF($N18="","",IFERROR(INDEX($B$5:$B$204,MATCH($N18,$A$5:$A$204,0)),"")))) | P18: =IF($A18="","",IF($C18<>"",$C18,IF($N18="","",IFERROR(INDEX($C$5:$C$204,MATCH($N18,$A$5:$A$204,0)),"")))) | Q18: =IF($A18="","",IF($D18<>"",$D18,IF($N18="","",IFERROR(INDEX($D$5:$D$204,MATCH($N18,$A$5:$A$204,0)),"")))) | R18: =IF($A18="","",IF($E18<>"",$E18,IF($N18="","",IFERROR(INDEX($E$5:$E$204,MATCH($N18,$A$5:$A$204,0)),"")))) | S18: =IF($A18="","",IF($H18<>"",$H18,IF($N18="","",IFERROR(INDEX($H$5:$H$204,MATCH($N18,$A$5:$A$204,0)),"")))) | T18: =IF($A18="","",IF($F18<>"",$F18,IF($N18="","",IFERROR(INDEX($F$5:$F$204,MATCH($N18,$A$5:$A$204,0)),"")))) | U18: =IF($A18="","",SUMIFS(MVT_NET,MVT_LOT,$A18)) | V18: =IF($A18="","",COUNTIFS(MVT_LOT,$A18,MVT_BRUT,"<>0")) | W18: =IF($A18="","",COUNTIFS(QC_LOT,$A18)) | X18: =IF($A18="","",IFERROR(INDEX(QC_DEC,MATCH($A18,QC_CLEDER,0)),"")) | Y18: =IF($A18="","",IF(COUNTIF($A$5:$A$204,$A18)>1,IF(SUMPRODUCT(($A$5:$A$204=$A18)*(($C$5:$C$204<>$C18)+($D$5:$D$204<>$D18)))>0,"INCOHERENCE","LOT EN DOUBLE"),"OK")) | Z18: =IF($A18="",0,IF(AND($O18<>"",$A18<>R_LOT,$O18=IFERROR(INDEX(LOT_EXTE,MATCH(R_LOT,LOT_KEY,0)),"#")),1,0)) -> 0 | AA18: =IF($Z18=0,"",COUNTIF($Z$5:$Z18,1))
N19: =IF($A19="","",IF($L19<>"",$L19,IF(IFERROR(INDEX(RES_LOTSRC,MATCH($A19,RES_LOTEFF,0)),"")=$A19,"",IFERROR(INDEX(RES_LOTSRC,MATCH($A19,RES_LOTEFF,0)),"")))) | O19: =IF($A19="","",IF($B19<>"",$B19,IF($N19="","",IFERROR(INDEX($B$5:$B$204,MATCH($N19,$A$5:$A$204,0)),"")))) | P19: =IF($A19="","",IF($C19<>"",$C19,IF($N19="","",IFERROR(INDEX($C$5:$C$204,MATCH($N19,$A$5:$A$204,0)),"")))) | Q19: =IF($A19="","",IF($D19<>"",$D19,IF($N19="","",IFERROR(INDEX($D$5:$D$204,MATCH($N19,$A$5:$A$204,0)),"")))) | R19: =IF($A19="","",IF($E19<>"",$E19,IF($N19="","",IFERROR(INDEX($E$5:$E$204,MATCH($N19,$A$5:$A$204,0)),"")))) | S19: =IF($A19="","",IF($H19<>"",$H19,IF($N19="","",IFERROR(INDEX($H$5:$H$204,MATCH($N19,$A$5:$A$204,0)),"")))) | T19: =IF($A19="","",IF($F19<>"",$F19,IF($N19="","",IFERROR(INDEX($F$5:$F$204,MATCH($N19,$A$5:$A$204,0)),"")))) | U19: =IF($A19="","",SUMIFS(MVT_NET,MVT_LOT,$A19)) | V19: =IF($A19="","",COUNTIFS(MVT_LOT,$A19,MVT_BRUT,"<>0")) | W19: =IF($A19="","",COUNTIFS(QC_LOT,$A19)) | X19: =IF($A19="","",IFERROR(INDEX(QC_DEC,MATCH($A19,QC_CLEDER,0)),"")) | Y19: =IF($A19="","",IF(COUNTIF($A$5:$A$204,$A19)>1,IF(SUMPRODUCT(($A$5:$A$204=$A19)*(($C$5:$C$204<>$C19)+($D$5:$D$204<>$D19)))>0,"INCOHERENCE","LOT EN DOUBLE"),"OK")) | Z19: =IF($A19="",0,IF(AND($O19<>"",$A19<>R_LOT,$O19=IFERROR(INDEX(LOT_EXTE,MATCH(R_LOT,LOT_KEY,0)),"#")),1,0)) -> 0 | AA19: =IF($Z19=0,"",COUNTIF($Z$5:$Z19,1))
N20: =IF($A20="","",IF($L20<>"",$L20,IF(IFERROR(INDEX(RES_LOTSRC,MATCH($A20,RES_LOTEFF,0)),"")=$A20,"",IFERROR(INDEX(RES_LOTSRC,MATCH($A20,RES_LOTEFF,0)),"")))) | O20: =IF($A20="","",IF($B20<>"",$B20,IF($N20="","",IFERROR(INDEX($B$5:$B$204,MATCH($N20,$A$5:$A$204,0)),"")))) | P20: =IF($A20="","",IF($C20<>"",$C20,IF($N20="","",IFERROR(INDEX($C$5:$C$204,MATCH($N20,$A$5:$A$204,0)),"")))) | Q20: =IF($A20="","",IF($D20<>"",$D20,IF($N20="","",IFERROR(INDEX($D$5:$D$204,MATCH($N20,$A$5:$A$204,0)),"")))) | R20: =IF($A20="","",IF($E20<>"",$E20,IF($N20="","",IFERROR(INDEX($E$5:$E$204,MATCH($N20,$A$5:$A$204,0)),"")))) | S20: =IF($A20="","",IF($H20<>"",$H20,IF($N20="","",IFERROR(INDEX($H$5:$H$204,MATCH($N20,$A$5:$A$204,0)),"")))) | T20: =IF($A20="","",IF($F20<>"",$F20,IF($N20="","",IFERROR(INDEX($F$5:$F$204,MATCH($N20,$A$5:$A$204,0)),"")))) | U20: =IF($A20="","",SUMIFS(MVT_NET,MVT_LOT,$A20)) | V20: =IF($A20="","",COUNTIFS(MVT_LOT,$A20,MVT_BRUT,"<>0")) | W20: =IF($A20="","",COUNTIFS(QC_LOT,$A20)) | X20: =IF($A20="","",IFERROR(INDEX(QC_DEC,MATCH($A20,QC_CLEDER,0)),"")) | Y20: =IF($A20="","",IF(COUNTIF($A$5:$A$204,$A20)>1,IF(SUMPRODUCT(($A$5:$A$204=$A20)*(($C$5:$C$204<>$C20)+($D$5:$D$204<>$D20)))>0,"INCOHERENCE","LOT EN DOUBLE"),"OK")) | Z20: =IF($A20="",0,IF(AND($O20<>"",$A20<>R_LOT,$O20=IFERROR(INDEX(LOT_EXTE,MATCH(R_LOT,LOT_KEY,0)),"#")),1,0)) -> 0 | AA20: =IF($Z20=0,"",COUNTIF($Z$5:$Z20,1))
N21: =IF($A21="","",IF($L21<>"",$L21,IF(IFERROR(INDEX(RES_LOTSRC,MATCH($A21,RES_LOTEFF,0)),"")=$A21,"",IFERROR(INDEX(RES_LOTSRC,MATCH($A21,RES_LOTEFF,0)),"")))) | O21: =IF($A21="","",IF($B21<>"",$B21,IF($N21="","",IFERROR(INDEX($B$5:$B$204,MATCH($N21,$A$5:$A$204,0)),"")))) | P21: =IF($A21="","",IF($C21<>"",$C21,IF($N21="","",IFERROR(INDEX($C$5:$C$204,MATCH($N21,$A$5:$A$204,0)),"")))) | Q21: =IF($A21="","",IF($D21<>"",$D21,IF($N21="","",IFERROR(INDEX($D$5:$D$204,MATCH($N21,$A$5:$A$204,0)),"")))) | R21: =IF($A21="","",IF($E21<>"",$E21,IF($N21="","",IFERROR(INDEX($E$5:$E$204,MATCH($N21,$A$5:$A$204,0)),"")))) | S21: =IF($A21="","",IF($H21<>"",$H21,IF($N21="","",IFERROR(INDEX($H$5:$H$204,MATCH($N21,$A$5:$A$204,0)),"")))) | T21: =IF($A21="","",IF($F21<>"",$F21,IF($N21="","",IFERROR(INDEX($F$5:$F$204,MATCH($N21,$A$5:$A$204,0)),"")))) | U21: =IF($A21="","",SUMIFS(MVT_NET,MVT_LOT,$A21)) | V21: =IF($A21="","",COUNTIFS(MVT_LOT,$A21,MVT_BRUT,"<>0")) | W21: =IF($A21="","",COUNTIFS(QC_LOT,$A21)) | X21: =IF($A21="","",IFERROR(INDEX(QC_DEC,MATCH($A21,QC_CLEDER,0)),"")) | Y21: =IF($A21="","",IF(COUNTIF($A$5:$A$204,$A21)>1,IF(SUMPRODUCT(($A$5:$A$204=$A21)*(($C$5:$C$204<>$C21)+($D$5:$D$204<>$D21)))>0,"INCOHERENCE","LOT EN DOUBLE"),"OK")) | Z21: =IF($A21="",0,IF(AND($O21<>"",$A21<>R_LOT,$O21=IFERROR(INDEX(LOT_EXTE,MATCH(R_LOT,LOT_KEY,0)),"#")),1,0)) -> 0 | AA21: =IF($Z21=0,"",COUNTIF($Z$5:$Z21,1))
N22: =IF($A22="","",IF($L22<>"",$L22,IF(IFERROR(INDEX(RES_LOTSRC,MATCH($A22,RES_LOTEFF,0)),"")=$A22,"",IFERROR(INDEX(RES_LOTSRC,MATCH($A22,RES_LOTEFF,0)),"")))) | O22: =IF($A22="","",IF($B22<>"",$B22,IF($N22="","",IFERROR(INDEX($B$5:$B$204,MATCH($N22,$A$5:$A$204,0)),"")))) | P22: =IF($A22="","",IF($C22<>"",$C22,IF($N22="","",IFERROR(INDEX($C$5:$C$204,MATCH($N22,$A$5:$A$204,0)),"")))) | Q22: =IF($A22="","",IF($D22<>"",$D22,IF($N22="","",IFERROR(INDEX($D$5:$D$204,MATCH($N22,$A$5:$A$204,0)),"")))) | R22: =IF($A22="","",IF($E22<>"",$E22,IF($N22="","",IFERROR(INDEX($E$5:$E$204,MATCH($N22,$A$5:$A$204,0)),"")))) | S22: =IF($A22="","",IF($H22<>"",$H22,IF($N22="","",IFERROR(INDEX($H$5:$H$204,MATCH($N22,$A$5:$A$204,0)),"")))) | T22: =IF($A22="","",IF($F22<>"",$F22,IF($N22="","",IFERROR(INDEX($F$5:$F$204,MATCH($N22,$A$5:$A$204,0)),"")))) | U22: =IF($A22="","",SUMIFS(MVT_NET,MVT_LOT,$A22)) | V22: =IF($A22="","",COUNTIFS(MVT_LOT,$A22,MVT_BRUT,"<>0")) | W22: =IF($A22="","",COUNTIFS(QC_LOT,$A22)) | X22: =IF($A22="","",IFERROR(INDEX(QC_DEC,MATCH($A22,QC_CLEDER,0)),"")) | Y22: =IF($A22="","",IF(COUNTIF($A$5:$A$204,$A22)>1,IF(SUMPRODUCT(($A$5:$A$204=$A22)*(($C$5:$C$204<>$C22)+($D$5:$D$204<>$D22)))>0,"INCOHERENCE","LOT EN DOUBLE"),"OK")) | Z22: =IF($A22="",0,IF(AND($O22<>"",$A22<>R_LOT,$O22=IFERROR(INDEX(LOT_EXTE,MATCH(R_LOT,LOT_KEY,0)),"#")),1,0)) -> 0 | AA22: =IF($Z22=0,"",COUNTIF($Z$5:$Z22,1))
N23: =IF($A23="","",IF($L23<>"",$L23,IF(IFERROR(INDEX(RES_LOTSRC,MATCH($A23,RES_LOTEFF,0)),"")=$A23,"",IFERROR(INDEX(RES_LOTSRC,MATCH($A23,RES_LOTEFF,0)),"")))) | O23: =IF($A23="","",IF($B23<>"",$B23,IF($N23="","",IFERROR(INDEX($B$5:$B$204,MATCH($N23,$A$5:$A$204,0)),"")))) | P23: =IF($A23="","",IF($C23<>"",$C23,IF($N23="","",IFERROR(INDEX($C$5:$C$204,MATCH($N23,$A$5:$A$204,0)),"")))) | Q23: =IF($A23="","",IF($D23<>"",$D23,IF($N23="","",IFERROR(INDEX($D$5:$D$204,MATCH($N23,$A$5:$A$204,0)),"")))) | R23: =IF($A23="","",IF($E23<>"",$E23,IF($N23="","",IFERROR(INDEX($E$5:$E$204,MATCH($N23,$A$5:$A$204,0)),"")))) | S23: =IF($A23="","",IF($H23<>"",$H23,IF($N23="","",IFERROR(INDEX($H$5:$H$204,MATCH($N23,$A$5:$A$204,0)),"")))) | T23: =IF($A23="","",IF($F23<>"",$F23,IF($N23="","",IFERROR(INDEX($F$5:$F$204,MATCH($N23,$A$5:$A$204,0)),"")))) | U23: =IF($A23="","",SUMIFS(MVT_NET,MVT_LOT,$A23)) | V23: =IF($A23="","",COUNTIFS(MVT_LOT,$A23,MVT_BRUT,"<>0")) | W23: =IF($A23="","",COUNTIFS(QC_LOT,$A23)) | X23: =IF($A23="","",IFERROR(INDEX(QC_DEC,MATCH($A23,QC_CLEDER,0)),"")) | Y23: =IF($A23="","",IF(COUNTIF($A$5:$A$204,$A23)>1,IF(SUMPRODUCT(($A$5:$A$204=$A23)*(($C$5:$C$204<>$C23)+($D$5:$D$204<>$D23)))>0,"INCOHERENCE","LOT EN DOUBLE"),"OK")) | Z23: =IF($A23="",0,IF(AND($O23<>"",$A23<>R_LOT,$O23=IFERROR(INDEX(LOT_EXTE,MATCH(R_LOT,LOT_KEY,0)),"#")),1,0)) -> 0 | AA23: =IF($Z23=0,"",COUNTIF($Z$5:$Z23,1))
N24: =IF($A24="","",IF($L24<>"",$L24,IF(IFERROR(INDEX(RES_LOTSRC,MATCH($A24,RES_LOTEFF,0)),"")=$A24,"",IFERROR(INDEX(RES_LOTSRC,MATCH($A24,RES_LOTEFF,0)),"")))) | O24: =IF($A24="","",IF($B24<>"",$B24,IF($N24="","",IFERROR(INDEX($B$5:$B$204,MATCH($N24,$A$5:$A$204,0)),"")))) | P24: =IF($A24="","",IF($C24<>"",$C24,IF($N24="","",IFERROR(INDEX($C$5:$C$204,MATCH($N24,$A$5:$A$204,0)),"")))) | Q24: =IF($A24="","",IF($D24<>"",$D24,IF($N24="","",IFERROR(INDEX($D$5:$D$204,MATCH($N24,$A$5:$A$204,0)),"")))) | R24: =IF($A24="","",IF($E24<>"",$E24,IF($N24="","",IFERROR(INDEX($E$5:$E$204,MATCH($N24,$A$5:$A$204,0)),"")))) | S24: =IF($A24="","",IF($H24<>"",$H24,IF($N24="","",IFERROR(INDEX($H$5:$H$204,MATCH($N24,$A$5:$A$204,0)),"")))) | T24: =IF($A24="","",IF($F24<>"",$F24,IF($N24="","",IFERROR(INDEX($F$5:$F$204,MATCH($N24,$A$5:$A$204,0)),"")))) | U24: =IF($A24="","",SUMIFS(MVT_NET,MVT_LOT,$A24)) | V24: =IF($A24="","",COUNTIFS(MVT_LOT,$A24,MVT_BRUT,"<>0")) | W24: =IF($A24="","",COUNTIFS(QC_LOT,$A24)) | X24: =IF($A24="","",IFERROR(INDEX(QC_DEC,MATCH($A24,QC_CLEDER,0)),"")) | Y24: =IF($A24="","",IF(COUNTIF($A$5:$A$204,$A24)>1,IF(SUMPRODUCT(($A$5:$A$204=$A24)*(($C$5:$C$204<>$C24)+($D$5:$D$204<>$D24)))>0,"INCOHERENCE","LOT EN DOUBLE"),"OK")) | Z24: =IF($A24="",0,IF(AND($O24<>"",$A24<>R_LOT,$O24=IFERROR(INDEX(LOT_EXTE,MATCH(R_LOT,LOT_KEY,0)),"#")),1,0)) -> 0 | AA24: =IF($Z24=0,"",COUNTIF($Z$5:$Z24,1))
N25: =IF($A25="","",IF($L25<>"",$L25,IF(IFERROR(INDEX(RES_LOTSRC,MATCH($A25,RES_LOTEFF,0)),"")=$A25,"",IFERROR(INDEX(RES_LOTSRC,MATCH($A25,RES_LOTEFF,0)),"")))) | O25: =IF($A25="","",IF($B25<>"",$B25,IF($N25="","",IFERROR(INDEX($B$5:$B$204,MATCH($N25,$A$5:$A$204,0)),"")))) | P25: =IF($A25="","",IF($C25<>"",$C25,IF($N25="","",IFERROR(INDEX($C$5:$C$204,MATCH($N25,$A$5:$A$204,0)),"")))) | Q25: =IF($A25="","",IF($D25<>"",$D25,IF($N25="","",IFERROR(INDEX($D$5:$D$204,MATCH($N25,$A$5:$A$204,0)),"")))) | R25: =IF($A25="","",IF($E25<>"",$E25,IF($N25="","",IFERROR(INDEX($E$5:$E$204,MATCH($N25,$A$5:$A$204,0)),"")))) | S25: =IF($A25="","",IF($H25<>"",$H25,IF($N25="","",IFERROR(INDEX($H$5:$H$204,MATCH($N25,$A$5:$A$204,0)),"")))) | T25: =IF($A25="","",IF($F25<>"",$F25,IF($N25="","",IFERROR(INDEX($F$5:$F$204,MATCH($N25,$A$5:$A$204,0)),"")))) | U25: =IF($A25="","",SUMIFS(MVT_NET,MVT_LOT,$A25)) | V25: =IF($A25="","",COUNTIFS(MVT_LOT,$A25,MVT_BRUT,"<>0")) | W25: =IF($A25="","",COUNTIFS(QC_LOT,$A25)) | X25: =IF($A25="","",IFERROR(INDEX(QC_DEC,MATCH($A25,QC_CLEDER,0)),"")) | Y25: =IF($A25="","",IF(COUNTIF($A$5:$A$204,$A25)>1,IF(SUMPRODUCT(($A$5:$A$204=$A25)*(($C$5:$C$204<>$C25)+($D$5:$D$204<>$D25)))>0,"INCOHERENCE","LOT EN DOUBLE"),"OK")) | Z25: =IF($A25="",0,IF(AND($O25<>"",$A25<>R_LOT,$O25=IFERROR(INDEX(LOT_EXTE,MATCH(R_LOT,LOT_KEY,0)),"#")),1,0)) -> 0 | AA25: =IF($Z25=0,"",COUNTIF($Z$5:$Z25,1))
N26: =IF($A26="","",IF($L26<>"",$L26,IF(IFERROR(INDEX(RES_LOTSRC,MATCH($A26,RES_LOTEFF,0)),"")=$A26,"",IFERROR(INDEX(RES_LOTSRC,MATCH($A26,RES_LOTEFF,0)),"")))) | O26: =IF($A26="","",IF($B26<>"",$B26,IF($N26="","",IFERROR(INDEX($B$5:$B$204,MATCH($N26,$A$5:$A$204,0)),"")))) | P26: =IF($A26="","",IF($C26<>"",$C26,IF($N26="","",IFERROR(INDEX($C$5:$C$204,MATCH($N26,$A$5:$A$204,0)),"")))) | Q26: =IF($A26="","",IF($D26<>"",$D26,IF($N26="","",IFERROR(INDEX($D$5:$D$204,MATCH($N26,$A$5:$A$204,0)),"")))) | R26: =IF($A26="","",IF($E26<>"",$E26,IF($N26="","",IFERROR(INDEX($E$5:$E$204,MATCH($N26,$A$5:$A$204,0)),"")))) | S26: =IF($A26="","",IF($H26<>"",$H26,IF($N26="","",IFERROR(INDEX($H$5:$H$204,MATCH($N26,$A$5:$A$204,0)),"")))) | T26: =IF($A26="","",IF($F26<>"",$F26,IF($N26="","",IFERROR(INDEX($F$5:$F$204,MATCH($N26,$A$5:$A$204,0)),"")))) | U26: =IF($A26="","",SUMIFS(MVT_NET,MVT_LOT,$A26)) | V26: =IF($A26="","",COUNTIFS(MVT_LOT,$A26,MVT_BRUT,"<>0")) | W26: =IF($A26="","",COUNTIFS(QC_LOT,$A26)) | X26: =IF($A26="","",IFERROR(INDEX(QC_DEC,MATCH($A26,QC_CLEDER,0)),"")) | Y26: =IF($A26="","",IF(COUNTIF($A$5:$A$204,$A26)>1,IF(SUMPRODUCT(($A$5:$A$204=$A26)*(($C$5:$C$204<>$C26)+($D$5:$D$204<>$D26)))>0,"INCOHERENCE","LOT EN DOUBLE"),"OK")) | Z26: =IF($A26="",0,IF(AND($O26<>"",$A26<>R_LOT,$O26=IFERROR(INDEX(LOT_EXTE,MATCH(R_LOT,LOT_KEY,0)),"#")),1,0)) -> 0 | AA26: =IF($Z26=0,"",COUNTIF($Z$5:$Z26,1))
... N204: =IF($A204="","",IF($L204<>"",$L204,IF(IFERROR(INDEX(RES_LOTSRC,MATCH($A204,RES_LOTEFF,0)),"")=$A204,"",IFERROR(INDEX(RES_LOTSRC,MATCH($A204,RES_LOTEFF,0)),"")))) | O204: =IF($A204="","",IF($B204<>"",$B204,IF($N204="","",IFERROR(INDEX($B$5:$B$204,MATCH($N204,$A$5:$A$204,0)),"")))) | P204: =IF($A204="","",IF($C204<>"",$C204,IF($N204="","",IFERROR(INDEX($C$5:$C$204,MATCH($N204,$A$5:$A$204,0)),"")))) | Q204: =IF($A204="","",IF($D204<>"",$D204,IF($N204="","",IFERROR(INDEX($D$5:$D$204,MATCH($N204,$A$5:$A$204,0)),"")))) | R204: =IF($A204="","",IF($E204<>"",$E204,IF($N204="","",IFERROR(INDEX($E$5:$E$204,MATCH($N204,$A$5:$A$204,0)),"")))) | S204: =IF($A204="","",IF($H204<>"",$H204,IF($N204="","",IFERROR(INDEX($H$5:$H$204,MATCH($N204,$A$5:$A$204,0)),"")))) | T204: =IF($A204="","",IF($F204<>"",$F204,IF($N204="","",IFERROR(INDEX($F$5:$F$204,MATCH($N204,$A$5:$A$204,0)),"")))) | U204: =IF($A204="","",SUMIFS(MVT_NET,MVT_LOT,$A204)) | V204: =IF($A204="","",COUNTIFS(MVT_LOT,$A204,MVT_BRUT,"<>0")) | W204: =IF($A204="","",COUNTIFS(QC_LOT,$A204)) | X204: =IF($A204="","",IFERROR(INDEX(QC_DEC,MATCH($A204,QC_CLEDER,0)),"")) | Y204: =IF($A204="","",IF(COUNTIF($A$5:$A$204,$A204)>1,IF(SUMPRODUCT(($A$5:$A$204=$A204)*(($C$5:$C$204<>$C204)+($D$5:$D$204<>$D204)))>0,"INCOHERENCE","LOT EN DOUBLE"),"OK")) | Z204: =IF($A204="",0,IF(AND($O204<>"",$A204<>R_LOT,$O204=IFERROR(INDEX(LOT_EXTE,MATCH(R_LOT,LOT_KEY,0)),"#")),1,0)) -> 0 | AA204: =IF($Z204=0,"",COUNTIF($Z$5:$Z204,1))

Sheet OPERATIONS
A1: OPERATIONS DE STOCK - RECEPTION / TRANSFERT / CONSOMMATION / AJUSTEMENT
A2: RECEPTION = entree sur un emplacement. TRANSFERT = sortie d'un emplacement + entree sur un autre (meme quantite). CONSOMMATION = sortie de la seule quantite consommee. AJUSTEMENT = correction d'inventaire sur l'emplacement de destination : quantite signee (negative = perte) et MOTIF obligatoire.
A3: Saisie minimale : DATE, TYPE, LOT INTERNE, EMPLACEMENT(S), QUANTITE. Le reste est deduit du lot.
A4: ID OPERATION | B4: DATE | C4: TYPE | D4: LOT INTERNE | E4: EMPL. SOURCE | F4: EMPL. DESTINATION | G4: QUANTITE (KG) | H4: MOTIF / DESTINATION | I4: OBSERVATION | J4: LOT EXTERNE | K4: ESPECE | L4: PRODUCTEUR | M4: CLASSE SOURCE | N4: CLASSE DEST. | O4: VALIDE | P4: DISPO AVANT (KG) | Q4: STATUT | R4: IMPACT STOCK | S4: CONTROLE / ACTION
A5: =IF($C5="","","OP-"&TEXT(ROW()-4,"000")) -> OP-001 | B5: 46237 | C5: RECEPTION | D5: 255 | F5: OCEAMIC 2 | G5: 1000 | H5: Reception usine | I5: Scenario 1 - nouveau lot interne | J5: =IF($D5="","",IFERROR(INDEX(LOT_EXTE,MATCH($D5,LOT_KEY,0)),"")) -> L-EXT-255 | K5: =IF($D5="","",IFERROR(INDEX(LOT_PRODE,MATCH($D5,LOT_KEY,0)),"LOT NON REFERENCE")) -> Sardine | L5: =IF($D5="","",IFERROR(INDEX(LOT_FOURNE,MATCH($D5,LOT_KEY,0)),"")) -> Fournisseur local | M5: =IF($E5="","",IFERROR(INDEX(EMPL_CLASSE,MATCH($E5,EMPL_KEY,0)),"?")) | N5: =IF($F5="","",IFERROR(INDEX(EMPL_CLASSE,MATCH($F5,EMPL_KEY,0)),"?")) -> INTERNE | O5: =IF($C5="",0,IF(OR($B5="",$D5=""),0,IF($C5="AJUSTEMENT",IF(OR(NOT(ISNUMBER($G5)),$G5=0,$F5="",$H5=""),0,1),IF(OR(NOT(ISNUMBER($G5)),$G5<=0),0,IF($C5="RECEPTION",IF($F5="",0,1),IF($C5="CONSOMMATION",IF($E5="",0,1),IF(OR($E5="",$F5="",$E5=$F5),0,1))))))) -> 1 | P5: =IF(OR($O5=0,$C5="RECEPTION"),"",IF($C5="AJUSTEMENT",IF($G5>0,"",SUMIFS(MVT_BRUT,MVT_LOT,$D5,MVT_EMPL,$F5)-$G5),SUMIFS(MVT_BRUT,MVT_LOT,$D5,MVT_EMPL,$E5)+$G5)) | Q5: =IF($C5="","",IF($O5=0,"DONNEES MANQUANTES",IF($C5="RECEPTION","OK",IF(AND($C5="AJUSTEMENT",$G5>0),"OK",IF($P5<=0,"EMPLACEMENT INCOHERENT",IF(ABS($G5)>$P5+0.001,"STOCK INSUFFISANT","OK")))))) -> OK | R5: =IF($Q5="OK",1,0) -> 1 | S5: =IF($C5="","",IF($O5=0,"A COMPLETER : "&IF($B5="","DATE; ","")&IF($D5="","LOT INTERNE; ","")&IF(NOT(ISNUMBER($G5)),"QUANTITE; ",IF(AND($C5="AJUSTEMENT",$G5=0),"QUANTITE <> 0; ",IF(AND($C5<>"AJUSTEMENT",$G5<=0),"QUANTITE > 0; ","")))&IF(AND($C5="AJUSTEMENT",$H5=""),"MOTIF; ","")&IF(AND(OR($C5="TRANSFERT",$C5="CONSOMMATION"),$E5=""),"EMPL. SOURCE; ","")&IF(AND($C5<>"CONSOMMATION",$F5=""),"EMPL. DESTINATION; ","")&IF(AND($C5="TRANSFERT",$E5<>"",$E5=$F5),"SOURCE = DESTINATION; ",""),IF($Q5="EMPLACEMENT INCOHERENT","Le lot "&$D5&" n'existe pas sur cet emplacement (stock 0). Verifier l'emplacement.",IF($Q5="STOCK INSUFFISANT","Disponible avant operation : "&TEXT($P5,"#,##0.00")&" kg. Ligne NON comptee en stock.",IF(COUNTIFS($B$5:$B$304,$B5,$C$5:$C$304,$C5,$D$5:$D$304,$D5,$G$5:$G$304,$G5)>1,"Doublon possible (meme date, type, lot et quantite).",IF($K5="LOT NON REFERENCE","Creer d'abord la fiche du lot dans l'onglet LOTS.",""))))))
A6: =IF($C6="","","OP-"&TEXT(ROW()-4,"000")) -> OP-002 | B6: 46238 | C6: RECEPTION | D6: 256 | F6: SARMA | G6: 2000 | H6: Reception entrepot externe | I6: Scenario 2 - lot externe | J6: =IF($D6="","",IFERROR(INDEX(LOT_EXTE,MATCH($D6,LOT_KEY,0)),"")) -> L-EXT-256 | K6: =IF($D6="","",IFERROR(INDEX(LOT_PRODE,MATCH($D6,LOT_KEY,0)),"LOT NON REFERENCE")) -> Maquereau | L6: =IF($D6="","",IFERROR(INDEX(LOT_FOURNE,MATCH($D6,LOT_KEY,0)),"")) -> Producteur Boujdour | M6: =IF($E6="","",IFERROR(INDEX(EMPL_CLASSE,MATCH($E6,EMPL_KEY,0)),"?")) | N6: =IF($F6="","",IFERROR(INDEX(EMPL_CLASSE,MATCH($F6,EMPL_KEY,0)),"?")) -> EXTERNE | O6: =IF($C6="",0,IF(OR($B6="",$D6=""),0,IF($C6="AJUSTEMENT",IF(OR(NOT(ISNUMBER($G6)),$G6=0,$F6="",$H6=""),0,1),IF(OR(NOT(ISNUMBER($G6)),$G6<=0),0,IF($C6="RECEPTION",IF($F6="",0,1),IF($C6="CONSOMMATION",IF($E6="",0,1),IF(OR($E6="",$F6="",$E6=$F6),0,1))))))) -> 1 | P6: =IF(OR($O6=0,$C6="RECEPTION"),"",IF($C6="AJUSTEMENT",IF($G6>0,"",SUMIFS(MVT_BRUT,MVT_LOT,$D6,MVT_EMPL,$F6)-$G6),SUMIFS(MVT_BRUT,MVT_LOT,$D6,MVT_EMPL,$E6)+$G6)) | Q6: =IF($C6="","",IF($O6=0,"DONNEES MANQUANTES",IF($C6="RECEPTION","OK",IF(AND($C6="AJUSTEMENT",$G6>0),"OK",IF($P6<=0,"EMPLACEMENT INCOHERENT",IF(ABS($G6)>$P6+0.001,"STOCK INSUFFISANT","OK")))))) -> OK | R6: =IF($Q6="OK",1,0) -> 1 | S6: =IF($C6="","",IF($O6=0,"A COMPLETER : "&IF($B6="","DATE; ","")&IF($D6="","LOT INTERNE; ","")&IF(NOT(ISNUMBER($G6)),"QUANTITE; ",IF(AND($C6="AJUSTEMENT",$G6=0),"QUANTITE <> 0; ",IF(AND($C6<>"AJUSTEMENT",$G6<=0),"QUANTITE > 0; ","")))&IF(AND($C6="AJUSTEMENT",$H6=""),"MOTIF; ","")&IF(AND(OR($C6="TRANSFERT",$C6="CONSOMMATION"),$E6=""),"EMPL. SOURCE; ","")&IF(AND($C6<>"CONSOMMATION",$F6=""),"EMPL. DESTINATION; ","")&IF(AND($C6="TRANSFERT",$E6<>"",$E6=$F6),"SOURCE = DESTINATION; ",""),IF($Q6="EMPLACEMENT INCOHERENT","Le lot "&$D6&" n'existe pas sur cet emplacement (stock 0). Verifier l'emplacement.",IF($Q6="STOCK INSUFFISANT","Disponible avant operation : "&TEXT($P6,"#,##0.00")&" kg. Ligne NON comptee en stock.",IF(COUNTIFS($B$5:$B$304,$B6,$C$5:$C$304,$C6,$D$5:$D$304,$D6,$G$5:$G$304,$G6)>1,"Doublon possible (meme date, type, lot et quantite).",IF($K6="LOT NON REFERENCE","Creer d'abord la fiche du lot dans l'onglet LOTS.",""))))))
A7: =IF($C7="","","OP-"&TEXT(ROW()-4,"000")) -> OP-003 | B7: 46239 | C7: RECEPTION | D7: 257 | F7: OCEAMIC 2 | G7: 800 | H7: Reception usine | J7: =IF($D7="","",IFERROR(INDEX(LOT_EXTE,MATCH($D7,LOT_KEY,0)),"")) -> L-EXT-255 | K7: =IF($D7="","",IFERROR(INDEX(LOT_PRODE,MATCH($D7,LOT_KEY,0)),"LOT NON REFERENCE")) -> Sardine | L7: =IF($D7="","",IFERROR(INDEX(LOT_FOURNE,MATCH($D7,LOT_KEY,0)),"")) -> Fournisseur local | M7: =IF($E7="","",IFERROR(INDEX(EMPL_CLASSE,MATCH($E7,EMPL_KEY,0)),"?")) | N7: =IF($F7="","",IFERROR(INDEX(EMPL_CLASSE,MATCH($F7,EMPL_KEY,0)),"?")) -> INTERNE | O7: =IF($C7="",0,IF(OR($B7="",$D7=""),0,IF($C7="AJUSTEMENT",IF(OR(NOT(ISNUMBER($G7)),$G7=0,$F7="",$H7=""),0,1),IF(OR(NOT(ISNUMBER($G7)),$G7<=0),0,IF($C7="RECEPTION",IF($F7="",0,1),IF($C7="CONSOMMATION",IF($E7="",0,1),IF(OR($E7="",$F7="",$E7=$F7),0,1))))))) -> 1 | P7: =IF(OR($O7=0,$C7="RECEPTION"),"",IF($C7="AJUSTEMENT",IF($G7>0,"",SUMIFS(MVT_BRUT,MVT_LOT,$D7,MVT_EMPL,$F7)-$G7),SUMIFS(MVT_BRUT,MVT_LOT,$D7,MVT_EMPL,$E7)+$G7)) | Q7: =IF($C7="","",IF($O7=0,"DONNEES MANQUANTES",IF($C7="RECEPTION","OK",IF(AND($C7="AJUSTEMENT",$G7>0),"OK",IF($P7<=0,"EMPLACEMENT INCOHERENT",IF(ABS($G7)>$P7+0.001,"STOCK INSUFFISANT","OK")))))) -> OK | R7: =IF($Q7="OK",1,0) -> 1 | S7: =IF($C7="","",IF($O7=0,"A COMPLETER : "&IF($B7="","DATE; ","")&IF($D7="","LOT INTERNE; ","")&IF(NOT(ISNUMBER($G7)),"QUANTITE; ",IF(AND($C7="AJUSTEMENT",$G7=0),"QUANTITE <> 0; ",IF(AND($C7<>"AJUSTEMENT",$G7<=0),"QUANTITE > 0; ","")))&IF(AND($C7="AJUSTEMENT",$H7=""),"MOTIF; ","")&IF(AND(OR($C7="TRANSFERT",$C7="CONSOMMATION"),$E7=""),"EMPL. SOURCE; ","")&IF(AND($C7<>"CONSOMMATION",$F7=""),"EMPL. DESTINATION; ","")&IF(AND($C7="TRANSFERT",$E7<>"",$E7=$F7),"SOURCE = DESTINATION; ",""),IF($Q7="EMPLACEMENT INCOHERENT","Le lot "&$D7&" n'existe pas sur cet emplacement (stock 0). Verifier l'emplacement.",IF($Q7="STOCK INSUFFISANT","Disponible avant operation : "&TEXT($P7,"#,##0.00")&" kg. Ligne NON comptee en stock.",IF(COUNTIFS($B$5:$B$304,$B7,$C$5:$C$304,$C7,$D$5:$D$304,$D7,$G$5:$G$304,$G7)>1,"Doublon possible (meme date, type, lot et quantite).",IF($K7="LOT NON REFERENCE","Creer d'abord la fiche du lot dans l'onglet LOTS.",""))))))
A8: =IF($C8="","","OP-"&TEXT(ROW()-4,"000")) -> OP-004 | B8: 46240 | C8: RECEPTION | D8: 258 | F8: OCEAMIC 2 | G8: 200 | H8: Reception usine | J8: =IF($D8="","",IFERROR(INDEX(LOT_EXTE,MATCH($D8,LOT_KEY,0)),"")) -> L-EXT-258 | K8: =IF($D8="","",IFERROR(INDEX(LOT_PRODE,MATCH($D8,LOT_KEY,0)),"LOT NON REFERENCE")) -> Sardine | L8: =IF($D8="","",IFERROR(INDEX(LOT_FOURNE,MATCH($D8,LOT_KEY,0)),"")) -> Fournisseur local | M8: =IF($E8="","",IFERROR(INDEX(EMPL_CLASSE,MATCH($E8,EMPL_KEY,0)),"?")) | N8: =IF($F8="","",IFERROR(INDEX(EMPL_CLASSE,MATCH($F8,EMPL_KEY,0)),"?")) -> INTERNE | O8: =IF($C8="",0,IF(OR($B8="",$D8=""),0,IF($C8="AJUSTEMENT",IF(OR(NOT(ISNUMBER($G8)),$G8=0,$F8="",$H8=""),0,1),IF(OR(NOT(ISNUMBER($G8)),$G8<=0),0,IF($C8="RECEPTION",IF($F8="",0,1),IF($C8="CONSOMMATION",IF($E8="",0,1),IF(OR($E8="",$F8="",$E8=$F8),0,1))))))) -> 1 | P8: =IF(OR($O8=0,$C8="RECEPTION"),"",IF($C8="AJUSTEMENT",IF($G8>0,"",SUMIFS(MVT_BRUT,MVT_LOT,$D8,MVT_EMPL,$F8)-$G8),SUMIFS(MVT_BRUT,MVT_LOT,$D8,MVT_EMPL,$E8)+$G8)) | Q8: =IF($C8="","",IF($O8=0,"DONNEES MANQUANTES",IF($C8="RECEPTION","OK",IF(AND($C8="AJUSTEMENT",$G8>0),"OK",IF($P8<=0,"EMPLACEMENT INCOHERENT",IF(ABS($G8)>$P8+0.001,"STOCK INSUFFISANT","OK")))))) -> OK | R8: =IF($Q8="OK",1,0) -> 1 | S8: =IF($C8="","",IF($O8=0,"A COMPLETER : "&IF($B8="","DATE; ","")&IF($D8="","LOT INTERNE; ","")&IF(NOT(ISNUMBER($G8)),"QUANTITE; ",IF(AND($C8="AJUSTEMENT",$G8=0),"QUANTITE <> 0; ",IF(AND($C8<>"AJUSTEMENT",$G8<=0),"QUANTITE > 0; ","")))&IF(AND($C8="AJUSTEMENT",$H8=""),"MOTIF; ","")&IF(AND(OR($C8="TRANSFERT",$C8="CONSOMMATION"),$E8=""),"EMPL. SOURCE; ","")&IF(AND($C8<>"CONSOMMATION",$F8=""),"EMPL. DESTINATION; ","")&IF(AND($C8="TRANSFERT",$E8<>"",$E8=$F8),"SOURCE = DESTINATION; ",""),IF($Q8="EMPLACEMENT INCOHERENT","Le lot "&$D8&" n'existe pas sur cet emplacement (stock 0). Verifier l'emplacement.",IF($Q8="STOCK INSUFFISANT","Disponible avant operation : "&TEXT($P8,"#,##0.00")&" kg. Ligne NON comptee en stock.",IF(COUNTIFS($B$5:$B$304,$B8,$C$5:$C$304,$C8,$D$5:$D$304,$D8,$G$5:$G$304,$G8)>1,"Doublon possible (meme date, type, lot et quantite).",IF($K8="LOT NON REFERENCE","Creer d'abord la fiche du lot dans l'onglet LOTS.",""))))))
A9: =IF($C9="","","OP-"&TEXT(ROW()-4,"000")) -> OP-005 | B9: 46242 | C9: CONSOMMATION | D9: 257 | E9: OCEAMIC 2 | G9: 300 | H9: Production conserve | I9: Scenario 3 - il doit rester 500 kg | J9: =IF($D9="","",IFERROR(INDEX(LOT_EXTE,MATCH($D9,LOT_KEY,0)),"")) -> L-EXT-255 | K9: =IF($D9="","",IFERROR(INDEX(LOT_PRODE,MATCH($D9,LOT_KEY,0)),"LOT NON REFERENCE")) -> Sardine | L9: =IF($D9="","",IFERROR(INDEX(LOT_FOURNE,MATCH($D9,LOT_KEY,0)),"")) -> Fournisseur local | M9: =IF($E9="","",IFERROR(INDEX(EMPL_CLASSE,MATCH($E9,EMPL_KEY,0)),"?")) -> INTERNE | N9: =IF($F9="","",IFERROR(INDEX(EMPL_CLASSE,MATCH($F9,EMPL_KEY,0)),"?")) | O9: =IF($C9="",0,IF(OR($B9="",$D9=""),0,IF($C9="AJUSTEMENT",IF(OR(NOT(ISNUMBER($G9)),$G9=0,$F9="",$H9=""),0,1),IF(OR(NOT(ISNUMBER($G9)),$G9<=0),0,IF($C9="RECEPTION",IF($F9="",0,1),IF($C9="CONSOMMATION",IF($E9="",0,1),IF(OR($E9="",$F9="",$E9=$F9),0,1))))))) -> 1 | P9: =IF(OR($O9=0,$C9="RECEPTION"),"",IF($C9="AJUSTEMENT",IF($G9>0,"",SUMIFS(MVT_BRUT,MVT_LOT,$D9,MVT_EMPL,$F9)-$G9),SUMIFS(MVT_BRUT,MVT_LOT,$D9,MVT_EMPL,$E9)+$G9)) -> 800 | Q9: =IF($C9="","",IF($O9=0,"DONNEES MANQUANTES",IF($C9="RECEPTION","OK",IF(AND($C9="AJUSTEMENT",$G9>0),"OK",IF($P9<=0,"EMPLACEMENT INCOHERENT",IF(ABS($G9)>$P9+0.001,"STOCK INSUFFISANT","OK")))))) -> OK | R9: =IF($Q9="OK",1,0) -> 1 | S9: =IF($C9="","",IF($O9=0,"A COMPLETER : "&IF($B9="","DATE; ","")&IF($D9="","LOT INTERNE; ","")&IF(NOT(ISNUMBER($G9)),"QUANTITE; ",IF(AND($C9="AJUSTEMENT",$G9=0),"QUANTITE <> 0; ",IF(AND($C9<>"AJUSTEMENT",$G9<=0),"QUANTITE > 0; ","")))&IF(AND($C9="AJUSTEMENT",$H9=""),"MOTIF; ","")&IF(AND(OR($C9="TRANSFERT",$C9="CONSOMMATION"),$E9=""),"EMPL. SOURCE; ","")&IF(AND($C9<>"CONSOMMATION",$F9=""),"EMPL. DESTINATION; ","")&IF(AND($C9="TRANSFERT",$E9<>"",$E9=$F9),"SOURCE = DESTINATION; ",""),IF($Q9="EMPLACEMENT INCOHERENT","Le lot "&$D9&" n'existe pas sur cet emplacement (stock 0). Verifier l'emplacement.",IF($Q9="STOCK INSUFFISANT","Disponible avant operation : "&TEXT($P9,"#,##0.00")&" kg. Ligne NON comptee en stock.",IF(COUNTIFS($B$5:$B$304,$B9,$C$5:$C$304,$C9,$D$5:$D$304,$D9,$G$5:$G$304,$G9)>1,"Doublon possible (meme date, type, lot et quantite).",IF($K9="LOT NON REFERENCE","Creer d'abord la fiche du lot dans l'onglet LOTS.",""))))))
A10: =IF($C10="","","OP-"&TEXT(ROW()-4,"000")) -> OP-006 | B10: 46243 | C10: TRANSFERT | D10: 256 | E10: SARMA | F10: OCEAMIC 2 | G10: 800 | H10: Rapatriement usine | I10: Scenario 4 - transfert partiel | J10: =IF($D10="","",IFERROR(INDEX(LOT_EXTE,MATCH($D10,LOT_KEY,0)),"")) -> L-EXT-256 | K10: =IF($D10="","",IFERROR(INDEX(LOT_PRODE,MATCH($D10,LOT_KEY,0)),"LOT NON REFERENCE")) -> Maquereau | L10: =IF($D10="","",IFERROR(INDEX(LOT_FOURNE,MATCH($D10,LOT_KEY,0)),"")) -> Producteur Boujdour | M10: =IF($E10="","",IFERROR(INDEX(EMPL_CLASSE,MATCH($E10,EMPL_KEY,0)),"?")) -> EXTERNE | N10: =IF($F10="","",IFERROR(INDEX(EMPL_CLASSE,MATCH($F10,EMPL_KEY,0)),"?")) -> INTERNE | O10: =IF($C10="",0,IF(OR($B10="",$D10=""),0,IF($C10="AJUSTEMENT",IF(OR(NOT(ISNUMBER($G10)),$G10=0,$F10="",$H10=""),0,1),IF(OR(NOT(ISNUMBER($G10)),$G10<=0),0,IF($C10="RECEPTION",IF($F10="",0,1),IF($C10="CONSOMMATION",IF($E10="",0,1),IF(OR($E10="",$F10="",$E10=$F10),0,1))))))) -> 1 | P10: =IF(OR($O10=0,$C10="RECEPTION"),"",IF($C10="AJUSTEMENT",IF($G10>0,"",SUMIFS(MVT_BRUT,MVT_LOT,$D10,MVT_EMPL,$F10)-$G10),SUMIFS(MVT_BRUT,MVT_LOT,$D10,MVT_EMPL,$E10)+$G10)) -> 2000 | Q10: =IF($C10="","",IF($O10=0,"DONNEES MANQUANTES",IF($C10="RECEPTION","OK",IF(AND($C10="AJUSTEMENT",$G10>0),"OK",IF($P10<=0,"EMPLACEMENT INCOHERENT",IF(ABS($G10)>$P10+0.001,"STOCK INSUFFISANT","OK")))))) -> OK | R10: =IF($Q10="OK",1,0) -> 1 | S10: =IF($C10="","",IF($O10=0,"A COMPLETER : "&IF($B10="","DATE; ","")&IF($D10="","LOT INTERNE; ","")&IF(NOT(ISNUMBER($G10)),"QUANTITE; ",IF(AND($C10="AJUSTEMENT",$G10=0),"QUANTITE <> 0; ",IF(AND($C10<>"AJUSTEMENT",$G10<=0),"QUANTITE > 0; ","")))&IF(AND($C10="AJUSTEMENT",$H10=""),"MOTIF; ","")&IF(AND(OR($C10="TRANSFERT",$C10="CONSOMMATION"),$E10=""),"EMPL. SOURCE; ","")&IF(AND($C10<>"CONSOMMATION",$F10=""),"EMPL. DESTINATION; ","")&IF(AND($C10="TRANSFERT",$E10<>"",$E10=$F10),"SOURCE = DESTINATION; ",""),IF($Q10="EMPLACEMENT INCOHERENT","Le lot "&$D10&" n'existe pas sur cet emplacement (stock 0). Verifier l'emplacement.",IF($Q10="STOCK INSUFFISANT","Disponible avant operation : "&TEXT($P10,"#,##0.00")&" kg. Ligne NON comptee en stock.",IF(COUNTIFS($B$5:$B$304,$B10,$C$5:$C$304,$C10,$D$5:$D$304,$D10,$G$5:$G$304,$G10)>1,"Doublon possible (meme date, type, lot et quantite).",IF($K10="LOT NON REFERENCE","Creer d'abord la fiche du lot dans l'onglet LOTS.",""))))))
A11: =IF($C11="","","OP-"&TEXT(ROW()-4,"000")) -> OP-007 | B11: 46244 | C11: RECEPTION | D11: 301 | F11: OCEAMIC 2 | G11: 400 | H11: Reception usine | J11: =IF($D11="","",IFERROR(INDEX(LOT_EXTE,MATCH($D11,LOT_KEY,0)),"")) -> L-EXT-301 | K11: =IF($D11="","",IFERROR(INDEX(LOT_PRODE,MATCH($D11,LOT_KEY,0)),"LOT NON REFERENCE")) -> Maquereau | L11: =IF($D11="","",IFERROR(INDEX(LOT_FOURNE,MATCH($D11,LOT_KEY,0)),"")) -> Producteur Boujdour | M11: =IF($E11="","",IFERROR(INDEX(EMPL_CLASSE,MATCH($E11,EMPL_KEY,0)),"?")) | N11: =IF($F11="","",IFERROR(INDEX(EMPL_CLASSE,MATCH($F11,EMPL_KEY,0)),"?")) -> INTERNE | O11: =IF($C11="",0,IF(OR($B11="",$D11=""),0,IF($C11="AJUSTEMENT",IF(OR(NOT(ISNUMBER($G11)),$G11=0,$F11="",$H11=""),0,1),IF(OR(NOT(ISNUMBER($G11)),$G11<=0),0,IF($C11="RECEPTION",IF($F11="",0,1),IF($C11="CONSOMMATION",IF($E11="",0,1),IF(OR($E11="",$F11="",$E11=$F11),0,1))))))) -> 1 | P11: =IF(OR($O11=0,$C11="RECEPTION"),"",IF($C11="AJUSTEMENT",IF($G11>0,"",SUMIFS(MVT_BRUT,MVT_LOT,$D11,MVT_EMPL,$F11)-$G11),SUMIFS(MVT_BRUT,MVT_LOT,$D11,MVT_EMPL,$E11)+$G11)) | Q11: =IF($C11="","",IF($O11=0,"DONNEES MANQUANTES",IF($C11="RECEPTION","OK",IF(AND($C11="AJUSTEMENT",$G11>0),"OK",IF($P11<=0,"EMPLACEMENT INCOHERENT",IF(ABS($G11)>$P11+0.001,"STOCK INSUFFISANT","OK")))))) -> OK | R11: =IF($Q11="OK",1,0) -> 1 | S11: =IF($C11="","",IF($O11=0,"A COMPLETER : "&IF($B11="","DATE; ","")&IF($D11="","LOT INTERNE; ","")&IF(NOT(ISNUMBER($G11)),"QUANTITE; ",IF(AND($C11="AJUSTEMENT",$G11=0),"QUANTITE <> 0; ",IF(AND($C11<>"AJUSTEMENT",$G11<=0),"QUANTITE > 0; ","")))&IF(AND($C11="AJUSTEMENT",$H11=""),"MOTIF; ","")&IF(AND(OR($C11="TRANSFERT",$C11="CONSOMMATION"),$E11=""),"EMPL. SOURCE; ","")&IF(AND($C11<>"CONSOMMATION",$F11=""),"EMPL. DESTINATION; ","")&IF(AND($C11="TRANSFERT",$E11<>"",$E11=$F11),"SOURCE = DESTINATION; ",""),IF($Q11="EMPLACEMENT INCOHERENT","Le lot "&$D11&" n'existe pas sur cet emplacement (stock 0). Verifier l'emplacement.",IF($Q11="STOCK INSUFFISANT","Disponible avant operation : "&TEXT($P11,"#,##0.00")&" kg. Ligne NON comptee en stock.",IF(COUNTIFS($B$5:$B$304,$B11,$C$5:$C$304,$C11,$D$5:$D$304,$D11,$G$5:$G$304,$G11)>1,"Doublon possible (meme date, type, lot et quantite).",IF($K11="LOT NON REFERENCE","Creer d'abord la fiche du lot dans l'onglet LOTS.",""))))))
A12: =IF($C12="","","OP-"&TEXT(ROW()-4,"000")) -> OP-008 | B12: 46245 | C12: CONSOMMATION | D12: 258 | E12: OCEAMIC 2 | G12: 500 | H12: Production conserve | I12: Scenario 13 - doit etre refuse : stock disponible 200 kg | J12: =IF($D12="","",IFERROR(INDEX(LOT_EXTE,MATCH($D12,LOT_KEY,0)),"")) -> L-EXT-258 | K12: =IF($D12="","",IFERROR(INDEX(LOT_PRODE,MATCH($D12,LOT_KEY,0)),"LOT NON REFERENCE")) -> Sardine | L12: =IF($D12="","",IFERROR(INDEX(LOT_FOURNE,MATCH($D12,LOT_KEY,0)),"")) -> Fournisseur local | M12: =IF($E12="","",IFERROR(INDEX(EMPL_CLASSE,MATCH($E12,EMPL_KEY,0)),"?")) -> INTERNE | N12: =IF($F12="","",IFERROR(INDEX(EMPL_CLASSE,MATCH($F12,EMPL_KEY,0)),"?")) | O12: =IF($C12="",0,IF(OR($B12="",$D12=""),0,IF($C12="AJUSTEMENT",IF(OR(NOT(ISNUMBER($G12)),$G12=0,$F12="",$H12=""),0,1),IF(OR(NOT(ISNUMBER($G12)),$G12<=0),0,IF($C12="RECEPTION",IF($F12="",0,1),IF($C12="CONSOMMATION",IF($E12="",0,1),IF(OR($E12="",$F12="",$E12=$F12),0,1))))))) -> 1 | P12: =IF(OR($O12=0,$C12="RECEPTION"),"",IF($C12="AJUSTEMENT",IF($G12>0,"",SUMIFS(MVT_BRUT,MVT_LOT,$D12,MVT_EMPL,$F12)-$G12),SUMIFS(MVT_BRUT,MVT_LOT,$D12,MVT_EMPL,$E12)+$G12)) -> 200 | Q12: =IF($C12="","",IF($O12=0,"DONNEES MANQUANTES",IF($C12="RECEPTION","OK",IF(AND($C12="AJUSTEMENT",$G12>0),"OK",IF($P12<=0,"EMPLACEMENT INCOHERENT",IF(ABS($G12)>$P12+0.001,"STOCK INSUFFISANT","OK")))))) -> STOCK INSUFFISANT | R12: =IF($Q12="OK",1,0) -> 0 | S12: =IF($C12="","",IF($O12=0,"A COMPLETER : "&IF($B12="","DATE; ","")&IF($D12="","LOT INTERNE; ","")&IF(NOT(ISNUMBER($G12)),"QUANTITE; ",IF(AND($C12="AJUSTEMENT",$G12=0),"QUANTITE <> 0; ",IF(AND($C12<>"AJUSTEMENT",$G12<=0),"QUANTITE > 0; ","")))&IF(AND($C12="AJUSTEMENT",$H12=""),"MOTIF; ","")&IF(AND(OR($C12="TRANSFERT",$C12="CONSOMMATION"),$E12=""),"EMPL. SOURCE; ","")&IF(AND($C12<>"CONSOMMATION",$F12=""),"EMPL. DESTINATION; ","")&IF(AND($C12="TRANSFERT",$E12<>"",$E12=$F12),"SOURCE = DESTINATION; ",""),IF($Q12="EMPLACEMENT INCOHERENT","Le lot "&$D12&" n'existe pas sur cet emplacement (stock 0). Verifier l'emplacement.",IF($Q12="STOCK INSUFFISANT","Disponible avant operation : "&TEXT($P12,"#,##0.00")&" kg. Ligne NON comptee en stock.",IF(COUNTIFS($B$5:$B$304,$B12,$C$5:$C$304,$C12,$D$5:$D$304,$D12,$G$5:$G$304,$G12)>1,"Doublon possible (meme date, type, lot et quantite).",IF($K12="LOT NON REFERENCE","Creer d'abord la fiche du lot dans l'onglet LOTS.","")))))) -> Disponible avant operation : 200.00 kg. Ligne NON comptee en stock.
A13: =IF($C13="","","OP-"&TEXT(ROW()-4,"000")) -> OP-009 | B13: 46251 | C13: RECEPTION | D13: 302 | F13: OCEAMIC 2 | G13: 1000 | H13: Reception usine | J13: =IF($D13="","",IFERROR(INDEX(LOT_EXTE,MATCH($D13,LOT_KEY,0)),"")) -> L-EXT-302 | K13: =IF($D13="","",IFERROR(INDEX(LOT_PRODE,MATCH($D13,LOT_KEY,0)),"LOT NON REFERENCE")) -> Chinchard | L13: =IF($D13="","",IFERROR(INDEX(LOT_FOURNE,MATCH($D13,LOT_KEY,0)),"")) -> Producteur Dakhla | M13: =IF($E13="","",IFERROR(INDEX(EMPL_CLASSE,MATCH($E13,EMPL_KEY,0)),"?")) | N13: =IF($F13="","",IFERROR(INDEX(EMPL_CLASSE,MATCH($F13,EMPL_KEY,0)),"?")) -> INTERNE | O13: =IF($C13="",0,IF(OR($B13="",$D13=""),0,IF($C13="AJUSTEMENT",IF(OR(NOT(ISNUMBER($G13)),$G13=0,$F13="",$H13=""),0,1),IF(OR(NOT(ISNUMBER($G13)),$G13<=0),0,IF($C13="RECEPTION",IF($F13="",0,1),IF($C13="CONSOMMATION",IF($E13="",0,1),IF(OR($E13="",$F13="",$E13=$F13),0,1))))))) -> 1 | P13: =IF(OR($O13=0,$C13="RECEPTION"),"",IF($C13="AJUSTEMENT",IF($G13>0,"",SUMIFS(MVT_BRUT,MVT_LOT,$D13,MVT_EMPL,$F13)-$G13),SUMIFS(MVT_BRUT,MVT_LOT,$D13,MVT_EMPL,$E13)+$G13)) | Q13: =IF($C13="","",IF($O13=0,"DONNEES MANQUANTES",IF($C13="RECEPTION","OK",IF(AND($C13="AJUSTEMENT",$G13>0),"OK",IF($P13<=0,"EMPLACEMENT INCOHERENT",IF(ABS($G13)>$P13+0.001,"STOCK INSUFFISANT","OK")))))) -> OK | R13: =IF($Q13="OK",1,0) -> 1 | S13: =IF($C13="","",IF($O13=0,"A COMPLETER : "&IF($B13="","DATE; ","")&IF($D13="","LOT INTERNE; ","")&IF(NOT(ISNUMBER($G13)),"QUANTITE; ",IF(AND($C13="AJUSTEMENT",$G13=0),"QUANTITE <> 0; ",IF(AND($C13<>"AJUSTEMENT",$G13<=0),"QUANTITE > 0; ","")))&IF(AND($C13="AJUSTEMENT",$H13=""),"MOTIF; ","")&IF(AND(OR($C13="TRANSFERT",$C13="CONSOMMATION"),$E13=""),"EMPL. SOURCE; ","")&IF(AND($C13<>"CONSOMMATION",$F13=""),"EMPL. DESTINATION; ","")&IF(AND($C13="TRANSFERT",$E13<>"",$E13=$F13),"SOURCE = DESTINATION; ",""),IF($Q13="EMPLACEMENT INCOHERENT","Le lot "&$D13&" n'existe pas sur cet emplacement (stock 0). Verifier l'emplacement.",IF($Q13="STOCK INSUFFISANT","Disponible avant operation : "&TEXT($P13,"#,##0.00")&" kg. Ligne NON comptee en stock.",IF(COUNTIFS($B$5:$B$304,$B13,$C$5:$C$304,$C13,$D$5:$D$304,$D13,$G$5:$G$304,$G13)>1,"Doublon possible (meme date, type, lot et quantite).",IF($K13="LOT NON REFERENCE","Creer d'abord la fiche du lot dans l'onglet LOTS.",""))))))
A14: =IF($C14="","","OP-"&TEXT(ROW()-4,"000")) -> OP-010 | B14: 46252 | C14: AJUSTEMENT | D14: 302 | F14: OCEAMIC 2 | G14: -25 | H14: Ecart d'inventaire constate au comptage | I14: Scenario 21 - ajustement negatif, il doit rester 975 kg | J14: =IF($D14="","",IFERROR(INDEX(LOT_EXTE,MATCH($D14,LOT_KEY,0)),"")) -> L-EXT-302 | K14: =IF($D14="","",IFERROR(INDEX(LOT_PRODE,MATCH($D14,LOT_KEY,0)),"LOT NON REFERENCE")) -> Chinchard | L14: =IF($D14="","",IFERROR(INDEX(LOT_FOURNE,MATCH($D14,LOT_KEY,0)),"")) -> Producteur Dakhla | M14: =IF($E14="","",IFERROR(INDEX(EMPL_CLASSE,MATCH($E14,EMPL_KEY,0)),"?")) | N14: =IF($F14="","",IFERROR(INDEX(EMPL_CLASSE,MATCH($F14,EMPL_KEY,0)),"?")) -> INTERNE | O14: =IF($C14="",0,IF(OR($B14="",$D14=""),0,IF($C14="AJUSTEMENT",IF(OR(NOT(ISNUMBER($G14)),$G14=0,$F14="",$H14=""),0,1),IF(OR(NOT(ISNUMBER($G14)),$G14<=0),0,IF($C14="RECEPTION",IF($F14="",0,1),IF($C14="CONSOMMATION",IF($E14="",0,1),IF(OR($E14="",$F14="",$E14=$F14),0,1))))))) -> 1 | P14: =IF(OR($O14=0,$C14="RECEPTION"),"",IF($C14="AJUSTEMENT",IF($G14>0,"",SUMIFS(MVT_BRUT,MVT_LOT,$D14,MVT_EMPL,$F14)-$G14),SUMIFS(MVT_BRUT,MVT_LOT,$D14,MVT_EMPL,$E14)+$G14)) -> 1000 | Q14: =IF($C14="","",IF($O14=0,"DONNEES MANQUANTES",IF($C14="RECEPTION","OK",IF(AND($C14="AJUSTEMENT",$G14>0),"OK",IF($P14<=0,"EMPLACEMENT INCOHERENT",IF(ABS($G14)>$P14+0.001,"STOCK INSUFFISANT","OK")))))) -> OK | R14: =IF($Q14="OK",1,0) -> 1 | S14: =IF($C14="","",IF($O14=0,"A COMPLETER : "&IF($B14="","DATE; ","")&IF($D14="","LOT INTERNE; ","")&IF(NOT(ISNUMBER($G14)),"QUANTITE; ",IF(AND($C14="AJUSTEMENT",$G14=0),"QUANTITE <> 0; ",IF(AND($C14<>"AJUSTEMENT",$G14<=0),"QUANTITE > 0; ","")))&IF(AND($C14="AJUSTEMENT",$H14=""),"MOTIF; ","")&IF(AND(OR($C14="TRANSFERT",$C14="CONSOMMATION"),$E14=""),"EMPL. SOURCE; ","")&IF(AND($C14<>"CONSOMMATION",$F14=""),"EMPL. DESTINATION; ","")&IF(AND($C14="TRANSFERT",$E14<>"",$E14=$F14),"SOURCE = DESTINATION; ",""),IF($Q14="EMPLACEMENT INCOHERENT","Le lot "&$D14&" n'existe pas sur cet emplacement (stock 0). Verifier l'emplacement.",IF($Q14="STOCK INSUFFISANT","Disponible avant operation : "&TEXT($P14,"#,##0.00")&" kg. Ligne NON comptee en stock.",IF(COUNTIFS($B$5:$B$304,$B14,$C$5:$C$304,$C14,$D$5:$D$304,$D14,$G$5:$G$304,$G14)>1,"Doublon possible (meme date, type, lot et quantite).",IF($K14="LOT NON REFERENCE","Creer d'abord la fiche du lot dans l'onglet LOTS.",""))))))
A15: =IF($C15="","","OP-"&TEXT(ROW()-4,"000")) | J15: =IF($D15="","",IFERROR(INDEX(LOT_EXTE,MATCH($D15,LOT_KEY,0)),"")) | K15: =IF($D15="","",IFERROR(INDEX(LOT_PRODE,MATCH($D15,LOT_KEY,0)),"LOT NON REFERENCE")) | L15: =IF($D15="","",IFERROR(INDEX(LOT_FOURNE,MATCH($D15,LOT_KEY,0)),"")) | M15: =IF($E15="","",IFERROR(INDEX(EMPL_CLASSE,MATCH($E15,EMPL_KEY,0)),"?")) | N15: =IF($F15="","",IFERROR(INDEX(EMPL_CLASSE,MATCH($F15,EMPL_KEY,0)),"?")) | O15: =IF($C15="",0,IF(OR($B15="",$D15=""),0,IF($C15="AJUSTEMENT",IF(OR(NOT(ISNUMBER($G15)),$G15=0,$F15="",$H15=""),0,1),IF(OR(NOT(ISNUMBER($G15)),$G15<=0),0,IF($C15="RECEPTION",IF($F15="",0,1),IF($C15="CONSOMMATION",IF($E15="",0,1),IF(OR($E15="",$F15="",$E15=$F15),0,1))))))) -> 0 | P15: =IF(OR($O15=0,$C15="RECEPTION"),"",IF($C15="AJUSTEMENT",IF($G15>0,"",SUMIFS(MVT_BRUT,MVT_LOT,$D15,MVT_EMPL,$F15)-$G15),SUMIFS(MVT_BRUT,MVT_LOT,$D15,MVT_EMPL,$E15)+$G15)) | Q15: =IF($C15="","",IF($O15=0,"DONNEES MANQUANTES",IF($C15="RECEPTION","OK",IF(AND($C15="AJUSTEMENT",$G15>0),"OK",IF($P15<=0,"EMPLACEMENT INCOHERENT",IF(ABS($G15)>$P15+0.001,"STOCK INSUFFISANT","OK")))))) | R15: =IF($Q15="OK",1,0) -> 0 | S15: =IF($C15="","",IF($O15=0,"A COMPLETER : "&IF($B15="","DATE; ","")&IF($D15="","LOT INTERNE; ","")&IF(NOT(ISNUMBER($G15)),"QUANTITE; ",IF(AND($C15="AJUSTEMENT",$G15=0),"QUANTITE <> 0; ",IF(AND($C15<>"AJUSTEMENT",$G15<=0),"QUANTITE > 0; ","")))&IF(AND($C15="AJUSTEMENT",$H15=""),"MOTIF; ","")&IF(AND(OR($C15="TRANSFERT",$C15="CONSOMMATION"),$E15=""),"EMPL. SOURCE; ","")&IF(AND($C15<>"CONSOMMATION",$F15=""),"EMPL. DESTINATION; ","")&IF(AND($C15="TRANSFERT",$E15<>"",$E15=$F15),"SOURCE = DESTINATION; ",""),IF($Q15="EMPLACEMENT INCOHERENT","Le lot "&$D15&" n'existe pas sur cet emplacement (stock 0). Verifier l'emplacement.",IF($Q15="STOCK INSUFFISANT","Disponible avant operation : "&TEXT($P15,"#,##0.00")&" kg. Ligne NON comptee en stock.",IF(COUNTIFS($B$5:$B$304,$B15,$C$5:$C$304,$C15,$D$5:$D$304,$D15,$G$5:$G$304,$G15)>1,"Doublon possible (meme date, type, lot et quantite).",IF($K15="LOT NON REFERENCE","Creer d'abord la fiche du lot dans l'onglet LOTS.",""))))))
A16: =IF($C16="","","OP-"&TEXT(ROW()-4,"000")) | J16: =IF($D16="","",IFERROR(INDEX(LOT_EXTE,MATCH($D16,LOT_KEY,0)),"")) | K16: =IF($D16="","",IFERROR(INDEX(LOT_PRODE,MATCH($D16,LOT_KEY,0)),"LOT NON REFERENCE")) | L16: =IF($D16="","",IFERROR(INDEX(LOT_FOURNE,MATCH($D16,LOT_KEY,0)),"")) | M16: =IF($E16="","",IFERROR(INDEX(EMPL_CLASSE,MATCH($E16,EMPL_KEY,0)),"?")) | N16: =IF($F16="","",IFERROR(INDEX(EMPL_CLASSE,MATCH($F16,EMPL_KEY,0)),"?")) | O16: =IF($C16="",0,IF(OR($B16="",$D16=""),0,IF($C16="AJUSTEMENT",IF(OR(NOT(ISNUMBER($G16)),$G16=0,$F16="",$H16=""),0,1),IF(OR(NOT(ISNUMBER($G16)),$G16<=0),0,IF($C16="RECEPTION",IF($F16="",0,1),IF($C16="CONSOMMATION",IF($E16="",0,1),IF(OR($E16="",$F16="",$E16=$F16),0,1))))))) -> 0 | P16: =IF(OR($O16=0,$C16="RECEPTION"),"",IF($C16="AJUSTEMENT",IF($G16>0,"",SUMIFS(MVT_BRUT,MVT_LOT,$D16,MVT_EMPL,$F16)-$G16),SUMIFS(MVT_BRUT,MVT_LOT,$D16,MVT_EMPL,$E16)+$G16)) | Q16: =IF($C16="","",IF($O16=0,"DONNEES MANQUANTES",IF($C16="RECEPTION","OK",IF(AND($C16="AJUSTEMENT",$G16>0),"OK",IF($P16<=0,"EMPLACEMENT INCOHERENT",IF(ABS($G16)>$P16+0.001,"STOCK INSUFFISANT","OK")))))) | R16: =IF($Q16="OK",1,0) -> 0 | S16: =IF($C16="","",IF($O16=0,"A COMPLETER : "&IF($B16="","DATE; ","")&IF($D16="","LOT INTERNE; ","")&IF(NOT(ISNUMBER($G16)),"QUANTITE; ",IF(AND($C16="AJUSTEMENT",$G16=0),"QUANTITE <> 0; ",IF(AND($C16<>"AJUSTEMENT",$G16<=0),"QUANTITE > 0; ","")))&IF(AND($C16="AJUSTEMENT",$H16=""),"MOTIF; ","")&IF(AND(OR($C16="TRANSFERT",$C16="CONSOMMATION"),$E16=""),"EMPL. SOURCE; ","")&IF(AND($C16<>"CONSOMMATION",$F16=""),"EMPL. DESTINATION; ","")&IF(AND($C16="TRANSFERT",$E16<>"",$E16=$F16),"SOURCE = DESTINATION; ",""),IF($Q16="EMPLACEMENT INCOHERENT","Le lot "&$D16&" n'existe pas sur cet emplacement (stock 0). Verifier l'emplacement.",IF($Q16="STOCK INSUFFISANT","Disponible avant operation : "&TEXT($P16,"#,##0.00")&" kg. Ligne NON comptee en stock.",IF(COUNTIFS($B$5:$B$304,$B16,$C$5:$C$304,$C16,$D$5:$D$304,$D16,$G$5:$G$304,$G16)>1,"Doublon possible (meme date, type, lot et quantite).",IF($K16="LOT NON REFERENCE","Creer d'abord la fiche du lot dans l'onglet LOTS.",""))))))
A17: =IF($C17="","","OP-"&TEXT(ROW()-4,"000")) | J17: =IF($D17="","",IFERROR(INDEX(LOT_EXTE,MATCH($D17,LOT_KEY,0)),"")) | K17: =IF($D17="","",IFERROR(INDEX(LOT_PRODE,MATCH($D17,LOT_KEY,0)),"LOT NON REFERENCE")) | L17: =IF($D17="","",IFERROR(INDEX(LOT_FOURNE,MATCH($D17,LOT_KEY,0)),"")) | M17: =IF($E17="","",IFERROR(INDEX(EMPL_CLASSE,MATCH($E17,EMPL_KEY,0)),"?")) | N17: =IF($F17="","",IFERROR(INDEX(EMPL_CLASSE,MATCH($F17,EMPL_KEY,0)),"?")) | O17: =IF($C17="",0,IF(OR($B17="",$D17=""),0,IF($C17="AJUSTEMENT",IF(OR(NOT(ISNUMBER($G17)),$G17=0,$F17="",$H17=""),0,1),IF(OR(NOT(ISNUMBER($G17)),$G17<=0),0,IF($C17="RECEPTION",IF($F17="",0,1),IF($C17="CONSOMMATION",IF($E17="",0,1),IF(OR($E17="",$F17="",$E17=$F17),0,1))))))) -> 0 | P17: =IF(OR($O17=0,$C17="RECEPTION"),"",IF($C17="AJUSTEMENT",IF($G17>0,"",SUMIFS(MVT_BRUT,MVT_LOT,$D17,MVT_EMPL,$F17)-$G17),SUMIFS(MVT_BRUT,MVT_LOT,$D17,MVT_EMPL,$E17)+$G17)) | Q17: =IF($C17="","",IF($O17=0,"DONNEES MANQUANTES",IF($C17="RECEPTION","OK",IF(AND($C17="AJUSTEMENT",$G17>0),"OK",IF($P17<=0,"EMPLACEMENT INCOHERENT",IF(ABS($G17)>$P17+0.001,"STOCK INSUFFISANT","OK")))))) | R17: =IF($Q17="OK",1,0) -> 0 | S17: =IF($C17="","",IF($O17=0,"A COMPLETER : "&IF($B17="","DATE; ","")&IF($D17="","LOT INTERNE; ","")&IF(NOT(ISNUMBER($G17)),"QUANTITE; ",IF(AND($C17="AJUSTEMENT",$G17=0),"QUANTITE <> 0; ",IF(AND($C17<>"AJUSTEMENT",$G17<=0),"QUANTITE > 0; ","")))&IF(AND($C17="AJUSTEMENT",$H17=""),"MOTIF; ","")&IF(AND(OR($C17="TRANSFERT",$C17="CONSOMMATION"),$E17=""),"EMPL. SOURCE; ","")&IF(AND($C17<>"CONSOMMATION",$F17=""),"EMPL. DESTINATION; ","")&IF(AND($C17="TRANSFERT",$E17<>"",$E17=$F17),"SOURCE = DESTINATION; ",""),IF($Q17="EMPLACEMENT INCOHERENT","Le lot "&$D17&" n'existe pas sur cet emplacement (stock 0). Verifier l'emplacement.",IF($Q17="STOCK INSUFFISANT","Disponible avant operation : "&TEXT($P17,"#,##0.00")&" kg. Ligne NON comptee en stock.",IF(COUNTIFS($B$5:$B$304,$B17,$C$5:$C$304,$C17,$D$5:$D$304,$D17,$G$5:$G$304,$G17)>1,"Doublon possible (meme date, type, lot et quantite).",IF($K17="LOT NON REFERENCE","Creer d'abord la fiche du lot dans l'onglet LOTS.",""))))))
A18: =IF($C18="","","OP-"&TEXT(ROW()-4,"000")) | J18: =IF($D18="","",IFERROR(INDEX(LOT_EXTE,MATCH($D18,LOT_KEY,0)),"")) | K18: =IF($D18="","",IFERROR(INDEX(LOT_PRODE,MATCH($D18,LOT_KEY,0)),"LOT NON REFERENCE")) | L18: =IF($D18="","",IFERROR(INDEX(LOT_FOURNE,MATCH($D18,LOT_KEY,0)),"")) | M18: =IF($E18="","",IFERROR(INDEX(EMPL_CLASSE,MATCH($E18,EMPL_KEY,0)),"?")) | N18: =IF($F18="","",IFERROR(INDEX(EMPL_CLASSE,MATCH($F18,EMPL_KEY,0)),"?")) | O18: =IF($C18="",0,IF(OR($B18="",$D18=""),0,IF($C18="AJUSTEMENT",IF(OR(NOT(ISNUMBER($G18)),$G18=0,$F18="",$H18=""),0,1),IF(OR(NOT(ISNUMBER($G18)),$G18<=0),0,IF($C18="RECEPTION",IF($F18="",0,1),IF($C18="CONSOMMATION",IF($E18="",0,1),IF(OR($E18="",$F18="",$E18=$F18),0,1))))))) -> 0 | P18: =IF(OR($O18=0,$C18="RECEPTION"),"",IF($C18="AJUSTEMENT",IF($G18>0,"",SUMIFS(MVT_BRUT,MVT_LOT,$D18,MVT_EMPL,$F18)-$G18),SUMIFS(MVT_BRUT,MVT_LOT,$D18,MVT_EMPL,$E18)+$G18)) | Q18: =IF($C18="","",IF($O18=0,"DONNEES MANQUANTES",IF($C18="RECEPTION","OK",IF(AND($C18="AJUSTEMENT",$G18>0),"OK",IF($P18<=0,"EMPLACEMENT INCOHERENT",IF(ABS($G18)>$P18+0.001,"STOCK INSUFFISANT","OK")))))) | R18: =IF($Q18="OK",1,0) -> 0 | S18: =IF($C18="","",IF($O18=0,"A COMPLETER : "&IF($B18="","DATE; ","")&IF($D18="","LOT INTERNE; ","")&IF(NOT(ISNUMBER($G18)),"QUANTITE; ",IF(AND($C18="AJUSTEMENT",$G18=0),"QUANTITE <> 0; ",IF(AND($C18<>"AJUSTEMENT",$G18<=0),"QUANTITE > 0; ","")))&IF(AND($C18="AJUSTEMENT",$H18=""),"MOTIF; ","")&IF(AND(OR($C18="TRANSFERT",$C18="CONSOMMATION"),$E18=""),"EMPL. SOURCE; ","")&IF(AND($C18<>"CONSOMMATION",$F18=""),"EMPL. DESTINATION; ","")&IF(AND($C18="TRANSFERT",$E18<>"",$E18=$F18),"SOURCE = DESTINATION; ",""),IF($Q18="EMPLACEMENT INCOHERENT","Le lot "&$D18&" n'existe pas sur cet emplacement (stock 0). Verifier l'emplacement.",IF($Q18="STOCK INSUFFISANT","Disponible avant operation : "&TEXT($P18,"#,##0.00")&" kg. Ligne NON comptee en stock.",IF(COUNTIFS($B$5:$B$304,$B18,$C$5:$C$304,$C18,$D$5:$D$304,$D18,$G$5:$G$304,$G18)>1,"Doublon possible (meme date, type, lot et quantite).",IF($K18="LOT NON REFERENCE","Creer d'abord la fiche du lot dans l'onglet LOTS.",""))))))
A19: =IF($C19="","","OP-"&TEXT(ROW()-4,"000")) | J19: =IF($D19="","",IFERROR(INDEX(LOT_EXTE,MATCH($D19,LOT_KEY,0)),"")) | K19: =IF($D19="","",IFERROR(INDEX(LOT_PRODE,MATCH($D19,LOT_KEY,0)),"LOT NON REFERENCE")) | L19: =IF($D19="","",IFERROR(INDEX(LOT_FOURNE,MATCH($D19,LOT_KEY,0)),"")) | M19: =IF($E19="","",IFERROR(INDEX(EMPL_CLASSE,MATCH($E19,EMPL_KEY,0)),"?")) | N19: =IF($F19="","",IFERROR(INDEX(EMPL_CLASSE,MATCH($F19,EMPL_KEY,0)),"?")) | O19: =IF($C19="",0,IF(OR($B19="",$D19=""),0,IF($C19="AJUSTEMENT",IF(OR(NOT(ISNUMBER($G19)),$G19=0,$F19="",$H19=""),0,1),IF(OR(NOT(ISNUMBER($G19)),$G19<=0),0,IF($C19="RECEPTION",IF($F19="",0,1),IF($C19="CONSOMMATION",IF($E19="",0,1),IF(OR($E19="",$F19="",$E19=$F19),0,1))))))) -> 0 | P19: =IF(OR($O19=0,$C19="RECEPTION"),"",IF($C19="AJUSTEMENT",IF($G19>0,"",SUMIFS(MVT_BRUT,MVT_LOT,$D19,MVT_EMPL,$F19)-$G19),SUMIFS(MVT_BRUT,MVT_LOT,$D19,MVT_EMPL,$E19)+$G19)) | Q19: =IF($C19="","",IF($O19=0,"DONNEES MANQUANTES",IF($C19="RECEPTION","OK",IF(AND($C19="AJUSTEMENT",$G19>0),"OK",IF($P19<=0,"EMPLACEMENT INCOHERENT",IF(ABS($G19)>$P19+0.001,"STOCK INSUFFISANT","OK")))))) | R19: =IF($Q19="OK",1,0) -> 0 | S19: =IF($C19="","",IF($O19=0,"A COMPLETER : "&IF($B19="","DATE; ","")&IF($D19="","LOT INTERNE; ","")&IF(NOT(ISNUMBER($G19)),"QUANTITE; ",IF(AND($C19="AJUSTEMENT",$G19=0),"QUANTITE <> 0; ",IF(AND($C19<>"AJUSTEMENT",$G19<=0),"QUANTITE > 0; ","")))&IF(AND($C19="AJUSTEMENT",$H19=""),"MOTIF; ","")&IF(AND(OR($C19="TRANSFERT",$C19="CONSOMMATION"),$E19=""),"EMPL. SOURCE; ","")&IF(AND($C19<>"CONSOMMATION",$F19=""),"EMPL. DESTINATION; ","")&IF(AND($C19="TRANSFERT",$E19<>"",$E19=$F19),"SOURCE = DESTINATION; ",""),IF($Q19="EMPLACEMENT INCOHERENT","Le lot "&$D19&" n'existe pas sur cet emplacement (stock 0). Verifier l'emplacement.",IF($Q19="STOCK INSUFFISANT","Disponible avant operation : "&TEXT($P19,"#,##0.00")&" kg. Ligne NON comptee en stock.",IF(COUNTIFS($B$5:$B$304,$B19,$C$5:$C$304,$C19,$D$5:$D$304,$D19,$G$5:$G$304,$G19)>1,"Doublon possible (meme date, type, lot et quantite).",IF($K19="LOT NON REFERENCE","Creer d'abord la fiche du lot dans l'onglet LOTS.",""))))))
A20: =IF($C20="","","OP-"&TEXT(ROW()-4,"000")) | J20: =IF($D20="","",IFERROR(INDEX(LOT_EXTE,MATCH($D20,LOT_KEY,0)),"")) | K20: =IF($D20="","",IFERROR(INDEX(LOT_PRODE,MATCH($D20,LOT_KEY,0)),"LOT NON REFERENCE")) | L20: =IF($D20="","",IFERROR(INDEX(LOT_FOURNE,MATCH($D20,LOT_KEY,0)),"")) | M20: =IF($E20="","",IFERROR(INDEX(EMPL_CLASSE,MATCH($E20,EMPL_KEY,0)),"?")) | N20: =IF($F20="","",IFERROR(INDEX(EMPL_CLASSE,MATCH($F20,EMPL_KEY,0)),"?")) | O20: =IF($C20="",0,IF(OR($B20="",$D20=""),0,IF($C20="AJUSTEMENT",IF(OR(NOT(ISNUMBER($G20)),$G20=0,$F20="",$H20=""),0,1),IF(OR(NOT(ISNUMBER($G20)),$G20<=0),0,IF($C20="RECEPTION",IF($F20="",0,1),IF($C20="CONSOMMATION",IF($E20="",0,1),IF(OR($E20="",$F20="",$E20=$F20),0,1))))))) -> 0 | P20: =IF(OR($O20=0,$C20="RECEPTION"),"",IF($C20="AJUSTEMENT",IF($G20>0,"",SUMIFS(MVT_BRUT,MVT_LOT,$D20,MVT_EMPL,$F20)-$G20),SUMIFS(MVT_BRUT,MVT_LOT,$D20,MVT_EMPL,$E20)+$G20)) | Q20: =IF($C20="","",IF($O20=0,"DONNEES MANQUANTES",IF($C20="RECEPTION","OK",IF(AND($C20="AJUSTEMENT",$G20>0),"OK",IF($P20<=0,"EMPLACEMENT INCOHERENT",IF(ABS($G20)>$P20+0.001,"STOCK INSUFFISANT","OK")))))) | R20: =IF($Q20="OK",1,0) -> 0 | S20: =IF($C20="","",IF($O20=0,"A COMPLETER : "&IF($B20="","DATE; ","")&IF($D20="","LOT INTERNE; ","")&IF(NOT(ISNUMBER($G20)),"QUANTITE; ",IF(AND($C20="AJUSTEMENT",$G20=0),"QUANTITE <> 0; ",IF(AND($C20<>"AJUSTEMENT",$G20<=0),"QUANTITE > 0; ","")))&IF(AND($C20="AJUSTEMENT",$H20=""),"MOTIF; ","")&IF(AND(OR($C20="TRANSFERT",$C20="CONSOMMATION"),$E20=""),"EMPL. SOURCE; ","")&IF(AND($C20<>"CONSOMMATION",$F20=""),"EMPL. DESTINATION; ","")&IF(AND($C20="TRANSFERT",$E20<>"",$E20=$F20),"SOURCE = DESTINATION; ",""),IF($Q20="EMPLACEMENT INCOHERENT","Le lot "&$D20&" n'existe pas sur cet emplacement (stock 0). Verifier l'emplacement.",IF($Q20="STOCK INSUFFISANT","Disponible avant operation : "&TEXT($P20,"#,##0.00")&" kg. Ligne NON comptee en stock.",IF(COUNTIFS($B$5:$B$304,$B20,$C$5:$C$304,$C20,$D$5:$D$304,$D20,$G$5:$G$304,$G20)>1,"Doublon possible (meme date, type, lot et quantite).",IF($K20="LOT NON REFERENCE","Creer d'abord la fiche du lot dans l'onglet LOTS.",""))))))
A21: =IF($C21="","","OP-"&TEXT(ROW()-4,"000")) | J21: =IF($D21="","",IFERROR(INDEX(LOT_EXTE,MATCH($D21,LOT_KEY,0)),"")) | K21: =IF($D21="","",IFERROR(INDEX(LOT_PRODE,MATCH($D21,LOT_KEY,0)),"LOT NON REFERENCE")) | L21: =IF($D21="","",IFERROR(INDEX(LOT_FOURNE,MATCH($D21,LOT_KEY,0)),"")) | M21: =IF($E21="","",IFERROR(INDEX(EMPL_CLASSE,MATCH($E21,EMPL_KEY,0)),"?")) | N21: =IF($F21="","",IFERROR(INDEX(EMPL_CLASSE,MATCH($F21,EMPL_KEY,0)),"?")) | O21: =IF($C21="",0,IF(OR($B21="",$D21=""),0,IF($C21="AJUSTEMENT",IF(OR(NOT(ISNUMBER($G21)),$G21=0,$F21="",$H21=""),0,1),IF(OR(NOT(ISNUMBER($G21)),$G21<=0),0,IF($C21="RECEPTION",IF($F21="",0,1),IF($C21="CONSOMMATION",IF($E21="",0,1),IF(OR($E21="",$F21="",$E21=$F21),0,1))))))) -> 0 | P21: =IF(OR($O21=0,$C21="RECEPTION"),"",IF($C21="AJUSTEMENT",IF($G21>0,"",SUMIFS(MVT_BRUT,MVT_LOT,$D21,MVT_EMPL,$F21)-$G21),SUMIFS(MVT_BRUT,MVT_LOT,$D21,MVT_EMPL,$E21)+$G21)) | Q21: =IF($C21="","",IF($O21=0,"DONNEES MANQUANTES",IF($C21="RECEPTION","OK",IF(AND($C21="AJUSTEMENT",$G21>0),"OK",IF($P21<=0,"EMPLACEMENT INCOHERENT",IF(ABS($G21)>$P21+0.001,"STOCK INSUFFISANT","OK")))))) | R21: =IF($Q21="OK",1,0) -> 0 | S21: =IF($C21="","",IF($O21=0,"A COMPLETER : "&IF($B21="","DATE; ","")&IF($D21="","LOT INTERNE; ","")&IF(NOT(ISNUMBER($G21)),"QUANTITE; ",IF(AND($C21="AJUSTEMENT",$G21=0),"QUANTITE <> 0; ",IF(AND($C21<>"AJUSTEMENT",$G21<=0),"QUANTITE > 0; ","")))&IF(AND($C21="AJUSTEMENT",$H21=""),"MOTIF; ","")&IF(AND(OR($C21="TRANSFERT",$C21="CONSOMMATION"),$E21=""),"EMPL. SOURCE; ","")&IF(AND($C21<>"CONSOMMATION",$F21=""),"EMPL. DESTINATION; ","")&IF(AND($C21="TRANSFERT",$E21<>"",$E21=$F21),"SOURCE = DESTINATION; ",""),IF($Q21="EMPLACEMENT INCOHERENT","Le lot "&$D21&" n'existe pas sur cet emplacement (stock 0). Verifier l'emplacement.",IF($Q21="STOCK INSUFFISANT","Disponible avant operation : "&TEXT($P21,"#,##0.00")&" kg. Ligne NON comptee en stock.",IF(COUNTIFS($B$5:$B$304,$B21,$C$5:$C$304,$C21,$D$5:$D$304,$D21,$G$5:$G$304,$G21)>1,"Doublon possible (meme date, type, lot et quantite).",IF($K21="LOT NON REFERENCE","Creer d'abord la fiche du lot dans l'onglet LOTS.",""))))))
A22: =IF($C22="","","OP-"&TEXT(ROW()-4,"000")) | J22: =IF($D22="","",IFERROR(INDEX(LOT_EXTE,MATCH($D22,LOT_KEY,0)),"")) | K22: =IF($D22="","",IFERROR(INDEX(LOT_PRODE,MATCH($D22,LOT_KEY,0)),"LOT NON REFERENCE")) | L22: =IF($D22="","",IFERROR(INDEX(LOT_FOURNE,MATCH($D22,LOT_KEY,0)),"")) | M22: =IF($E22="","",IFERROR(INDEX(EMPL_CLASSE,MATCH($E22,EMPL_KEY,0)),"?")) | N22: =IF($F22="","",IFERROR(INDEX(EMPL_CLASSE,MATCH($F22,EMPL_KEY,0)),"?")) | O22: =IF($C22="",0,IF(OR($B22="",$D22=""),0,IF($C22="AJUSTEMENT",IF(OR(NOT(ISNUMBER($G22)),$G22=0,$F22="",$H22=""),0,1),IF(OR(NOT(ISNUMBER($G22)),$G22<=0),0,IF($C22="RECEPTION",IF($F22="",0,1),IF($C22="CONSOMMATION",IF($E22="",0,1),IF(OR($E22="",$F22="",$E22=$F22),0,1))))))) -> 0 | P22: =IF(OR($O22=0,$C22="RECEPTION"),"",IF($C22="AJUSTEMENT",IF($G22>0,"",SUMIFS(MVT_BRUT,MVT_LOT,$D22,MVT_EMPL,$F22)-$G22),SUMIFS(MVT_BRUT,MVT_LOT,$D22,MVT_EMPL,$E22)+$G22)) | Q22: =IF($C22="","",IF($O22=0,"DONNEES MANQUANTES",IF($C22="RECEPTION","OK",IF(AND($C22="AJUSTEMENT",$G22>0),"OK",IF($P22<=0,"EMPLACEMENT INCOHERENT",IF(ABS($G22)>$P22+0.001,"STOCK INSUFFISANT","OK")))))) | R22: =IF($Q22="OK",1,0) -> 0 | S22: =IF($C22="","",IF($O22=0,"A COMPLETER : "&IF($B22="","DATE; ","")&IF($D22="","LOT INTERNE; ","")&IF(NOT(ISNUMBER($G22)),"QUANTITE; ",IF(AND($C22="AJUSTEMENT",$G22=0),"QUANTITE <> 0; ",IF(AND($C22<>"AJUSTEMENT",$G22<=0),"QUANTITE > 0; ","")))&IF(AND($C22="AJUSTEMENT",$H22=""),"MOTIF; ","")&IF(AND(OR($C22="TRANSFERT",$C22="CONSOMMATION"),$E22=""),"EMPL. SOURCE; ","")&IF(AND($C22<>"CONSOMMATION",$F22=""),"EMPL. DESTINATION; ","")&IF(AND($C22="TRANSFERT",$E22<>"",$E22=$F22),"SOURCE = DESTINATION; ",""),IF($Q22="EMPLACEMENT INCOHERENT","Le lot "&$D22&" n'existe pas sur cet emplacement (stock 0). Verifier l'emplacement.",IF($Q22="STOCK INSUFFISANT","Disponible avant operation : "&TEXT($P22,"#,##0.00")&" kg. Ligne NON comptee en stock.",IF(COUNTIFS($B$5:$B$304,$B22,$C$5:$C$304,$C22,$D$5:$D$304,$D22,$G$5:$G$304,$G22)>1,"Doublon possible (meme date, type, lot et quantite).",IF($K22="LOT NON REFERENCE","Creer d'abord la fiche du lot dans l'onglet LOTS.",""))))))
A23: =IF($C23="","","OP-"&TEXT(ROW()-4,"000")) | J23: =IF($D23="","",IFERROR(INDEX(LOT_EXTE,MATCH($D23,LOT_KEY,0)),"")) | K23: =IF($D23="","",IFERROR(INDEX(LOT_PRODE,MATCH($D23,LOT_KEY,0)),"LOT NON REFERENCE")) | L23: =IF($D23="","",IFERROR(INDEX(LOT_FOURNE,MATCH($D23,LOT_KEY,0)),"")) | M23: =IF($E23="","",IFERROR(INDEX(EMPL_CLASSE,MATCH($E23,EMPL_KEY,0)),"?")) | N23: =IF($F23="","",IFERROR(INDEX(EMPL_CLASSE,MATCH($F23,EMPL_KEY,0)),"?")) | O23: =IF($C23="",0,IF(OR($B23="",$D23=""),0,IF($C23="AJUSTEMENT",IF(OR(NOT(ISNUMBER($G23)),$G23=0,$F23="",$H23=""),0,1),IF(OR(NOT(ISNUMBER($G23)),$G23<=0),0,IF($C23="RECEPTION",IF($F23="",0,1),IF($C23="CONSOMMATION",IF($E23="",0,1),IF(OR($E23="",$F23="",$E23=$F23),0,1))))))) -> 0 | P23: =IF(OR($O23=0,$C23="RECEPTION"),"",IF($C23="AJUSTEMENT",IF($G23>0,"",SUMIFS(MVT_BRUT,MVT_LOT,$D23,MVT_EMPL,$F23)-$G23),SUMIFS(MVT_BRUT,MVT_LOT,$D23,MVT_EMPL,$E23)+$G23)) | Q23: =IF($C23="","",IF($O23=0,"DONNEES MANQUANTES",IF($C23="RECEPTION","OK",IF(AND($C23="AJUSTEMENT",$G23>0),"OK",IF($P23<=0,"EMPLACEMENT INCOHERENT",IF(ABS($G23)>$P23+0.001,"STOCK INSUFFISANT","OK")))))) | R23: =IF($Q23="OK",1,0) -> 0 | S23: =IF($C23="","",IF($O23=0,"A COMPLETER : "&IF($B23="","DATE; ","")&IF($D23="","LOT INTERNE; ","")&IF(NOT(ISNUMBER($G23)),"QUANTITE; ",IF(AND($C23="AJUSTEMENT",$G23=0),"QUANTITE <> 0; ",IF(AND($C23<>"AJUSTEMENT",$G23<=0),"QUANTITE > 0; ","")))&IF(AND($C23="AJUSTEMENT",$H23=""),"MOTIF; ","")&IF(AND(OR($C23="TRANSFERT",$C23="CONSOMMATION"),$E23=""),"EMPL. SOURCE; ","")&IF(AND($C23<>"CONSOMMATION",$F23=""),"EMPL. DESTINATION; ","")&IF(AND($C23="TRANSFERT",$E23<>"",$E23=$F23),"SOURCE = DESTINATION; ",""),IF($Q23="EMPLACEMENT INCOHERENT","Le lot "&$D23&" n'existe pas sur cet emplacement (stock 0). Verifier l'emplacement.",IF($Q23="STOCK INSUFFISANT","Disponible avant operation : "&TEXT($P23,"#,##0.00")&" kg. Ligne NON comptee en stock.",IF(COUNTIFS($B$5:$B$304,$B23,$C$5:$C$304,$C23,$D$5:$D$304,$D23,$G$5:$G$304,$G23)>1,"Doublon possible (meme date, type, lot et quantite).",IF($K23="LOT NON REFERENCE","Creer d'abord la fiche du lot dans l'onglet LOTS.",""))))))
A24: =IF($C24="","","OP-"&TEXT(ROW()-4,"000")) | J24: =IF($D24="","",IFERROR(INDEX(LOT_EXTE,MATCH($D24,LOT_KEY,0)),"")) | K24: =IF($D24="","",IFERROR(INDEX(LOT_PRODE,MATCH($D24,LOT_KEY,0)),"LOT NON REFERENCE")) | L24: =IF($D24="","",IFERROR(INDEX(LOT_FOURNE,MATCH($D24,LOT_KEY,0)),"")) | M24: =IF($E24="","",IFERROR(INDEX(EMPL_CLASSE,MATCH($E24,EMPL_KEY,0)),"?")) | N24: =IF($F24="","",IFERROR(INDEX(EMPL_CLASSE,MATCH($F24,EMPL_KEY,0)),"?")) | O24: =IF($C24="",0,IF(OR($B24="",$D24=""),0,IF($C24="AJUSTEMENT",IF(OR(NOT(ISNUMBER($G24)),$G24=0,$F24="",$H24=""),0,1),IF(OR(NOT(ISNUMBER($G24)),$G24<=0),0,IF($C24="RECEPTION",IF($F24="",0,1),IF($C24="CONSOMMATION",IF($E24="",0,1),IF(OR($E24="",$F24="",$E24=$F24),0,1))))))) -> 0 | P24: =IF(OR($O24=0,$C24="RECEPTION"),"",IF($C24="AJUSTEMENT",IF($G24>0,"",SUMIFS(MVT_BRUT,MVT_LOT,$D24,MVT_EMPL,$F24)-$G24),SUMIFS(MVT_BRUT,MVT_LOT,$D24,MVT_EMPL,$E24)+$G24)) | Q24: =IF($C24="","",IF($O24=0,"DONNEES MANQUANTES",IF($C24="RECEPTION","OK",IF(AND($C24="AJUSTEMENT",$G24>0),"OK",IF($P24<=0,"EMPLACEMENT INCOHERENT",IF(ABS($G24)>$P24+0.001,"STOCK INSUFFISANT","OK")))))) | R24: =IF($Q24="OK",1,0) -> 0 | S24: =IF($C24="","",IF($O24=0,"A COMPLETER : "&IF($B24="","DATE; ","")&IF($D24="","LOT INTERNE; ","")&IF(NOT(ISNUMBER($G24)),"QUANTITE; ",IF(AND($C24="AJUSTEMENT",$G24=0),"QUANTITE <> 0; ",IF(AND($C24<>"AJUSTEMENT",$G24<=0),"QUANTITE > 0; ","")))&IF(AND($C24="AJUSTEMENT",$H24=""),"MOTIF; ","")&IF(AND(OR($C24="TRANSFERT",$C24="CONSOMMATION"),$E24=""),"EMPL. SOURCE; ","")&IF(AND($C24<>"CONSOMMATION",$F24=""),"EMPL. DESTINATION; ","")&IF(AND($C24="TRANSFERT",$E24<>"",$E24=$F24),"SOURCE = DESTINATION; ",""),IF($Q24="EMPLACEMENT INCOHERENT","Le lot "&$D24&" n'existe pas sur cet emplacement (stock 0). Verifier l'emplacement.",IF($Q24="STOCK INSUFFISANT","Disponible avant operation : "&TEXT($P24,"#,##0.00")&" kg. Ligne NON comptee en stock.",IF(COUNTIFS($B$5:$B$304,$B24,$C$5:$C$304,$C24,$D$5:$D$304,$D24,$G$5:$G$304,$G24)>1,"Doublon possible (meme date, type, lot et quantite).",IF($K24="LOT NON REFERENCE","Creer d'abord la fiche du lot dans l'onglet LOTS.",""))))))
A25: =IF($C25="","","OP-"&TEXT(ROW()-4,"000")) | J25: =IF($D25="","",IFERROR(INDEX(LOT_EXTE,MATCH($D25,LOT_KEY,0)),"")) | K25: =IF($D25="","",IFERROR(INDEX(LOT_PRODE,MATCH($D25,LOT_KEY,0)),"LOT NON REFERENCE")) | L25: =IF($D25="","",IFERROR(INDEX(LOT_FOURNE,MATCH($D25,LOT_KEY,0)),"")) | M25: =IF($E25="","",IFERROR(INDEX(EMPL_CLASSE,MATCH($E25,EMPL_KEY,0)),"?")) | N25: =IF($F25="","",IFERROR(INDEX(EMPL_CLASSE,MATCH($F25,EMPL_KEY,0)),"?")) | O25: =IF($C25="",0,IF(OR($B25="",$D25=""),0,IF($C25="AJUSTEMENT",IF(OR(NOT(ISNUMBER($G25)),$G25=0,$F25="",$H25=""),0,1),IF(OR(NOT(ISNUMBER($G25)),$G25<=0),0,IF($C25="RECEPTION",IF($F25="",0,1),IF($C25="CONSOMMATION",IF($E25="",0,1),IF(OR($E25="",$F25="",$E25=$F25),0,1))))))) -> 0 | P25: =IF(OR($O25=0,$C25="RECEPTION"),"",IF($C25="AJUSTEMENT",IF($G25>0,"",SUMIFS(MVT_BRUT,MVT_LOT,$D25,MVT_EMPL,$F25)-$G25),SUMIFS(MVT_BRUT,MVT_LOT,$D25,MVT_EMPL,$E25)+$G25)) | Q25: =IF($C25="","",IF($O25=0,"DONNEES MANQUANTES",IF($C25="RECEPTION","OK",IF(AND($C25="AJUSTEMENT",$G25>0),"OK",IF($P25<=0,"EMPLACEMENT INCOHERENT",IF(ABS($G25)>$P25+0.001,"STOCK INSUFFISANT","OK")))))) | R25: =IF($Q25="OK",1,0) -> 0 | S25: =IF($C25="","",IF($O25=0,"A COMPLETER : "&IF($B25="","DATE; ","")&IF($D25="","LOT INTERNE; ","")&IF(NOT(ISNUMBER($G25)),"QUANTITE; ",IF(AND($C25="AJUSTEMENT",$G25=0),"QUANTITE <> 0; ",IF(AND($C25<>"AJUSTEMENT",$G25<=0),"QUANTITE > 0; ","")))&IF(AND($C25="AJUSTEMENT",$H25=""),"MOTIF; ","")&IF(AND(OR($C25="TRANSFERT",$C25="CONSOMMATION"),$E25=""),"EMPL. SOURCE; ","")&IF(AND($C25<>"CONSOMMATION",$F25=""),"EMPL. DESTINATION; ","")&IF(AND($C25="TRANSFERT",$E25<>"",$E25=$F25),"SOURCE = DESTINATION; ",""),IF($Q25="EMPLACEMENT INCOHERENT","Le lot "&$D25&" n'existe pas sur cet emplacement (stock 0). Verifier l'emplacement.",IF($Q25="STOCK INSUFFISANT","Disponible avant operation : "&TEXT($P25,"#,##0.00")&" kg. Ligne NON comptee en stock.",IF(COUNTIFS($B$5:$B$304,$B25,$C$5:$C$304,$C25,$D$5:$D$304,$D25,$G$5:$G$304,$G25)>1,"Doublon possible (meme date, type, lot et quantite).",IF($K25="LOT NON REFERENCE","Creer d'abord la fiche du lot dans l'onglet LOTS.",""))))))
A26: =IF($C26="","","OP-"&TEXT(ROW()-4,"000")) | J26: =IF($D26="","",IFERROR(INDEX(LOT_EXTE,MATCH($D26,LOT_KEY,0)),"")) | K26: =IF($D26="","",IFERROR(INDEX(LOT_PRODE,MATCH($D26,LOT_KEY,0)),"LOT NON REFERENCE")) | L26: =IF($D26="","",IFERROR(INDEX(LOT_FOURNE,MATCH($D26,LOT_KEY,0)),"")) | M26: =IF($E26="","",IFERROR(INDEX(EMPL_CLASSE,MATCH($E26,EMPL_KEY,0)),"?")) | N26: =IF($F26="","",IFERROR(INDEX(EMPL_CLASSE,MATCH($F26,EMPL_KEY,0)),"?")) | O26: =IF($C26="",0,IF(OR($B26="",$D26=""),0,IF($C26="AJUSTEMENT",IF(OR(NOT(ISNUMBER($G26)),$G26=0,$F26="",$H26=""),0,1),IF(OR(NOT(ISNUMBER($G26)),$G26<=0),0,IF($C26="RECEPTION",IF($F26="",0,1),IF($C26="CONSOMMATION",IF($E26="",0,1),IF(OR($E26="",$F26="",$E26=$F26),0,1))))))) -> 0 | P26: =IF(OR($O26=0,$C26="RECEPTION"),"",IF($C26="AJUSTEMENT",IF($G26>0,"",SUMIFS(MVT_BRUT,MVT_LOT,$D26,MVT_EMPL,$F26)-$G26),SUMIFS(MVT_BRUT,MVT_LOT,$D26,MVT_EMPL,$E26)+$G26)) | Q26: =IF($C26="","",IF($O26=0,"DONNEES MANQUANTES",IF($C26="RECEPTION","OK",IF(AND($C26="AJUSTEMENT",$G26>0),"OK",IF($P26<=0,"EMPLACEMENT INCOHERENT",IF(ABS($G26)>$P26+0.001,"STOCK INSUFFISANT","OK")))))) | R26: =IF($Q26="OK",1,0) -> 0 | S26: =IF($C26="","",IF($O26=0,"A COMPLETER : "&IF($B26="","DATE; ","")&IF($D26="","LOT INTERNE; ","")&IF(NOT(ISNUMBER($G26)),"QUANTITE; ",IF(AND($C26="AJUSTEMENT",$G26=0),"QUANTITE <> 0; ",IF(AND($C26<>"AJUSTEMENT",$G26<=0),"QUANTITE > 0; ","")))&IF(AND($C26="AJUSTEMENT",$H26=""),"MOTIF; ","")&IF(AND(OR($C26="TRANSFERT",$C26="CONSOMMATION"),$E26=""),"EMPL. SOURCE; ","")&IF(AND($C26<>"CONSOMMATION",$F26=""),"EMPL. DESTINATION; ","")&IF(AND($C26="TRANSFERT",$E26<>"",$E26=$F26),"SOURCE = DESTINATION; ",""),IF($Q26="EMPLACEMENT INCOHERENT","Le lot "&$D26&" n'existe pas sur cet emplacement (stock 0). Verifier l'emplacement.",IF($Q26="STOCK INSUFFISANT","Disponible avant operation : "&TEXT($P26,"#,##0.00")&" kg. Ligne NON comptee en stock.",IF(COUNTIFS($B$5:$B$304,$B26,$C$5:$C$304,$C26,$D$5:$D$304,$D26,$G$5:$G$304,$G26)>1,"Doublon possible (meme date, type, lot et quantite).",IF($K26="LOT NON REFERENCE","Creer d'abord la fiche du lot dans l'onglet LOTS.",""))))))
... A304: =IF($C304="","","OP-"&TEXT(ROW()-4,"000")) | J304: =IF($D304="","",IFERROR(INDEX(LOT_EXTE,MATCH($D304,LOT_KEY,0)),"")) | K304: =IF($D304="","",IFERROR(INDEX(LOT_PRODE,MATCH($D304,LOT_KEY,0)),"LOT NON REFERENCE")) | L304: =IF($D304="","",IFERROR(INDEX(LOT_FOURNE,MATCH($D304,LOT_KEY,0)),"")) | M304: =IF($E304="","",IFERROR(INDEX(EMPL_CLASSE,MATCH($E304,EMPL_KEY,0)),"?")) | N304: =IF($F304="","",IFERROR(INDEX(EMPL_CLASSE,MATCH($F304,EMPL_KEY,0)),"?")) | O304: =IF($C304="",0,IF(OR($B304="",$D304=""),0,IF($C304="AJUSTEMENT",IF(OR(NOT(ISNUMBER($G304)),$G304=0,$F304="",$H304=""),0,1),IF(OR(NOT(ISNUMBER($G304)),$G304<=0),0,IF($C304="RECEPTION",IF($F304="",0,1),IF($C304="CONSOMMATION",IF($E304="",0,1),IF(OR($E304="",$F304="",$E304=$F304),0,1))))))) -> 0 | P304: =IF(OR($O304=0,$C304="RECEPTION"),"",IF($C304="AJUSTEMENT",IF($G304>0,"",SUMIFS(MVT_BRUT,MVT_LOT,$D304,MVT_EMPL,$F304)-$G304),SUMIFS(MVT_BRUT,MVT_LOT,$D304,MVT_EMPL,$E304)+$G304)) | Q304: =IF($C304="","",IF($O304=0,"DONNEES MANQUANTES",IF($C304="RECEPTION","OK",IF(AND($C304="AJUSTEMENT",$G304>0),"OK",IF($P304<=0,"EMPLACEMENT INCOHERENT",IF(ABS($G304)>$P304+0.001,"STOCK INSUFFISANT","OK")))))) | R304: =IF($Q304="OK",1,0) -> 0 | S304: =IF($C304="","",IF($O304=0,"A COMPLETER : "&IF($B304="","DATE; ","")&IF($D304="","LOT INTERNE; ","")&IF(NOT(ISNUMBER($G304)),"QUANTITE; ",IF(AND($C304="AJUSTEMENT",$G304=0),"QUANTITE <> 0; ",IF(AND($C304<>"AJUSTEMENT",$G304<=0),"QUANTITE > 0; ","")))&IF(AND($C304="AJUSTEMENT",$H304=""),"MOTIF; ","")&IF(AND(OR($C304="TRANSFERT",$C304="CONSOMMATION"),$E304=""),"EMPL. SOURCE; ","")&IF(AND($C304<>"CONSOMMATION",$F304=""),"EMPL. DESTINATION; ","")&IF(AND($C304="TRANSFERT",$E304<>"",$E304=$F304),"SOURCE = DESTINATION; ",""),IF($Q304="EMPLACEMENT INCOHERENT","Le lot "&$D304&" n'existe pas sur cet emplacement (stock 0). Verifier l'emplacement.",IF($Q304="STOCK INSUFFISANT","Disponible avant operation : "&TEXT($P304,"#,##0.00")&" kg. Ligne NON comptee en stock.",IF(COUNTIFS($B$5:$B$304,$B304,$C$5:$C$304,$C304,$D$5:$D$304,$D304,$G$5:$G$304,$G304)>1,"Doublon possible (meme date, type, lot et quantite).",IF($K304="LOT NON REFERENCE","Creer d'abord la fiche du lot dans l'onglet LOTS.",""))))))

Sheet SOUS_TRAITANCE
A1: SOUS-TRAITANCE - ENVOIS
A2: SOURCE = FOURNISSEUR : la marchandise va directement du fournisseur au sous-traitant, aucun stock OCEAMIC n'est consomme (ni emplacement ni reception a saisir). SOURCE = STOCK EXISTANT : la quantite envoyee est retiree de l'emplacement indique. Un envoi sans resultat reste EN COURS - ce n'est pas une erreur.
A3: Etape 1 : enregistrer l'envoi. Etape 2 (plus tard) : saisir les resultats dans l'onglet ST_RESULTATS.
A4: ID ST | B4: DATE ENVOI | C4: SOUS-TRAITANT | D4: SOURCE | E4: LOT SOURCE (INTERNE) | F4: EMPL. SOURCE | G4: QTE ENVOYEE (KG) | H4: QUALITE ENTREE | I4: MOULE ENTREE | J4: HISTAMINE ENTREE (PPM) | K4: DATE RETOUR | L4: JUSTIFICATION ECART | M4: MOTIF ECART | N4: OBSERVATION | O4: LOT EXTERNE | P4: ESPECE | Q4: PRODUCTEUR | R4: VALIDE | S4: DISPO AVANT (KG) | T4: TOTAL SORTIE (KG) | U4: NB RESULTATS | V4: ECART A JUSTIFIER (KG) | W4: RENDEMENT | X4: STATUT | Y4: IMPACT STOCK | Z4: CONTROLE / ACTION | AA4: EN COURS (KG) | AB4: REL. RECHERCHE | AC4: RANG RECHERCHE
A5: =IF($D5="","","ST-"&TEXT(ROW()-4,"000")) -> ST-001 | B5: 46246 | C5: USINE SOUS-TRAITANTE | D5: STOCK EXISTANT | E5: 255 | F5: OCEAMIC 2 | G5: 500 | H5: A=60 B=40 | I5: 20/24 | J5: 45 | K5: 46248 | N5: Scenarios 5, 8, 9, 10, 11 | O5: =IF($E5="","",IFERROR(INDEX(LOT_EXTE,MATCH($E5,LOT_KEY,0)),"")) -> L-EXT-255 | P5: =IF($E5="","",IFERROR(INDEX(LOT_PRODE,MATCH($E5,LOT_KEY,0)),"LOT NON REFERENCE")) -> Sardine | Q5: =IF($E5="","",IFERROR(INDEX(LOT_FOURNE,MATCH($E5,LOT_KEY,0)),"")) -> Fournisseur local | R5: =IF($D5="",0,IF(OR($B5="",$C5="",$E5="",NOT(ISNUMBER($G5)),$G5<=0),0,IF($D5="STOCK EXISTANT",IF($F5="",0,1),1))) -> 1 | S5: =IF(OR($R5=0,$D5<>"STOCK EXISTANT"),"",SUMIFS(MVT_BRUT,MVT_LOT,$E5,MVT_EMPL,$F5)+$G5) -> 1000 | T5: =IF($A5="","",SUMIFS(RES_QTEVAL,RES_IDST,$A5)) -> 450 | U5: =IF($A5="","",COUNTIFS(RES_IDST,$A5)) -> 2 | V5: =IF(OR($A5="",$U5=0),"",$G5-$T5) -> 50 | W5: =IF(OR($A5="",$U5=0,NOT(ISNUMBER($G5)),$G5<=0),"",$T5/$G5) -> 0.9 | X5: =IF($D5="","",IF($R5=0,"DONNEES MANQUANTES",IF($D5="STOCK EXISTANT",IF($S5<=0,"EMPLACEMENT INCOHERENT",IF($G5>$S5+0.001,"STOCK INSUFFISANT",IF($U5=0,"EN COURS",IF($T5>$G5+0.001,"BLOQUE",IF(AND($V5>P_TOL,$L5=""),"A JUSTIFIER","OK"))))),IF($U5=0,"EN COURS",IF($T5>$G5+0.001,"BLOQUE",IF(AND($V5>P_TOL,$L5=""),"A JUSTIFIER","OK")))))) -> A JUSTIFIER | Y5: =IF(OR($X5="",$X5="DONNEES MANQUANTES",$X5="EMPLACEMENT INCOHERENT",$X5="STOCK INSUFFISANT"),0,1) -> 1 | Z5: =IF($D5="","",IF($R5=0,"A COMPLETER : "&IF($B5="","DATE ENVOI; ","")&IF($C5="","SOUS-TRAITANT; ","")&IF($E5="","LOT SOURCE; ","")&IF(OR(NOT(ISNUMBER($G5)),$G5<=0),"QTE ENVOYEE > 0; ","")&IF(AND($D5="STOCK EXISTANT",$F5=""),"EMPL. SOURCE; ",""),IF($X5="EMPLACEMENT INCOHERENT","Le lot "&$E5&" n'existe pas sur "&$F5&" (stock 0).",IF($X5="STOCK INSUFFISANT","Disponible avant envoi : "&TEXT($S5,"#,##0.00")&" kg. Ligne NON comptee en stock.",IF($X5="BLOQUE","Total des sorties ("&TEXT($T5,"#,##0.00")&" kg) superieur a la quantite envoyee.",IF($X5="EN COURS","Envoi enregistre, resultats non connus. A completer dans ST_RESULTATS.",IF($X5="A JUSTIFIER","Ecart de "&TEXT($V5,"#,##0.00")&" kg : renseigner JUSTIFICATION ECART (colonne L).",IF($P5="LOT NON REFERENCE","Creer d'abord la fiche du lot dans l'onglet LOTS.","")))))))) -> Ecart de 50.00 kg : renseigner JUSTIFICATION ECART (colonne L). | AA5: =IF(OR($Y5=0,$U5>0),0,$G5) -> 0 | AB5: =IF($R5=0,0,IF(OR($E5=R_LOT,COUNTIFS(RES_IDST,$A5,RES_LOTEFF,R_LOT)>0),1,0)) -> 1 | AC5: =IF($AB5=0,"",COUNTIF($AB$5:$AB5,1)) -> 1
A6: =IF($D6="","","ST-"&TEXT(ROW()-4,"000")) -> ST-002 | B6: 46241 | C6: USINE SOUS-TRAITANTE | D6: FOURNISSEUR | E6: 300 | G6: 600 | H6: A | I6: 20/24 | K6: 46247 | L6: Perte de process au filetage, pesee et controlee | M6: PERTE PROCESS | N6: Scenario 6 - aucun stock OCEAMIC consomme | O6: =IF($E6="","",IFERROR(INDEX(LOT_EXTE,MATCH($E6,LOT_KEY,0)),"")) -> L-EXT-300 | P6: =IF($E6="","",IFERROR(INDEX(LOT_PRODE,MATCH($E6,LOT_KEY,0)),"LOT NON REFERENCE")) -> Anchois | Q6: =IF($E6="","",IFERROR(INDEX(LOT_FOURNE,MATCH($E6,LOT_KEY,0)),"")) -> Producteur Dakhla | R6: =IF($D6="",0,IF(OR($B6="",$C6="",$E6="",NOT(ISNUMBER($G6)),$G6<=0),0,IF($D6="STOCK EXISTANT",IF($F6="",0,1),1))) -> 1 | S6: =IF(OR($R6=0,$D6<>"STOCK EXISTANT"),"",SUMIFS(MVT_BRUT,MVT_LOT,$E6,MVT_EMPL,$F6)+$G6) | T6: =IF($A6="","",SUMIFS(RES_QTEVAL,RES_IDST,$A6)) -> 590 | U6: =IF($A6="","",COUNTIFS(RES_IDST,$A6)) -> 1 | V6: =IF(OR($A6="",$U6=0),"",$G6-$T6) -> 10 | W6: =IF(OR($A6="",$U6=0,NOT(ISNUMBER($G6)),$G6<=0),"",$T6/$G6) -> 0.98333333 | X6: =IF($D6="","",IF($R6=0,"DONNEES MANQUANTES",IF($D6="STOCK EXISTANT",IF($S6<=0,"EMPLACEMENT INCOHERENT",IF($G6>$S6+0.001,"STOCK INSUFFISANT",IF($U6=0,"EN COURS",IF($T6>$G6+0.001,"BLOQUE",IF(AND($V6>P_TOL,$L6=""),"A JUSTIFIER","OK"))))),IF($U6=0,"EN COURS",IF($T6>$G6+0.001,"BLOQUE",IF(AND($V6>P_TOL,$L6=""),"A JUSTIFIER","OK")))))) -> OK | Y6: =IF(OR($X6="",$X6="DONNEES MANQUANTES",$X6="EMPLACEMENT INCOHERENT",$X6="STOCK INSUFFISANT"),0,1) -> 1 | Z6: =IF($D6="","",IF($R6=0,"A COMPLETER : "&IF($B6="","DATE ENVOI; ","")&IF($C6="","SOUS-TRAITANT; ","")&IF($E6="","LOT SOURCE; ","")&IF(OR(NOT(ISNUMBER($G6)),$G6<=0),"QTE ENVOYEE > 0; ","")&IF(AND($D6="STOCK EXISTANT",$F6=""),"EMPL. SOURCE; ",""),IF($X6="EMPLACEMENT INCOHERENT","Le lot "&$E6&" n'existe pas sur "&$F6&" (stock 0).",IF($X6="STOCK INSUFFISANT","Disponible avant envoi : "&TEXT($S6,"#,##0.00")&" kg. Ligne NON comptee en stock.",IF($X6="BLOQUE","Total des sorties ("&TEXT($T6,"#,##0.00")&" kg) superieur a la quantite envoyee.",IF($X6="EN COURS","Envoi enregistre, resultats non connus. A completer dans ST_RESULTATS.",IF($X6="A JUSTIFIER","Ecart de "&TEXT($V6,"#,##0.00")&" kg : renseigner JUSTIFICATION ECART (colonne L).",IF($P6="LOT NON REFERENCE","Creer d'abord la fiche du lot dans l'onglet LOTS.","")))))))) | AA6: =IF(OR($Y6=0,$U6>0),0,$G6) -> 0 | AB6: =IF($R6=0,0,IF(OR($E6=R_LOT,COUNTIFS(RES_IDST,$A6,RES_LOTEFF,R_LOT)>0),1,0)) -> 0 | AC6: =IF($AB6=0,"",COUNTIF($AB$5:$AB6,1))
A7: =IF($D7="","","ST-"&TEXT(ROW()-4,"000")) -> ST-003 | B7: 46249 | C7: CONGELATION | D7: STOCK EXISTANT | E7: 301 | F7: OCEAMIC 2 | G7: 200 | N7: Scenario 7 - reste EN COURS tant qu'aucun resultat n'est saisi | O7: =IF($E7="","",IFERROR(INDEX(LOT_EXTE,MATCH($E7,LOT_KEY,0)),"")) -> L-EXT-301 | P7: =IF($E7="","",IFERROR(INDEX(LOT_PRODE,MATCH($E7,LOT_KEY,0)),"LOT NON REFERENCE")) -> Maquereau | Q7: =IF($E7="","",IFERROR(INDEX(LOT_FOURNE,MATCH($E7,LOT_KEY,0)),"")) -> Producteur Boujdour | R7: =IF($D7="",0,IF(OR($B7="",$C7="",$E7="",NOT(ISNUMBER($G7)),$G7<=0),0,IF($D7="STOCK EXISTANT",IF($F7="",0,1),1))) -> 1 | S7: =IF(OR($R7=0,$D7<>"STOCK EXISTANT"),"",SUMIFS(MVT_BRUT,MVT_LOT,$E7,MVT_EMPL,$F7)+$G7) -> 400 | T7: =IF($A7="","",SUMIFS(RES_QTEVAL,RES_IDST,$A7)) -> 0 | U7: =IF($A7="","",COUNTIFS(RES_IDST,$A7)) -> 0 | V7: =IF(OR($A7="",$U7=0),"",$G7-$T7) | W7: =IF(OR($A7="",$U7=0,NOT(ISNUMBER($G7)),$G7<=0),"",$T7/$G7) | X7: =IF($D7="","",IF($R7=0,"DONNEES MANQUANTES",IF($D7="STOCK EXISTANT",IF($S7<=0,"EMPLACEMENT INCOHERENT",IF($G7>$S7+0.001,"STOCK INSUFFISANT",IF($U7=0,"EN COURS",IF($T7>$G7+0.001,"BLOQUE",IF(AND($V7>P_TOL,$L7=""),"A JUSTIFIER","OK"))))),IF($U7=0,"EN COURS",IF($T7>$G7+0.001,"BLOQUE",IF(AND($V7>P_TOL,$L7=""),"A JUSTIFIER","OK")))))) -> EN COURS | Y7: =IF(OR($X7="",$X7="DONNEES MANQUANTES",$X7="EMPLACEMENT INCOHERENT",$X7="STOCK INSUFFISANT"),0,1) -> 1 | Z7: =IF($D7="","",IF($R7=0,"A COMPLETER : "&IF($B7="","DATE ENVOI; ","")&IF($C7="","SOUS-TRAITANT; ","")&IF($E7="","LOT SOURCE; ","")&IF(OR(NOT(ISNUMBER($G7)),$G7<=0),"QTE ENVOYEE > 0; ","")&IF(AND($D7="STOCK EXISTANT",$F7=""),"EMPL. SOURCE; ",""),IF($X7="EMPLACEMENT INCOHERENT","Le lot "&$E7&" n'existe pas sur "&$F7&" (stock 0).",IF($X7="STOCK INSUFFISANT","Disponible avant envoi : "&TEXT($S7,"#,##0.00")&" kg. Ligne NON comptee en stock.",IF($X7="BLOQUE","Total des sorties ("&TEXT($T7,"#,##0.00")&" kg) superieur a la quantite envoyee.",IF($X7="EN COURS","Envoi enregistre, resultats non connus. A completer dans ST_RESULTATS.",IF($X7="A JUSTIFIER","Ecart de "&TEXT($V7,"#,##0.00")&" kg : renseigner JUSTIFICATION ECART (colonne L).",IF($P7="LOT NON REFERENCE","Creer d'abord la fiche du lot dans l'onglet LOTS.","")))))))) -> Envoi enregistre, resultats non connus. A completer dans ST_RESULTATS. | AA7: =IF(OR($Y7=0,$U7>0),0,$G7) -> 200 | AB7: =IF($R7=0,0,IF(OR($E7=R_LOT,COUNTIFS(RES_IDST,$A7,RES_LOTEFF,R_LOT)>0),1,0)) -> 0 | AC7: =IF($AB7=0,"",COUNTIF($AB$5:$AB7,1))
A8: =IF($D8="","","ST-"&TEXT(ROW()-4,"000")) | O8: =IF($E8="","",IFERROR(INDEX(LOT_EXTE,MATCH($E8,LOT_KEY,0)),"")) | P8: =IF($E8="","",IFERROR(INDEX(LOT_PRODE,MATCH($E8,LOT_KEY,0)),"LOT NON REFERENCE")) | Q8: =IF($E8="","",IFERROR(INDEX(LOT_FOURNE,MATCH($E8,LOT_KEY,0)),"")) | R8: =IF($D8="",0,IF(OR($B8="",$C8="",$E8="",NOT(ISNUMBER($G8)),$G8<=0),0,IF($D8="STOCK EXISTANT",IF($F8="",0,1),1))) -> 0 | S8: =IF(OR($R8=0,$D8<>"STOCK EXISTANT"),"",SUMIFS(MVT_BRUT,MVT_LOT,$E8,MVT_EMPL,$F8)+$G8) | T8: =IF($A8="","",SUMIFS(RES_QTEVAL,RES_IDST,$A8)) | U8: =IF($A8="","",COUNTIFS(RES_IDST,$A8)) | V8: =IF(OR($A8="",$U8=0),"",$G8-$T8) | W8: =IF(OR($A8="",$U8=0,NOT(ISNUMBER($G8)),$G8<=0),"",$T8/$G8) | X8: =IF($D8="","",IF($R8=0,"DONNEES MANQUANTES",IF($D8="STOCK EXISTANT",IF($S8<=0,"EMPLACEMENT INCOHERENT",IF($G8>$S8+0.001,"STOCK INSUFFISANT",IF($U8=0,"EN COURS",IF($T8>$G8+0.001,"BLOQUE",IF(AND($V8>P_TOL,$L8=""),"A JUSTIFIER","OK"))))),IF($U8=0,"EN COURS",IF($T8>$G8+0.001,"BLOQUE",IF(AND($V8>P_TOL,$L8=""),"A JUSTIFIER","OK")))))) | Y8: =IF(OR($X8="",$X8="DONNEES MANQUANTES",$X8="EMPLACEMENT INCOHERENT",$X8="STOCK INSUFFISANT"),0,1) -> 0 | Z8: =IF($D8="","",IF($R8=0,"A COMPLETER : "&IF($B8="","DATE ENVOI; ","")&IF($C8="","SOUS-TRAITANT; ","")&IF($E8="","LOT SOURCE; ","")&IF(OR(NOT(ISNUMBER($G8)),$G8<=0),"QTE ENVOYEE > 0; ","")&IF(AND($D8="STOCK EXISTANT",$F8=""),"EMPL. SOURCE; ",""),IF($X8="EMPLACEMENT INCOHERENT","Le lot "&$E8&" n'existe pas sur "&$F8&" (stock 0).",IF($X8="STOCK INSUFFISANT","Disponible avant envoi : "&TEXT($S8,"#,##0.00")&" kg. Ligne NON comptee en stock.",IF($X8="BLOQUE","Total des sorties ("&TEXT($T8,"#,##0.00")&" kg) superieur a la quantite envoyee.",IF($X8="EN COURS","Envoi enregistre, resultats non connus. A completer dans ST_RESULTATS.",IF($X8="A JUSTIFIER","Ecart de "&TEXT($V8,"#,##0.00")&" kg : renseigner JUSTIFICATION ECART (colonne L).",IF($P8="LOT NON REFERENCE","Creer d'abord la fiche du lot dans l'onglet LOTS.","")))))))) | AA8: =IF(OR($Y8=0,$U8>0),0,$G8) -> 0 | AB8: =IF($R8=0,0,IF(OR($E8=R_LOT,COUNTIFS(RES_IDST,$A8,RES_LOTEFF,R_LOT)>0),1,0)) -> 0 | AC8: =IF($AB8=0,"",COUNTIF($AB$5:$AB8,1))
A9: =IF($D9="","","ST-"&TEXT(ROW()-4,"000")) | O9: =IF($E9="","",IFERROR(INDEX(LOT_EXTE,MATCH($E9,LOT_KEY,0)),"")) | P9: =IF($E9="","",IFERROR(INDEX(LOT_PRODE,MATCH($E9,LOT_KEY,0)),"LOT NON REFERENCE")) | Q9: =IF($E9="","",IFERROR(INDEX(LOT_FOURNE,MATCH($E9,LOT_KEY,0)),"")) | R9: =IF($D9="",0,IF(OR($B9="",$C9="",$E9="",NOT(ISNUMBER($G9)),$G9<=0),0,IF($D9="STOCK EXISTANT",IF($F9="",0,1),1))) -> 0 | S9: =IF(OR($R9=0,$D9<>"STOCK EXISTANT"),"",SUMIFS(MVT_BRUT,MVT_LOT,$E9,MVT_EMPL,$F9)+$G9) | T9: =IF($A9="","",SUMIFS(RES_QTEVAL,RES_IDST,$A9)) | U9: =IF($A9="","",COUNTIFS(RES_IDST,$A9)) | V9: =IF(OR($A9="",$U9=0),"",$G9-$T9) | W9: =IF(OR($A9="",$U9=0,NOT(ISNUMBER($G9)),$G9<=0),"",$T9/$G9) | X9: =IF($D9="","",IF($R9=0,"DONNEES MANQUANTES",IF($D9="STOCK EXISTANT",IF($S9<=0,"EMPLACEMENT INCOHERENT",IF($G9>$S9+0.001,"STOCK INSUFFISANT",IF($U9=0,"EN COURS",IF($T9>$G9+0.001,"BLOQUE",IF(AND($V9>P_TOL,$L9=""),"A JUSTIFIER","OK"))))),IF($U9=0,"EN COURS",IF($T9>$G9+0.001,"BLOQUE",IF(AND($V9>P_TOL,$L9=""),"A JUSTIFIER","OK")))))) | Y9: =IF(OR($X9="",$X9="DONNEES MANQUANTES",$X9="EMPLACEMENT INCOHERENT",$X9="STOCK INSUFFISANT"),0,1) -> 0 | Z9: =IF($D9="","",IF($R9=0,"A COMPLETER : "&IF($B9="","DATE ENVOI; ","")&IF($C9="","SOUS-TRAITANT; ","")&IF($E9="","LOT SOURCE; ","")&IF(OR(NOT(ISNUMBER($G9)),$G9<=0),"QTE ENVOYEE > 0; ","")&IF(AND($D9="STOCK EXISTANT",$F9=""),"EMPL. SOURCE; ",""),IF($X9="EMPLACEMENT INCOHERENT","Le lot "&$E9&" n'existe pas sur "&$F9&" (stock 0).",IF($X9="STOCK INSUFFISANT","Disponible avant envoi : "&TEXT($S9,"#,##0.00")&" kg. Ligne NON comptee en stock.",IF($X9="BLOQUE","Total des sorties ("&TEXT($T9,"#,##0.00")&" kg) superieur a la quantite envoyee.",IF($X9="EN COURS","Envoi enregistre, resultats non connus. A completer dans ST_RESULTATS.",IF($X9="A JUSTIFIER","Ecart de "&TEXT($V9,"#,##0.00")&" kg : renseigner JUSTIFICATION ECART (colonne L).",IF($P9="LOT NON REFERENCE","Creer d'abord la fiche du lot dans l'onglet LOTS.","")))))))) | AA9: =IF(OR($Y9=0,$U9>0),0,$G9) -> 0 | AB9: =IF($R9=0,0,IF(OR($E9=R_LOT,COUNTIFS(RES_IDST,$A9,RES_LOTEFF,R_LOT)>0),1,0)) -> 0 | AC9: =IF($AB9=0,"",COUNTIF($AB$5:$AB9,1))
A10: =IF($D10="","","ST-"&TEXT(ROW()-4,"000")) | O10: =IF($E10="","",IFERROR(INDEX(LOT_EXTE,MATCH($E10,LOT_KEY,0)),"")) | P10: =IF($E10="","",IFERROR(INDEX(LOT_PRODE,MATCH($E10,LOT_KEY,0)),"LOT NON REFERENCE")) | Q10: =IF($E10="","",IFERROR(INDEX(LOT_FOURNE,MATCH($E10,LOT_KEY,0)),"")) | R10: =IF($D10="",0,IF(OR($B10="",$C10="",$E10="",NOT(ISNUMBER($G10)),$G10<=0),0,IF($D10="STOCK EXISTANT",IF($F10="",0,1),1))) -> 0 | S10: =IF(OR($R10=0,$D10<>"STOCK EXISTANT"),"",SUMIFS(MVT_BRUT,MVT_LOT,$E10,MVT_EMPL,$F10)+$G10) | T10: =IF($A10="","",SUMIFS(RES_QTEVAL,RES_IDST,$A10)) | U10: =IF($A10="","",COUNTIFS(RES_IDST,$A10)) | V10: =IF(OR($A10="",$U10=0),"",$G10-$T10) | W10: =IF(OR($A10="",$U10=0,NOT(ISNUMBER($G10)),$G10<=0),"",$T10/$G10) | X10: =IF($D10="","",IF($R10=0,"DONNEES MANQUANTES",IF($D10="STOCK EXISTANT",IF($S10<=0,"EMPLACEMENT INCOHERENT",IF($G10>$S10+0.001,"STOCK INSUFFISANT",IF($U10=0,"EN COURS",IF($T10>$G10+0.001,"BLOQUE",IF(AND($V10>P_TOL,$L10=""),"A JUSTIFIER","OK"))))),IF($U10=0,"EN COURS",IF($T10>$G10+0.001,"BLOQUE",IF(AND($V10>P_TOL,$L10=""),"A JUSTIFIER","OK")))))) | Y10: =IF(OR($X10="",$X10="DONNEES MANQUANTES",$X10="EMPLACEMENT INCOHERENT",$X10="STOCK INSUFFISANT"),0,1) -> 0 | Z10: =IF($D10="","",IF($R10=0,"A COMPLETER : "&IF($B10="","DATE ENVOI; ","")&IF($C10="","SOUS-TRAITANT; ","")&IF($E10="","LOT SOURCE; ","")&IF(OR(NOT(ISNUMBER($G10)),$G10<=0),"QTE ENVOYEE > 0; ","")&IF(AND($D10="STOCK EXISTANT",$F10=""),"EMPL. SOURCE; ",""),IF($X10="EMPLACEMENT INCOHERENT","Le lot "&$E10&" n'existe pas sur "&$F10&" (stock 0).",IF($X10="STOCK INSUFFISANT","Disponible avant envoi : "&TEXT($S10,"#,##0.00")&" kg. Ligne NON comptee en stock.",IF($X10="BLOQUE","Total des sorties ("&TEXT($T10,"#,##0.00")&" kg) superieur a la quantite envoyee.",IF($X10="EN COURS","Envoi enregistre, resultats non connus. A completer dans ST_RESULTATS.",IF($X10="A JUSTIFIER","Ecart de "&TEXT($V10,"#,##0.00")&" kg : renseigner JUSTIFICATION ECART (colonne L).",IF($P10="LOT NON REFERENCE","Creer d'abord la fiche du lot dans l'onglet LOTS.","")))))))) | AA10: =IF(OR($Y10=0,$U10>0),0,$G10) -> 0 | AB10: =IF($R10=0,0,IF(OR($E10=R_LOT,COUNTIFS(RES_IDST,$A10,RES_LOTEFF,R_LOT)>0),1,0)) -> 0 | AC10: =IF($AB10=0,"",COUNTIF($AB$5:$AB10,1))
A11: =IF($D11="","","ST-"&TEXT(ROW()-4,"000")) | O11: =IF($E11="","",IFERROR(INDEX(LOT_EXTE,MATCH($E11,LOT_KEY,0)),"")) | P11: =IF($E11="","",IFERROR(INDEX(LOT_PRODE,MATCH($E11,LOT_KEY,0)),"LOT NON REFERENCE")) | Q11: =IF($E11="","",IFERROR(INDEX(LOT_FOURNE,MATCH($E11,LOT_KEY,0)),"")) | R11: =IF($D11="",0,IF(OR($B11="",$C11="",$E11="",NOT(ISNUMBER($G11)),$G11<=0),0,IF($D11="STOCK EXISTANT",IF($F11="",0,1),1))) -> 0 | S11: =IF(OR($R11=0,$D11<>"STOCK EXISTANT"),"",SUMIFS(MVT_BRUT,MVT_LOT,$E11,MVT_EMPL,$F11)+$G11) | T11: =IF($A11="","",SUMIFS(RES_QTEVAL,RES_IDST,$A11)) | U11: =IF($A11="","",COUNTIFS(RES_IDST,$A11)) | V11: =IF(OR($A11="",$U11=0),"",$G11-$T11) | W11: =IF(OR($A11="",$U11=0,NOT(ISNUMBER($G11)),$G11<=0),"",$T11/$G11) | X11: =IF($D11="","",IF($R11=0,"DONNEES MANQUANTES",IF($D11="STOCK EXISTANT",IF($S11<=0,"EMPLACEMENT INCOHERENT",IF($G11>$S11+0.001,"STOCK INSUFFISANT",IF($U11=0,"EN COURS",IF($T11>$G11+0.001,"BLOQUE",IF(AND($V11>P_TOL,$L11=""),"A JUSTIFIER","OK"))))),IF($U11=0,"EN COURS",IF($T11>$G11+0.001,"BLOQUE",IF(AND($V11>P_TOL,$L11=""),"A JUSTIFIER","OK")))))) | Y11: =IF(OR($X11="",$X11="DONNEES MANQUANTES",$X11="EMPLACEMENT INCOHERENT",$X11="STOCK INSUFFISANT"),0,1) -> 0 | Z11: =IF($D11="","",IF($R11=0,"A COMPLETER : "&IF($B11="","DATE ENVOI; ","")&IF($C11="","SOUS-TRAITANT; ","")&IF($E11="","LOT SOURCE; ","")&IF(OR(NOT(ISNUMBER($G11)),$G11<=0),"QTE ENVOYEE > 0; ","")&IF(AND($D11="STOCK EXISTANT",$F11=""),"EMPL. SOURCE; ",""),IF($X11="EMPLACEMENT INCOHERENT","Le lot "&$E11&" n'existe pas sur "&$F11&" (stock 0).",IF($X11="STOCK INSUFFISANT","Disponible avant envoi : "&TEXT($S11,"#,##0.00")&" kg. Ligne NON comptee en stock.",IF($X11="BLOQUE","Total des sorties ("&TEXT($T11,"#,##0.00")&" kg) superieur a la quantite envoyee.",IF($X11="EN COURS","Envoi enregistre, resultats non connus. A completer dans ST_RESULTATS.",IF($X11="A JUSTIFIER","Ecart de "&TEXT($V11,"#,##0.00")&" kg : renseigner JUSTIFICATION ECART (colonne L).",IF($P11="LOT NON REFERENCE","Creer d'abord la fiche du lot dans l'onglet LOTS.","")))))))) | AA11: =IF(OR($Y11=0,$U11>0),0,$G11) -> 0 | AB11: =IF($R11=0,0,IF(OR($E11=R_LOT,COUNTIFS(RES_IDST,$A11,RES_LOTEFF,R_LOT)>0),1,0)) -> 0 | AC11: =IF($AB11=0,"",COUNTIF($AB$5:$AB11,1))
A12: =IF($D12="","","ST-"&TEXT(ROW()-4,"000")) | O12: =IF($E12="","",IFERROR(INDEX(LOT_EXTE,MATCH($E12,LOT_KEY,0)),"")) | P12: =IF($E12="","",IFERROR(INDEX(LOT_PRODE,MATCH($E12,LOT_KEY,0)),"LOT NON REFERENCE")) | Q12: =IF($E12="","",IFERROR(INDEX(LOT_FOURNE,MATCH($E12,LOT_KEY,0)),"")) | R12: =IF($D12="",0,IF(OR($B12="",$C12="",$E12="",NOT(ISNUMBER($G12)),$G12<=0),0,IF($D12="STOCK EXISTANT",IF($F12="",0,1),1))) -> 0 | S12: =IF(OR($R12=0,$D12<>"STOCK EXISTANT"),"",SUMIFS(MVT_BRUT,MVT_LOT,$E12,MVT_EMPL,$F12)+$G12) | T12: =IF($A12="","",SUMIFS(RES_QTEVAL,RES_IDST,$A12)) | U12: =IF($A12="","",COUNTIFS(RES_IDST,$A12)) | V12: =IF(OR($A12="",$U12=0),"",$G12-$T12) | W12: =IF(OR($A12="",$U12=0,NOT(ISNUMBER($G12)),$G12<=0),"",$T12/$G12) | X12: =IF($D12="","",IF($R12=0,"DONNEES MANQUANTES",IF($D12="STOCK EXISTANT",IF($S12<=0,"EMPLACEMENT INCOHERENT",IF($G12>$S12+0.001,"STOCK INSUFFISANT",IF($U12=0,"EN COURS",IF($T12>$G12+0.001,"BLOQUE",IF(AND($V12>P_TOL,$L12=""),"A JUSTIFIER","OK"))))),IF($U12=0,"EN COURS",IF($T12>$G12+0.001,"BLOQUE",IF(AND($V12>P_TOL,$L12=""),"A JUSTIFIER","OK")))))) | Y12: =IF(OR($X12="",$X12="DONNEES MANQUANTES",$X12="EMPLACEMENT INCOHERENT",$X12="STOCK INSUFFISANT"),0,1) -> 0 | Z12: =IF($D12="","",IF($R12=0,"A COMPLETER : "&IF($B12="","DATE ENVOI; ","")&IF($C12="","SOUS-TRAITANT; ","")&IF($E12="","LOT SOURCE; ","")&IF(OR(NOT(ISNUMBER($G12)),$G12<=0),"QTE ENVOYEE > 0; ","")&IF(AND($D12="STOCK EXISTANT",$F12=""),"EMPL. SOURCE; ",""),IF($X12="EMPLACEMENT INCOHERENT","Le lot "&$E12&" n'existe pas sur "&$F12&" (stock 0).",IF($X12="STOCK INSUFFISANT","Disponible avant envoi : "&TEXT($S12,"#,##0.00")&" kg. Ligne NON comptee en stock.",IF($X12="BLOQUE","Total des sorties ("&TEXT($T12,"#,##0.00")&" kg) superieur a la quantite envoyee.",IF($X12="EN COURS","Envoi enregistre, resultats non connus. A completer dans ST_RESULTATS.",IF($X12="A JUSTIFIER","Ecart de "&TEXT($V12,"#,##0.00")&" kg : renseigner JUSTIFICATION ECART (colonne L).",IF($P12="LOT NON REFERENCE","Creer d'abord la fiche du lot dans l'onglet LOTS.","")))))))) | AA12: =IF(OR($Y12=0,$U12>0),0,$G12) -> 0 | AB12: =IF($R12=0,0,IF(OR($E12=R_LOT,COUNTIFS(RES_IDST,$A12,RES_LOTEFF,R_LOT)>0),1,0)) -> 0 | AC12: =IF($AB12=0,"",COUNTIF($AB$5:$AB12,1))
A13: =IF($D13="","","ST-"&TEXT(ROW()-4,"000")) | O13: =IF($E13="","",IFERROR(INDEX(LOT_EXTE,MATCH($E13,LOT_KEY,0)),"")) | P13: =IF($E13="","",IFERROR(INDEX(LOT_PRODE,MATCH($E13,LOT_KEY,0)),"LOT NON REFERENCE")) | Q13: =IF($E13="","",IFERROR(INDEX(LOT_FOURNE,MATCH($E13,LOT_KEY,0)),"")) | R13: =IF($D13="",0,IF(OR($B13="",$C13="",$E13="",NOT(ISNUMBER($G13)),$G13<=0),0,IF($D13="STOCK EXISTANT",IF($F13="",0,1),1))) -> 0 | S13: =IF(OR($R13=0,$D13<>"STOCK EXISTANT"),"",SUMIFS(MVT_BRUT,MVT_LOT,$E13,MVT_EMPL,$F13)+$G13) | T13: =IF($A13="","",SUMIFS(RES_QTEVAL,RES_IDST,$A13)) | U13: =IF($A13="","",COUNTIFS(RES_IDST,$A13)) | V13: =IF(OR($A13="",$U13=0),"",$G13-$T13) | W13: =IF(OR($A13="",$U13=0,NOT(ISNUMBER($G13)),$G13<=0),"",$T13/$G13) | X13: =IF($D13="","",IF($R13=0,"DONNEES MANQUANTES",IF($D13="STOCK EXISTANT",IF($S13<=0,"EMPLACEMENT INCOHERENT",IF($G13>$S13+0.001,"STOCK INSUFFISANT",IF($U13=0,"EN COURS",IF($T13>$G13+0.001,"BLOQUE",IF(AND($V13>P_TOL,$L13=""),"A JUSTIFIER","OK"))))),IF($U13=0,"EN COURS",IF($T13>$G13+0.001,"BLOQUE",IF(AND($V13>P_TOL,$L13=""),"A JUSTIFIER","OK")))))) | Y13: =IF(OR($X13="",$X13="DONNEES MANQUANTES",$X13="EMPLACEMENT INCOHERENT",$X13="STOCK INSUFFISANT"),0,1) -> 0 | Z13: =IF($D13="","",IF($R13=0,"A COMPLETER : "&IF($B13="","DATE ENVOI; ","")&IF($C13="","SOUS-TRAITANT; ","")&IF($E13="","LOT SOURCE; ","")&IF(OR(NOT(ISNUMBER($G13)),$G13<=0),"QTE ENVOYEE > 0; ","")&IF(AND($D13="STOCK EXISTANT",$F13=""),"EMPL. SOURCE; ",""),IF($X13="EMPLACEMENT INCOHERENT","Le lot "&$E13&" n'existe pas sur "&$F13&" (stock 0).",IF($X13="STOCK INSUFFISANT","Disponible avant envoi : "&TEXT($S13,"#,##0.00")&" kg. Ligne NON comptee en stock.",IF($X13="BLOQUE","Total des sorties ("&TEXT($T13,"#,##0.00")&" kg) superieur a la quantite envoyee.",IF($X13="EN COURS","Envoi enregistre, resultats non connus. A completer dans ST_RESULTATS.",IF($X13="A JUSTIFIER","Ecart de "&TEXT($V13,"#,##0.00")&" kg : renseigner JUSTIFICATION ECART (colonne L).",IF($P13="LOT NON REFERENCE","Creer d'abord la fiche du lot dans l'onglet LOTS.","")))))))) | AA13: =IF(OR($Y13=0,$U13>0),0,$G13) -> 0 | AB13: =IF($R13=0,0,IF(OR($E13=R_LOT,COUNTIFS(RES_IDST,$A13,RES_LOTEFF,R_LOT)>0),1,0)) -> 0 | AC13: =IF($AB13=0,"",COUNTIF($AB$5:$AB13,1))
A14: =IF($D14="","","ST-"&TEXT(ROW()-4,"000")) | O14: =IF($E14="","",IFERROR(INDEX(LOT_EXTE,MATCH($E14,LOT_KEY,0)),"")) | P14: =IF($E14="","",IFERROR(INDEX(LOT_PRODE,MATCH($E14,LOT_KEY,0)),"LOT NON REFERENCE")) | Q14: =IF($E14="","",IFERROR(INDEX(LOT_FOURNE,MATCH($E14,LOT_KEY,0)),"")) | R14: =IF($D14="",0,IF(OR($B14="",$C14="",$E14="",NOT(ISNUMBER($G14)),$G14<=0),0,IF($D14="STOCK EXISTANT",IF($F14="",0,1),1))) -> 0 | S14: =IF(OR($R14=0,$D14<>"STOCK EXISTANT"),"",SUMIFS(MVT_BRUT,MVT_LOT,$E14,MVT_EMPL,$F14)+$G14) | T14: =IF($A14="","",SUMIFS(RES_QTEVAL,RES_IDST,$A14)) | U14: =IF($A14="","",COUNTIFS(RES_IDST,$A14)) | V14: =IF(OR($A14="",$U14=0),"",$G14-$T14) | W14: =IF(OR($A14="",$U14=0,NOT(ISNUMBER($G14)),$G14<=0),"",$T14/$G14) | X14: =IF($D14="","",IF($R14=0,"DONNEES MANQUANTES",IF($D14="STOCK EXISTANT",IF($S14<=0,"EMPLACEMENT INCOHERENT",IF($G14>$S14+0.001,"STOCK INSUFFISANT",IF($U14=0,"EN COURS",IF($T14>$G14+0.001,"BLOQUE",IF(AND($V14>P_TOL,$L14=""),"A JUSTIFIER","OK"))))),IF($U14=0,"EN COURS",IF($T14>$G14+0.001,"BLOQUE",IF(AND($V14>P_TOL,$L14=""),"A JUSTIFIER","OK")))))) | Y14: =IF(OR($X14="",$X14="DONNEES MANQUANTES",$X14="EMPLACEMENT INCOHERENT",$X14="STOCK INSUFFISANT"),0,1) -> 0 | Z14: =IF($D14="","",IF($R14=0,"A COMPLETER : "&IF($B14="","DATE ENVOI; ","")&IF($C14="","SOUS-TRAITANT; ","")&IF($E14="","LOT SOURCE; ","")&IF(OR(NOT(ISNUMBER($G14)),$G14<=0),"QTE ENVOYEE > 0; ","")&IF(AND($D14="STOCK EXISTANT",$F14=""),"EMPL. SOURCE; ",""),IF($X14="EMPLACEMENT INCOHERENT","Le lot "&$E14&" n'existe pas sur "&$F14&" (stock 0).",IF($X14="STOCK INSUFFISANT","Disponible avant envoi : "&TEXT($S14,"#,##0.00")&" kg. Ligne NON comptee en stock.",IF($X14="BLOQUE","Total des sorties ("&TEXT($T14,"#,##0.00")&" kg) superieur a la quantite envoyee.",IF($X14="EN COURS","Envoi enregistre, resultats non connus. A completer dans ST_RESULTATS.",IF($X14="A JUSTIFIER","Ecart de "&TEXT($V14,"#,##0.00")&" kg : renseigner JUSTIFICATION ECART (colonne L).",IF($P14="LOT NON REFERENCE","Creer d'abord la fiche du lot dans l'onglet LOTS.","")))))))) | AA14: =IF(OR($Y14=0,$U14>0),0,$G14) -> 0 | AB14: =IF($R14=0,0,IF(OR($E14=R_LOT,COUNTIFS(RES_IDST,$A14,RES_LOTEFF,R_LOT)>0),1,0)) -> 0 | AC14: =IF($AB14=0,"",COUNTIF($AB$5:$AB14,1))
A15: =IF($D15="","","ST-"&TEXT(ROW()-4,"000")) | O15: =IF($E15="","",IFERROR(INDEX(LOT_EXTE,MATCH($E15,LOT_KEY,0)),"")) | P15: =IF($E15="","",IFERROR(INDEX(LOT_PRODE,MATCH($E15,LOT_KEY,0)),"LOT NON REFERENCE")) | Q15: =IF($E15="","",IFERROR(INDEX(LOT_FOURNE,MATCH($E15,LOT_KEY,0)),"")) | R15: =IF($D15="",0,IF(OR($B15="",$C15="",$E15="",NOT(ISNUMBER($G15)),$G15<=0),0,IF($D15="STOCK EXISTANT",IF($F15="",0,1),1))) -> 0 | S15: =IF(OR($R15=0,$D15<>"STOCK EXISTANT"),"",SUMIFS(MVT_BRUT,MVT_LOT,$E15,MVT_EMPL,$F15)+$G15) | T15: =IF($A15="","",SUMIFS(RES_QTEVAL,RES_IDST,$A15)) | U15: =IF($A15="","",COUNTIFS(RES_IDST,$A15)) | V15: =IF(OR($A15="",$U15=0),"",$G15-$T15) | W15: =IF(OR($A15="",$U15=0,NOT(ISNUMBER($G15)),$G15<=0),"",$T15/$G15) | X15: =IF($D15="","",IF($R15=0,"DONNEES MANQUANTES",IF($D15="STOCK EXISTANT",IF($S15<=0,"EMPLACEMENT INCOHERENT",IF($G15>$S15+0.001,"STOCK INSUFFISANT",IF($U15=0,"EN COURS",IF($T15>$G15+0.001,"BLOQUE",IF(AND($V15>P_TOL,$L15=""),"A JUSTIFIER","OK"))))),IF($U15=0,"EN COURS",IF($T15>$G15+0.001,"BLOQUE",IF(AND($V15>P_TOL,$L15=""),"A JUSTIFIER","OK")))))) | Y15: =IF(OR($X15="",$X15="DONNEES MANQUANTES",$X15="EMPLACEMENT INCOHERENT",$X15="STOCK INSUFFISANT"),0,1) -> 0 | Z15: =IF($D15="","",IF($R15=0,"A COMPLETER : "&IF($B15="","DATE ENVOI; ","")&IF($C15="","SOUS-TRAITANT; ","")&IF($E15="","LOT SOURCE; ","")&IF(OR(NOT(ISNUMBER($G15)),$G15<=0),"QTE ENVOYEE > 0; ","")&IF(AND($D15="STOCK EXISTANT",$F15=""),"EMPL. SOURCE; ",""),IF($X15="EMPLACEMENT INCOHERENT","Le lot "&$E15&" n'existe pas sur "&$F15&" (stock 0).",IF($X15="STOCK INSUFFISANT","Disponible avant envoi : "&TEXT($S15,"#,##0.00")&" kg. Ligne NON comptee en stock.",IF($X15="BLOQUE","Total des sorties ("&TEXT($T15,"#,##0.00")&" kg) superieur a la quantite envoyee.",IF($X15="EN COURS","Envoi enregistre, resultats non connus. A completer dans ST_RESULTATS.",IF($X15="A JUSTIFIER","Ecart de "&TEXT($V15,"#,##0.00")&" kg : renseigner JUSTIFICATION ECART (colonne L).",IF($P15="LOT NON REFERENCE","Creer d'abord la fiche du lot dans l'onglet LOTS.","")))))))) | AA15: =IF(OR($Y15=0,$U15>0),0,$G15) -> 0 | AB15: =IF($R15=0,0,IF(OR($E15=R_LOT,COUNTIFS(RES_IDST,$A15,RES_LOTEFF,R_LOT)>0),1,0)) -> 0 | AC15: =IF($AB15=0,"",COUNTIF($AB$5:$AB15,1))
A16: =IF($D16="","","ST-"&TEXT(ROW()-4,"000")) | O16: =IF($E16="","",IFERROR(INDEX(LOT_EXTE,MATCH($E16,LOT_KEY,0)),"")) | P16: =IF($E16="","",IFERROR(INDEX(LOT_PRODE,MATCH($E16,LOT_KEY,0)),"LOT NON REFERENCE")) | Q16: =IF($E16="","",IFERROR(INDEX(LOT_FOURNE,MATCH($E16,LOT_KEY,0)),"")) | R16: =IF($D16="",0,IF(OR($B16="",$C16="",$E16="",NOT(ISNUMBER($G16)),$G16<=0),0,IF($D16="STOCK EXISTANT",IF($F16="",0,1),1))) -> 0 | S16: =IF(OR($R16=0,$D16<>"STOCK EXISTANT"),"",SUMIFS(MVT_BRUT,MVT_LOT,$E16,MVT_EMPL,$F16)+$G16) | T16: =IF($A16="","",SUMIFS(RES_QTEVAL,RES_IDST,$A16)) | U16: =IF($A16="","",COUNTIFS(RES_IDST,$A16)) | V16: =IF(OR($A16="",$U16=0),"",$G16-$T16) | W16: =IF(OR($A16="",$U16=0,NOT(ISNUMBER($G16)),$G16<=0),"",$T16/$G16) | X16: =IF($D16="","",IF($R16=0,"DONNEES MANQUANTES",IF($D16="STOCK EXISTANT",IF($S16<=0,"EMPLACEMENT INCOHERENT",IF($G16>$S16+0.001,"STOCK INSUFFISANT",IF($U16=0,"EN COURS",IF($T16>$G16+0.001,"BLOQUE",IF(AND($V16>P_TOL,$L16=""),"A JUSTIFIER","OK"))))),IF($U16=0,"EN COURS",IF($T16>$G16+0.001,"BLOQUE",IF(AND($V16>P_TOL,$L16=""),"A JUSTIFIER","OK")))))) | Y16: =IF(OR($X16="",$X16="DONNEES MANQUANTES",$X16="EMPLACEMENT INCOHERENT",$X16="STOCK INSUFFISANT"),0,1) -> 0 | Z16: =IF($D16="","",IF($R16=0,"A COMPLETER : "&IF($B16="","DATE ENVOI; ","")&IF($C16="","SOUS-TRAITANT; ","")&IF($E16="","LOT SOURCE; ","")&IF(OR(NOT(ISNUMBER($G16)),$G16<=0),"QTE ENVOYEE > 0; ","")&IF(AND($D16="STOCK EXISTANT",$F16=""),"EMPL. SOURCE; ",""),IF($X16="EMPLACEMENT INCOHERENT","Le lot "&$E16&" n'existe pas sur "&$F16&" (stock 0).",IF($X16="STOCK INSUFFISANT","Disponible avant envoi : "&TEXT($S16,"#,##0.00")&" kg. Ligne NON comptee en stock.",IF($X16="BLOQUE","Total des sorties ("&TEXT($T16,"#,##0.00")&" kg) superieur a la quantite envoyee.",IF($X16="EN COURS","Envoi enregistre, resultats non connus. A completer dans ST_RESULTATS.",IF($X16="A JUSTIFIER","Ecart de "&TEXT($V16,"#,##0.00")&" kg : renseigner JUSTIFICATION ECART (colonne L).",IF($P16="LOT NON REFERENCE","Creer d'abord la fiche du lot dans l'onglet LOTS.","")))))))) | AA16: =IF(OR($Y16=0,$U16>0),0,$G16) -> 0 | AB16: =IF($R16=0,0,IF(OR($E16=R_LOT,COUNTIFS(RES_IDST,$A16,RES_LOTEFF,R_LOT)>0),1,0)) -> 0 | AC16: =IF($AB16=0,"",COUNTIF($AB$5:$AB16,1))
A17: =IF($D17="","","ST-"&TEXT(ROW()-4,"000")) | O17: =IF($E17="","",IFERROR(INDEX(LOT_EXTE,MATCH($E17,LOT_KEY,0)),"")) | P17: =IF($E17="","",IFERROR(INDEX(LOT_PRODE,MATCH($E17,LOT_KEY,0)),"LOT NON REFERENCE")) | Q17: =IF($E17="","",IFERROR(INDEX(LOT_FOURNE,MATCH($E17,LOT_KEY,0)),"")) | R17: =IF($D17="",0,IF(OR($B17="",$C17="",$E17="",NOT(ISNUMBER($G17)),$G17<=0),0,IF($D17="STOCK EXISTANT",IF($F17="",0,1),1))) -> 0 | S17: =IF(OR($R17=0,$D17<>"STOCK EXISTANT"),"",SUMIFS(MVT_BRUT,MVT_LOT,$E17,MVT_EMPL,$F17)+$G17) | T17: =IF($A17="","",SUMIFS(RES_QTEVAL,RES_IDST,$A17)) | U17: =IF($A17="","",COUNTIFS(RES_IDST,$A17)) | V17: =IF(OR($A17="",$U17=0),"",$G17-$T17) | W17: =IF(OR($A17="",$U17=0,NOT(ISNUMBER($G17)),$G17<=0),"",$T17/$G17) | X17: =IF($D17="","",IF($R17=0,"DONNEES MANQUANTES",IF($D17="STOCK EXISTANT",IF($S17<=0,"EMPLACEMENT INCOHERENT",IF($G17>$S17+0.001,"STOCK INSUFFISANT",IF($U17=0,"EN COURS",IF($T17>$G17+0.001,"BLOQUE",IF(AND($V17>P_TOL,$L17=""),"A JUSTIFIER","OK"))))),IF($U17=0,"EN COURS",IF($T17>$G17+0.001,"BLOQUE",IF(AND($V17>P_TOL,$L17=""),"A JUSTIFIER","OK")))))) | Y17: =IF(OR($X17="",$X17="DONNEES MANQUANTES",$X17="EMPLACEMENT INCOHERENT",$X17="STOCK INSUFFISANT"),0,1) -> 0 | Z17: =IF($D17="","",IF($R17=0,"A COMPLETER : "&IF($B17="","DATE ENVOI; ","")&IF($C17="","SOUS-TRAITANT; ","")&IF($E17="","LOT SOURCE; ","")&IF(OR(NOT(ISNUMBER($G17)),$G17<=0),"QTE ENVOYEE > 0; ","")&IF(AND($D17="STOCK EXISTANT",$F17=""),"EMPL. SOURCE; ",""),IF($X17="EMPLACEMENT INCOHERENT","Le lot "&$E17&" n'existe pas sur "&$F17&" (stock 0).",IF($X17="STOCK INSUFFISANT","Disponible avant envoi : "&TEXT($S17,"#,##0.00")&" kg. Ligne NON comptee en stock.",IF($X17="BLOQUE","Total des sorties ("&TEXT($T17,"#,##0.00")&" kg) superieur a la quantite envoyee.",IF($X17="EN COURS","Envoi enregistre, resultats non connus. A completer dans ST_RESULTATS.",IF($X17="A JUSTIFIER","Ecart de "&TEXT($V17,"#,##0.00")&" kg : renseigner JUSTIFICATION ECART (colonne L).",IF($P17="LOT NON REFERENCE","Creer d'abord la fiche du lot dans l'onglet LOTS.","")))))))) | AA17: =IF(OR($Y17=0,$U17>0),0,$G17) -> 0 | AB17: =IF($R17=0,0,IF(OR($E17=R_LOT,COUNTIFS(RES_IDST,$A17,RES_LOTEFF,R_LOT)>0),1,0)) -> 0 | AC17: =IF($AB17=0,"",COUNTIF($AB$5:$AB17,1))
A18: =IF($D18="","","ST-"&TEXT(ROW()-4,"000")) | O18: =IF($E18="","",IFERROR(INDEX(LOT_EXTE,MATCH($E18,LOT_KEY,0)),"")) | P18: =IF($E18="","",IFERROR(INDEX(LOT_PRODE,MATCH($E18,LOT_KEY,0)),"LOT NON REFERENCE")) | Q18: =IF($E18="","",IFERROR(INDEX(LOT_FOURNE,MATCH($E18,LOT_KEY,0)),"")) | R18: =IF($D18="",0,IF(OR($B18="",$C18="",$E18="",NOT(ISNUMBER($G18)),$G18<=0),0,IF($D18="STOCK EXISTANT",IF($F18="",0,1),1))) -> 0 | S18: =IF(OR($R18=0,$D18<>"STOCK EXISTANT"),"",SUMIFS(MVT_BRUT,MVT_LOT,$E18,MVT_EMPL,$F18)+$G18) | T18: =IF($A18="","",SUMIFS(RES_QTEVAL,RES_IDST,$A18)) | U18: =IF($A18="","",COUNTIFS(RES_IDST,$A18)) | V18: =IF(OR($A18="",$U18=0),"",$G18-$T18) | W18: =IF(OR($A18="",$U18=0,NOT(ISNUMBER($G18)),$G18<=0),"",$T18/$G18) | X18: =IF($D18="","",IF($R18=0,"DONNEES MANQUANTES",IF($D18="STOCK EXISTANT",IF($S18<=0,"EMPLACEMENT INCOHERENT",IF($G18>$S18+0.001,"STOCK INSUFFISANT",IF($U18=0,"EN COURS",IF($T18>$G18+0.001,"BLOQUE",IF(AND($V18>P_TOL,$L18=""),"A JUSTIFIER","OK"))))),IF($U18=0,"EN COURS",IF($T18>$G18+0.001,"BLOQUE",IF(AND($V18>P_TOL,$L18=""),"A JUSTIFIER","OK")))))) | Y18: =IF(OR($X18="",$X18="DONNEES MANQUANTES",$X18="EMPLACEMENT INCOHERENT",$X18="STOCK INSUFFISANT"),0,1) -> 0 | Z18: =IF($D18="","",IF($R18=0,"A COMPLETER : "&IF($B18="","DATE ENVOI; ","")&IF($C18="","SOUS-TRAITANT; ","")&IF($E18="","LOT SOURCE; ","")&IF(OR(NOT(ISNUMBER($G18)),$G18<=0),"QTE ENVOYEE > 0; ","")&IF(AND($D18="STOCK EXISTANT",$F18=""),"EMPL. SOURCE; ",""),IF($X18="EMPLACEMENT INCOHERENT","Le lot "&$E18&" n'existe pas sur "&$F18&" (stock 0).",IF($X18="STOCK INSUFFISANT","Disponible avant envoi : "&TEXT($S18,"#,##0.00")&" kg. Ligne NON comptee en stock.",IF($X18="BLOQUE","Total des sorties ("&TEXT($T18,"#,##0.00")&" kg) superieur a la quantite envoyee.",IF($X18="EN COURS","Envoi enregistre, resultats non connus. A completer dans ST_RESULTATS.",IF($X18="A JUSTIFIER","Ecart de "&TEXT($V18,"#,##0.00")&" kg : renseigner JUSTIFICATION ECART (colonne L).",IF($P18="LOT NON REFERENCE","Creer d'abord la fiche du lot dans l'onglet LOTS.","")))))))) | AA18: =IF(OR($Y18=0,$U18>0),0,$G18) -> 0 | AB18: =IF($R18=0,0,IF(OR($E18=R_LOT,COUNTIFS(RES_IDST,$A18,RES_LOTEFF,R_LOT)>0),1,0)) -> 0 | AC18: =IF($AB18=0,"",COUNTIF($AB$5:$AB18,1))
A19: =IF($D19="","","ST-"&TEXT(ROW()-4,"000")) | O19: =IF($E19="","",IFERROR(INDEX(LOT_EXTE,MATCH($E19,LOT_KEY,0)),"")) | P19: =IF($E19="","",IFERROR(INDEX(LOT_PRODE,MATCH($E19,LOT_KEY,0)),"LOT NON REFERENCE")) | Q19: =IF($E19="","",IFERROR(INDEX(LOT_FOURNE,MATCH($E19,LOT_KEY,0)),"")) | R19: =IF($D19="",0,IF(OR($B19="",$C19="",$E19="",NOT(ISNUMBER($G19)),$G19<=0),0,IF($D19="STOCK EXISTANT",IF($F19="",0,1),1))) -> 0 | S19: =IF(OR($R19=0,$D19<>"STOCK EXISTANT"),"",SUMIFS(MVT_BRUT,MVT_LOT,$E19,MVT_EMPL,$F19)+$G19) | T19: =IF($A19="","",SUMIFS(RES_QTEVAL,RES_IDST,$A19)) | U19: =IF($A19="","",COUNTIFS(RES_IDST,$A19)) | V19: =IF(OR($A19="",$U19=0),"",$G19-$T19) | W19: =IF(OR($A19="",$U19=0,NOT(ISNUMBER($G19)),$G19<=0),"",$T19/$G19) | X19: =IF($D19="","",IF($R19=0,"DONNEES MANQUANTES",IF($D19="STOCK EXISTANT",IF($S19<=0,"EMPLACEMENT INCOHERENT",IF($G19>$S19+0.001,"STOCK INSUFFISANT",IF($U19=0,"EN COURS",IF($T19>$G19+0.001,"BLOQUE",IF(AND($V19>P_TOL,$L19=""),"A JUSTIFIER","OK"))))),IF($U19=0,"EN COURS",IF($T19>$G19+0.001,"BLOQUE",IF(AND($V19>P_TOL,$L19=""),"A JUSTIFIER","OK")))))) | Y19: =IF(OR($X19="",$X19="DONNEES MANQUANTES",$X19="EMPLACEMENT INCOHERENT",$X19="STOCK INSUFFISANT"),0,1) -> 0 | Z19: =IF($D19="","",IF($R19=0,"A COMPLETER : "&IF($B19="","DATE ENVOI; ","")&IF($C19="","SOUS-TRAITANT; ","")&IF($E19="","LOT SOURCE; ","")&IF(OR(NOT(ISNUMBER($G19)),$G19<=0),"QTE ENVOYEE > 0; ","")&IF(AND($D19="STOCK EXISTANT",$F19=""),"EMPL. SOURCE; ",""),IF($X19="EMPLACEMENT INCOHERENT","Le lot "&$E19&" n'existe pas sur "&$F19&" (stock 0).",IF($X19="STOCK INSUFFISANT","Disponible avant envoi : "&TEXT($S19,"#,##0.00")&" kg. Ligne NON comptee en stock.",IF($X19="BLOQUE","Total des sorties ("&TEXT($T19,"#,##0.00")&" kg) superieur a la quantite envoyee.",IF($X19="EN COURS","Envoi enregistre, resultats non connus. A completer dans ST_RESULTATS.",IF($X19="A JUSTIFIER","Ecart de "&TEXT($V19,"#,##0.00")&" kg : renseigner JUSTIFICATION ECART (colonne L).",IF($P19="LOT NON REFERENCE","Creer d'abord la fiche du lot dans l'onglet LOTS.","")))))))) | AA19: =IF(OR($Y19=0,$U19>0),0,$G19) -> 0 | AB19: =IF($R19=0,0,IF(OR($E19=R_LOT,COUNTIFS(RES_IDST,$A19,RES_LOTEFF,R_LOT)>0),1,0)) -> 0 | AC19: =IF($AB19=0,"",COUNTIF($AB$5:$AB19,1))
... A154: =IF($D154="","","ST-"&TEXT(ROW()-4,"000")) | O154: =IF($E154="","",IFERROR(INDEX(LOT_EXTE,MATCH($E154,LOT_KEY,0)),"")) | P154: =IF($E154="","",IFERROR(INDEX(LOT_PRODE,MATCH($E154,LOT_KEY,0)),"LOT NON REFERENCE")) | Q154: =IF($E154="","",IFERROR(INDEX(LOT_FOURNE,MATCH($E154,LOT_KEY,0)),"")) | R154: =IF($D154="",0,IF(OR($B154="",$C154="",$E154="",NOT(ISNUMBER($G154)),$G154<=0),0,IF($D154="STOCK EXISTANT",IF($F154="",0,1),1))) -> 0 | S154: =IF(OR($R154=0,$D154<>"STOCK EXISTANT"),"",SUMIFS(MVT_BRUT,MVT_LOT,$E154,MVT_EMPL,$F154)+$G154) | T154: =IF($A154="","",SUMIFS(RES_QTEVAL,RES_IDST,$A154)) | U154: =IF($A154="","",COUNTIFS(RES_IDST,$A154)) | V154: =IF(OR($A154="",$U154=0),"",$G154-$T154) | W154: =IF(OR($A154="",$U154=0,NOT(ISNUMBER($G154)),$G154<=0),"",$T154/$G154) | X154: =IF($D154="","",IF($R154=0,"DONNEES MANQUANTES",IF($D154="STOCK EXISTANT",IF($S154<=0,"EMPLACEMENT INCOHERENT",IF($G154>$S154+0.001,"STOCK INSUFFISANT",IF($U154=0,"EN COURS",IF($T154>$G154+0.001,"BLOQUE",IF(AND($V154>P_TOL,$L154=""),"A JUSTIFIER","OK"))))),IF($U154=0,"EN COURS",IF($T154>$G154+0.001,"BLOQUE",IF(AND($V154>P_TOL,$L154=""),"A JUSTIFIER","OK")))))) | Y154: =IF(OR($X154="",$X154="DONNEES MANQUANTES",$X154="EMPLACEMENT INCOHERENT",$X154="STOCK INSUFFISANT"),0,1) -> 0 | Z154: =IF($D154="","",IF($R154=0,"A COMPLETER : "&IF($B154="","DATE ENVOI; ","")&IF($C154="","SOUS-TRAITANT; ","")&IF($E154="","LOT SOURCE; ","")&IF(OR(NOT(ISNUMBER($G154)),$G154<=0),"QTE ENVOYEE > 0; ","")&IF(AND($D154="STOCK EXISTANT",$F154=""),"EMPL. SOURCE; ",""),IF($X154="EMPLACEMENT INCOHERENT","Le lot "&$E154&" n'existe pas sur "&$F154&" (stock 0).",IF($X154="STOCK INSUFFISANT","Disponible avant envoi : "&TEXT($S154,"#,##0.00")&" kg. Ligne NON comptee en stock.",IF($X154="BLOQUE","Total des sorties ("&TEXT($T154,"#,##0.00")&" kg) superieur a la quantite envoyee.",IF($X154="EN COURS","Envoi enregistre, resultats non connus. A completer dans ST_RESULTATS.",IF($X154="A JUSTIFIER","Ecart de "&TEXT($V154,"#,##0.00")&" kg : renseigner JUSTIFICATION ECART (colonne L).",IF($P154="LOT NON REFERENCE","Creer d'abord la fiche du lot dans l'onglet LOTS.","")))))))) | AA154: =IF(OR($Y154=0,$U154>0),0,$G154) -> 0 | AB154: =IF($R154=0,0,IF(OR($E154=R_LOT,COUNTIFS(RES_IDST,$A154,RES_LOTEFF,R_LOT)>0),1,0)) -> 0 | AC154: =IF($AB154=0,"",COUNTIF($AB$5:$AB154,1))

Sheet ST_RESULTATS
A1: SOUS-TRAITANCE - RESULTATS
A2: Un envoi peut produire plusieurs resultats (etats, qualites ou moules differents). Chaque resultat entre en stock a l'emplacement de destination. LOT RESULTAT laisse vide = on conserve le lot source.
A3: Choisir l'ID ST, puis saisir uniquement : quantite, destination, et ce qui est connu (etat, qualite, moule).
A4: ID RESULTAT | B4: ID ST | C4: DATE RESULTAT | D4: RESULTAT / ETAT | E4: LOT RESULTAT (INTERNE) | F4: QUANTITE (KG) | G4: QUALITE SORTIE | H4: MOULE SORTIE | I4: HISTAMINE (PPM) | J4: EMPL. DESTINATION | K4: OBSERVATION | L4: LOT SOURCE | M4: SOUS-TRAITANT | N4: LOT RESULTAT EFFECTIF | O4: LOT EXTERNE | P4: CLASSE DEST. | Q4: VALIDE | R4: QTE VALIDE (KG) | S4: STATUT ST | T4: STATUT | U4: IMPACT STOCK | V4: CONTROLE / ACTION | W4: DATE EFFECTIVE | X4: LOT LIE | Y4: RANG LIEN | Z4: REL. RECHERCHE | AA4: RANG RECHERCHE
A5: =IF($B5="","","RES-"&TEXT(ROW()-4,"000")) -> RES-001 | B5: ST-001 | C5: 46248 | D5: HG | E5: 255-HG | F5: 300 | G5: A | H5: 20/24 | I5: 40 | J5: OCEAMIC 2 | K5: Scenarios 8 et 9 - retour OCEAMIC 2 | L5: =IF($B5="","",IFERROR(INDEX(ST_LOT,MATCH($B5,ST_ID,0)),"")) -> 255 | M5: =IF($B5="","",IFERROR(INDEX(ST_STRAIT,MATCH($B5,ST_ID,0)),"")) -> USINE SOUS-TRAITANTE | N5: =IF($B5="","",IF($E5="",$L5,$E5)) -> 255-HG | O5: =IF($N5="","",IFERROR(INDEX(LOT_EXTE,MATCH($N5,LOT_KEY,0)),"")) -> L-EXT-255 | P5: =IF($J5="","",IFERROR(INDEX(EMPL_CLASSE,MATCH($J5,EMPL_KEY,0)),"?")) -> INTERNE | Q5: =IF($B5="",0,IF(OR(ISNA(MATCH($B5,ST_ID,0)),NOT(ISNUMBER($F5)),$F5<=0,$J5="",$N5=""),0,1)) -> 1 | R5: =IF($Q5=0,0,$F5) -> 300 | S5: =IF($B5="","",IFERROR(INDEX(ST_STATUT,MATCH($B5,ST_ID,0)),"")) -> A JUSTIFIER | T5: =IF($B5="","",IF($Q5=0,"DONNEES MANQUANTES",IF(OR($S5="DONNEES MANQUANTES",$S5="STOCK INSUFFISANT",$S5="EMPLACEMENT INCOHERENT",$S5="BLOQUE"),"BLOQUE","OK"))) -> OK | U5: =IF($T5="OK",1,0) -> 1 | V5: =IF($B5="","",IF($Q5=0,"A COMPLETER : "&IF(ISNA(MATCH($B5,ST_ID,0)),"ID ST valide; ","")&IF(OR(NOT(ISNUMBER($F5)),$F5<=0),"QUANTITE > 0; ","")&IF($J5="","EMPL. DESTINATION; ",""),IF($T5="BLOQUE","Envoi parent en anomalie ("&$S5&") : corriger l'onglet SOUS_TRAITANCE.",IF(AND($E5<>"",ISNA(MATCH($E5,LOT_KEY,0))),"Creer la fiche du lot resultat dans l'onglet LOTS.","")))) | W5: =IF($B5="","",IF($C5<>"",$C5,IFERROR(INDEX(ST_DATERET,MATCH($B5,ST_ID,0)),""))) -> 46248 | X5: =IF($Q5=0,"",IF($L5=R_LOT,IF($N5<>R_LOT,$N5,""),IF($N5=R_LOT,$L5,""))) -> 255-HG | Y5: =IF($X5="","",IF(COUNTIF($X$4:$X4,$X5)>0,"",COUNT($Y$4:$Y4)+1)) -> 1 | Z5: =IF($Q5=0,0,IF(OR($L5=R_LOT,$N5=R_LOT),1,0)) -> 1 | AA5: =IF($Z5=0,"",COUNTIF($Z$5:$Z5,1)) -> 1
A6: =IF($B6="","","RES-"&TEXT(ROW()-4,"000")) -> RES-002 | B6: ST-001 | C6: 46248 | D6: HGT | E6: 255-HGT | F6: 150 | G6: B | H6: 26/30 | J6: COFRIGOP | K6: Scenarios 8 et 10 - resultat vers stock externe | L6: =IF($B6="","",IFERROR(INDEX(ST_LOT,MATCH($B6,ST_ID,0)),"")) -> 255 | M6: =IF($B6="","",IFERROR(INDEX(ST_STRAIT,MATCH($B6,ST_ID,0)),"")) -> USINE SOUS-TRAITANTE | N6: =IF($B6="","",IF($E6="",$L6,$E6)) -> 255-HGT | O6: =IF($N6="","",IFERROR(INDEX(LOT_EXTE,MATCH($N6,LOT_KEY,0)),"")) -> L-EXT-255 | P6: =IF($J6="","",IFERROR(INDEX(EMPL_CLASSE,MATCH($J6,EMPL_KEY,0)),"?")) -> EXTERNE | Q6: =IF($B6="",0,IF(OR(ISNA(MATCH($B6,ST_ID,0)),NOT(ISNUMBER($F6)),$F6<=0,$J6="",$N6=""),0,1)) -> 1 | R6: =IF($Q6=0,0,$F6) -> 150 | S6: =IF($B6="","",IFERROR(INDEX(ST_STATUT,MATCH($B6,ST_ID,0)),"")) -> A JUSTIFIER | T6: =IF($B6="","",IF($Q6=0,"DONNEES MANQUANTES",IF(OR($S6="DONNEES MANQUANTES",$S6="STOCK INSUFFISANT",$S6="EMPLACEMENT INCOHERENT",$S6="BLOQUE"),"BLOQUE","OK"))) -> OK | U6: =IF($T6="OK",1,0) -> 1 | V6: =IF($B6="","",IF($Q6=0,"A COMPLETER : "&IF(ISNA(MATCH($B6,ST_ID,0)),"ID ST valide; ","")&IF(OR(NOT(ISNUMBER($F6)),$F6<=0),"QUANTITE > 0; ","")&IF($J6="","EMPL. DESTINATION; ",""),IF($T6="BLOQUE","Envoi parent en anomalie ("&$S6&") : corriger l'onglet SOUS_TRAITANCE.",IF(AND($E6<>"",ISNA(MATCH($E6,LOT_KEY,0))),"Creer la fiche du lot resultat dans l'onglet LOTS.","")))) | W6: =IF($B6="","",IF($C6<>"",$C6,IFERROR(INDEX(ST_DATERET,MATCH($B6,ST_ID,0)),""))) -> 46248 | X6: =IF($Q6=0,"",IF($L6=R_LOT,IF($N6<>R_LOT,$N6,""),IF($N6=R_LOT,$L6,""))) -> 255-HGT | Y6: =IF($X6="","",IF(COUNTIF($X$4:$X5,$X6)>0,"",COUNT($Y$4:$Y5)+1)) -> 2 | Z6: =IF($Q6=0,0,IF(OR($L6=R_LOT,$N6=R_LOT),1,0)) -> 1 | AA6: =IF($Z6=0,"",COUNTIF($Z$5:$Z6,1)) -> 2
A7: =IF($B7="","","RES-"&TEXT(ROW()-4,"000")) -> RES-003 | B7: ST-002 | C7: 46247 | D7: FILET | E7: 300-FIL | F7: 590 | G7: A | H7: 20/24 | J7: OCEAMIC 2 | K7: Scenario 6 - ecart de 10 kg justifie | L7: =IF($B7="","",IFERROR(INDEX(ST_LOT,MATCH($B7,ST_ID,0)),"")) -> 300 | M7: =IF($B7="","",IFERROR(INDEX(ST_STRAIT,MATCH($B7,ST_ID,0)),"")) -> USINE SOUS-TRAITANTE | N7: =IF($B7="","",IF($E7="",$L7,$E7)) -> 300-FIL | O7: =IF($N7="","",IFERROR(INDEX(LOT_EXTE,MATCH($N7,LOT_KEY,0)),"")) -> L-EXT-300 | P7: =IF($J7="","",IFERROR(INDEX(EMPL_CLASSE,MATCH($J7,EMPL_KEY,0)),"?")) -> INTERNE | Q7: =IF($B7="",0,IF(OR(ISNA(MATCH($B7,ST_ID,0)),NOT(ISNUMBER($F7)),$F7<=0,$J7="",$N7=""),0,1)) -> 1 | R7: =IF($Q7=0,0,$F7) -> 590 | S7: =IF($B7="","",IFERROR(INDEX(ST_STATUT,MATCH($B7,ST_ID,0)),"")) -> OK | T7: =IF($B7="","",IF($Q7=0,"DONNEES MANQUANTES",IF(OR($S7="DONNEES MANQUANTES",$S7="STOCK INSUFFISANT",$S7="EMPLACEMENT INCOHERENT",$S7="BLOQUE"),"BLOQUE","OK"))) -> OK | U7: =IF($T7="OK",1,0) -> 1 | V7: =IF($B7="","",IF($Q7=0,"A COMPLETER : "&IF(ISNA(MATCH($B7,ST_ID,0)),"ID ST valide; ","")&IF(OR(NOT(ISNUMBER($F7)),$F7<=0),"QUANTITE > 0; ","")&IF($J7="","EMPL. DESTINATION; ",""),IF($T7="BLOQUE","Envoi parent en anomalie ("&$S7&") : corriger l'onglet SOUS_TRAITANCE.",IF(AND($E7<>"",ISNA(MATCH($E7,LOT_KEY,0))),"Creer la fiche du lot resultat dans l'onglet LOTS.","")))) | W7: =IF($B7="","",IF($C7<>"",$C7,IFERROR(INDEX(ST_DATERET,MATCH($B7,ST_ID,0)),""))) -> 46247 | X7: =IF($Q7=0,"",IF($L7=R_LOT,IF($N7<>R_LOT,$N7,""),IF($N7=R_LOT,$L7,""))) | Y7: =IF($X7="","",IF(COUNTIF($X$4:$X6,$X7)>0,"",COUNT($Y$4:$Y6)+1)) | Z7: =IF($Q7=0,0,IF(OR($L7=R_LOT,$N7=R_LOT),1,0)) -> 0 | AA7: =IF($Z7=0,"",COUNTIF($Z$5:$Z7,1))
A8: =IF($B8="","","RES-"&TEXT(ROW()-4,"000")) | L8: =IF($B8="","",IFERROR(INDEX(ST_LOT,MATCH($B8,ST_ID,0)),"")) | M8: =IF($B8="","",IFERROR(INDEX(ST_STRAIT,MATCH($B8,ST_ID,0)),"")) | N8: =IF($B8="","",IF($E8="",$L8,$E8)) | O8: =IF($N8="","",IFERROR(INDEX(LOT_EXTE,MATCH($N8,LOT_KEY,0)),"")) | P8: =IF($J8="","",IFERROR(INDEX(EMPL_CLASSE,MATCH($J8,EMPL_KEY,0)),"?")) | Q8: =IF($B8="",0,IF(OR(ISNA(MATCH($B8,ST_ID,0)),NOT(ISNUMBER($F8)),$F8<=0,$J8="",$N8=""),0,1)) -> 0 | R8: =IF($Q8=0,0,$F8) -> 0 | S8: =IF($B8="","",IFERROR(INDEX(ST_STATUT,MATCH($B8,ST_ID,0)),"")) | T8: =IF($B8="","",IF($Q8=0,"DONNEES MANQUANTES",IF(OR($S8="DONNEES MANQUANTES",$S8="STOCK INSUFFISANT",$S8="EMPLACEMENT INCOHERENT",$S8="BLOQUE"),"BLOQUE","OK"))) | U8: =IF($T8="OK",1,0) -> 0 | V8: =IF($B8="","",IF($Q8=0,"A COMPLETER : "&IF(ISNA(MATCH($B8,ST_ID,0)),"ID ST valide; ","")&IF(OR(NOT(ISNUMBER($F8)),$F8<=0),"QUANTITE > 0; ","")&IF($J8="","EMPL. DESTINATION; ",""),IF($T8="BLOQUE","Envoi parent en anomalie ("&$S8&") : corriger l'onglet SOUS_TRAITANCE.",IF(AND($E8<>"",ISNA(MATCH($E8,LOT_KEY,0))),"Creer la fiche du lot resultat dans l'onglet LOTS.","")))) | W8: =IF($B8="","",IF($C8<>"",$C8,IFERROR(INDEX(ST_DATERET,MATCH($B8,ST_ID,0)),""))) | X8: =IF($Q8=0,"",IF($L8=R_LOT,IF($N8<>R_LOT,$N8,""),IF($N8=R_LOT,$L8,""))) | Y8: =IF($X8="","",IF(COUNTIF($X$4:$X7,$X8)>0,"",COUNT($Y$4:$Y7)+1)) | Z8: =IF($Q8=0,0,IF(OR($L8=R_LOT,$N8=R_LOT),1,0)) -> 0 | AA8: =IF($Z8=0,"",COUNTIF($Z$5:$Z8,1))
A9: =IF($B9="","","RES-"&TEXT(ROW()-4,"000")) | L9: =IF($B9="","",IFERROR(INDEX(ST_LOT,MATCH($B9,ST_ID,0)),"")) | M9: =IF($B9="","",IFERROR(INDEX(ST_STRAIT,MATCH($B9,ST_ID,0)),"")) | N9: =IF($B9="","",IF($E9="",$L9,$E9)) | O9: =IF($N9="","",IFERROR(INDEX(LOT_EXTE,MATCH($N9,LOT_KEY,0)),"")) | P9: =IF($J9="","",IFERROR(INDEX(EMPL_CLASSE,MATCH($J9,EMPL_KEY,0)),"?")) | Q9: =IF($B9="",0,IF(OR(ISNA(MATCH($B9,ST_ID,0)),NOT(ISNUMBER($F9)),$F9<=0,$J9="",$N9=""),0,1)) -> 0 | R9: =IF($Q9=0,0,$F9) -> 0 | S9: =IF($B9="","",IFERROR(INDEX(ST_STATUT,MATCH($B9,ST_ID,0)),"")) | T9: =IF($B9="","",IF($Q9=0,"DONNEES MANQUANTES",IF(OR($S9="DONNEES MANQUANTES",$S9="STOCK INSUFFISANT",$S9="EMPLACEMENT INCOHERENT",$S9="BLOQUE"),"BLOQUE","OK"))) | U9: =IF($T9="OK",1,0) -> 0 | V9: =IF($B9="","",IF($Q9=0,"A COMPLETER : "&IF(ISNA(MATCH($B9,ST_ID,0)),"ID ST valide; ","")&IF(OR(NOT(ISNUMBER($F9)),$F9<=0),"QUANTITE > 0; ","")&IF($J9="","EMPL. DESTINATION; ",""),IF($T9="BLOQUE","Envoi parent en anomalie ("&$S9&") : corriger l'onglet SOUS_TRAITANCE.",IF(AND($E9<>"",ISNA(MATCH($E9,LOT_KEY,0))),"Creer la fiche du lot resultat dans l'onglet LOTS.","")))) | W9: =IF($B9="","",IF($C9<>"",$C9,IFERROR(INDEX(ST_DATERET,MATCH($B9,ST_ID,0)),""))) | X9: =IF($Q9=0,"",IF($L9=R_LOT,IF($N9<>R_LOT,$N9,""),IF($N9=R_LOT,$L9,""))) | Y9: =IF($X9="","",IF(COUNTIF($X$4:$X8,$X9)>0,"",COUNT($Y$4:$Y8)+1)) | Z9: =IF($Q9=0,0,IF(OR($L9=R_LOT,$N9=R_LOT),1,0)) -> 0 | AA9: =IF($Z9=0,"",COUNTIF($Z$5:$Z9,1))
A10: =IF($B10="","","RES-"&TEXT(ROW()-4,"000")) | L10: =IF($B10="","",IFERROR(INDEX(ST_LOT,MATCH($B10,ST_ID,0)),"")) | M10: =IF($B10="","",IFERROR(INDEX(ST_STRAIT,MATCH($B10,ST_ID,0)),"")) | N10: =IF($B10="","",IF($E10="",$L10,$E10)) | O10: =IF($N10="","",IFERROR(INDEX(LOT_EXTE,MATCH($N10,LOT_KEY,0)),"")) | P10: =IF($J10="","",IFERROR(INDEX(EMPL_CLASSE,MATCH($J10,EMPL_KEY,0)),"?")) | Q10: =IF($B10="",0,IF(OR(ISNA(MATCH($B10,ST_ID,0)),NOT(ISNUMBER($F10)),$F10<=0,$J10="",$N10=""),0,1)) -> 0 | R10: =IF($Q10=0,0,$F10) -> 0 | S10: =IF($B10="","",IFERROR(INDEX(ST_STATUT,MATCH($B10,ST_ID,0)),"")) | T10: =IF($B10="","",IF($Q10=0,"DONNEES MANQUANTES",IF(OR($S10="DONNEES MANQUANTES",$S10="STOCK INSUFFISANT",$S10="EMPLACEMENT INCOHERENT",$S10="BLOQUE"),"BLOQUE","OK"))) | U10: =IF($T10="OK",1,0) -> 0 | V10: =IF($B10="","",IF($Q10=0,"A COMPLETER : "&IF(ISNA(MATCH($B10,ST_ID,0)),"ID ST valide; ","")&IF(OR(NOT(ISNUMBER($F10)),$F10<=0),"QUANTITE > 0; ","")&IF($J10="","EMPL. DESTINATION; ",""),IF($T10="BLOQUE","Envoi parent en anomalie ("&$S10&") : corriger l'onglet SOUS_TRAITANCE.",IF(AND($E10<>"",ISNA(MATCH($E10,LOT_KEY,0))),"Creer la fiche du lot resultat dans l'onglet LOTS.","")))) | W10: =IF($B10="","",IF($C10<>"",$C10,IFERROR(INDEX(ST_DATERET,MATCH($B10,ST_ID,0)),""))) | X10: =IF($Q10=0,"",IF($L10=R_LOT,IF($N10<>R_LOT,$N10,""),IF($N10=R_LOT,$L10,""))) | Y10: =IF($X10="","",IF(COUNTIF($X$4:$X9,$X10)>0,"",COUNT($Y$4:$Y9)+1)) | Z10: =IF($Q10=0,0,IF(OR($L10=R_LOT,$N10=R_LOT),1,0)) -> 0 | AA10: =IF($Z10=0,"",COUNTIF($Z$5:$Z10,1))
A11: =IF($B11="","","RES-"&TEXT(ROW()-4,"000")) | L11: =IF($B11="","",IFERROR(INDEX(ST_LOT,MATCH($B11,ST_ID,0)),"")) | M11: =IF($B11="","",IFERROR(INDEX(ST_STRAIT,MATCH($B11,ST_ID,0)),"")) | N11: =IF($B11="","",IF($E11="",$L11,$E11)) | O11: =IF($N11="","",IFERROR(INDEX(LOT_EXTE,MATCH($N11,LOT_KEY,0)),"")) | P11: =IF($J11="","",IFERROR(INDEX(EMPL_CLASSE,MATCH($J11,EMPL_KEY,0)),"?")) | Q11: =IF($B11="",0,IF(OR(ISNA(MATCH($B11,ST_ID,0)),NOT(ISNUMBER($F11)),$F11<=0,$J11="",$N11=""),0,1)) -> 0 | R11: =IF($Q11=0,0,$F11) -> 0 | S11: =IF($B11="","",IFERROR(INDEX(ST_STATUT,MATCH($B11,ST_ID,0)),"")) | T11: =IF($B11="","",IF($Q11=0,"DONNEES MANQUANTES",IF(OR($S11="DONNEES MANQUANTES",$S11="STOCK INSUFFISANT",$S11="EMPLACEMENT INCOHERENT",$S11="BLOQUE"),"BLOQUE","OK"))) | U11: =IF($T11="OK",1,0) -> 0 | V11: =IF($B11="","",IF($Q11=0,"A COMPLETER : "&IF(ISNA(MATCH($B11,ST_ID,0)),"ID ST valide; ","")&IF(OR(NOT(ISNUMBER($F11)),$F11<=0),"QUANTITE > 0; ","")&IF($J11="","EMPL. DESTINATION; ",""),IF($T11="BLOQUE","Envoi parent en anomalie ("&$S11&") : corriger l'onglet SOUS_TRAITANCE.",IF(AND($E11<>"",ISNA(MATCH($E11,LOT_KEY,0))),"Creer la fiche du lot resultat dans l'onglet LOTS.","")))) | W11: =IF($B11="","",IF($C11<>"",$C11,IFERROR(INDEX(ST_DATERET,MATCH($B11,ST_ID,0)),""))) | X11: =IF($Q11=0,"",IF($L11=R_LOT,IF($N11<>R_LOT,$N11,""),IF($N11=R_LOT,$L11,""))) | Y11: =IF($X11="","",IF(COUNTIF($X$4:$X10,$X11)>0,"",COUNT($Y$4:$Y10)+1)) | Z11: =IF($Q11=0,0,IF(OR($L11=R_LOT,$N11=R_LOT),1,0)) -> 0 | AA11: =IF($Z11=0,"",COUNTIF($Z$5:$Z11,1))
A12: =IF($B12="","","RES-"&TEXT(ROW()-4,"000")) | L12: =IF($B12="","",IFERROR(INDEX(ST_LOT,MATCH($B12,ST_ID,0)),"")) | M12: =IF($B12="","",IFERROR(INDEX(ST_STRAIT,MATCH($B12,ST_ID,0)),"")) | N12: =IF($B12="","",IF($E12="",$L12,$E12)) | O12: =IF($N12="","",IFERROR(INDEX(LOT_EXTE,MATCH($N12,LOT_KEY,0)),"")) | P12: =IF($J12="","",IFERROR(INDEX(EMPL_CLASSE,MATCH($J12,EMPL_KEY,0)),"?")) | Q12: =IF($B12="",0,IF(OR(ISNA(MATCH($B12,ST_ID,0)),NOT(ISNUMBER($F12)),$F12<=0,$J12="",$N12=""),0,1)) -> 0 | R12: =IF($Q12=0,0,$F12) -> 0 | S12: =IF($B12="","",IFERROR(INDEX(ST_STATUT,MATCH($B12,ST_ID,0)),"")) | T12: =IF($B12="","",IF($Q12=0,"DONNEES MANQUANTES",IF(OR($S12="DONNEES MANQUANTES",$S12="STOCK INSUFFISANT",$S12="EMPLACEMENT INCOHERENT",$S12="BLOQUE"),"BLOQUE","OK"))) | U12: =IF($T12="OK",1,0) -> 0 | V12: =IF($B12="","",IF($Q12=0,"A COMPLETER : "&IF(ISNA(MATCH($B12,ST_ID,0)),"ID ST valide; ","")&IF(OR(NOT(ISNUMBER($F12)),$F12<=0),"QUANTITE > 0; ","")&IF($J12="","EMPL. DESTINATION; ",""),IF($T12="BLOQUE","Envoi parent en anomalie ("&$S12&") : corriger l'onglet SOUS_TRAITANCE.",IF(AND($E12<>"",ISNA(MATCH($E12,LOT_KEY,0))),"Creer la fiche du lot resultat dans l'onglet LOTS.","")))) | W12: =IF($B12="","",IF($C12<>"",$C12,IFERROR(INDEX(ST_DATERET,MATCH($B12,ST_ID,0)),""))) | X12: =IF($Q12=0,"",IF($L12=R_LOT,IF($N12<>R_LOT,$N12,""),IF($N12=R_LOT,$L12,""))) | Y12: =IF($X12="","",IF(COUNTIF($X$4:$X11,$X12)>0,"",COUNT($Y$4:$Y11)+1)) | Z12: =IF($Q12=0,0,IF(OR($L12=R_LOT,$N12=R_LOT),1,0)) -> 0 | AA12: =IF($Z12=0,"",COUNTIF($Z$5:$Z12,1))
A13: =IF($B13="","","RES-"&TEXT(ROW()-4,"000")) | L13: =IF($B13="","",IFERROR(INDEX(ST_LOT,MATCH($B13,ST_ID,0)),"")) | M13: =IF($B13="","",IFERROR(INDEX(ST_STRAIT,MATCH($B13,ST_ID,0)),"")) | N13: =IF($B13="","",IF($E13="",$L13,$E13)) | O13: =IF($N13="","",IFERROR(INDEX(LOT_EXTE,MATCH($N13,LOT_KEY,0)),"")) | P13: =IF($J13="","",IFERROR(INDEX(EMPL_CLASSE,MATCH($J13,EMPL_KEY,0)),"?")) | Q13: =IF($B13="",0,IF(OR(ISNA(MATCH($B13,ST_ID,0)),NOT(ISNUMBER($F13)),$F13<=0,$J13="",$N13=""),0,1)) -> 0 | R13: =IF($Q13=0,0,$F13) -> 0 | S13: =IF($B13="","",IFERROR(INDEX(ST_STATUT,MATCH($B13,ST_ID,0)),"")) | T13: =IF($B13="","",IF($Q13=0,"DONNEES MANQUANTES",IF(OR($S13="DONNEES MANQUANTES",$S13="STOCK INSUFFISANT",$S13="EMPLACEMENT INCOHERENT",$S13="BLOQUE"),"BLOQUE","OK"))) | U13: =IF($T13="OK",1,0) -> 0 | V13: =IF($B13="","",IF($Q13=0,"A COMPLETER : "&IF(ISNA(MATCH($B13,ST_ID,0)),"ID ST valide; ","")&IF(OR(NOT(ISNUMBER($F13)),$F13<=0),"QUANTITE > 0; ","")&IF($J13="","EMPL. DESTINATION; ",""),IF($T13="BLOQUE","Envoi parent en anomalie ("&$S13&") : corriger l'onglet SOUS_TRAITANCE.",IF(AND($E13<>"",ISNA(MATCH($E13,LOT_KEY,0))),"Creer la fiche du lot resultat dans l'onglet LOTS.","")))) | W13: =IF($B13="","",IF($C13<>"",$C13,IFERROR(INDEX(ST_DATERET,MATCH($B13,ST_ID,0)),""))) | X13: =IF($Q13=0,"",IF($L13=R_LOT,IF($N13<>R_LOT,$N13,""),IF($N13=R_LOT,$L13,""))) | Y13: =IF($X13="","",IF(COUNTIF($X$4:$X12,$X13)>0,"",COUNT($Y$4:$Y12)+1)) | Z13: =IF($Q13=0,0,IF(OR($L13=R_LOT,$N13=R_LOT),1,0)) -> 0 | AA13: =IF($Z13=0,"",COUNTIF($Z$5:$Z13,1))
A14: =IF($B14="","","RES-"&TEXT(ROW()-4,"000")) | L14: =IF($B14="","",IFERROR(INDEX(ST_LOT,MATCH($B14,ST_ID,0)),"")) | M14: =IF($B14="","",IFERROR(INDEX(ST_STRAIT,MATCH($B14,ST_ID,0)),"")) | N14: =IF($B14="","",IF($E14="",$L14,$E14)) | O14: =IF($N14="","",IFERROR(INDEX(LOT_EXTE,MATCH($N14,LOT_KEY,0)),"")) | P14: =IF($J14="","",IFERROR(INDEX(EMPL_CLASSE,MATCH($J14,EMPL_KEY,0)),"?")) | Q14: =IF($B14="",0,IF(OR(ISNA(MATCH($B14,ST_ID,0)),NOT(ISNUMBER($F14)),$F14<=0,$J14="",$N14=""),0,1)) -> 0 | R14: =IF($Q14=0,0,$F14) -> 0 | S14: =IF($B14="","",IFERROR(INDEX(ST_STATUT,MATCH($B14,ST_ID,0)),"")) | T14: =IF($B14="","",IF($Q14=0,"DONNEES MANQUANTES",IF(OR($S14="DONNEES MANQUANTES",$S14="STOCK INSUFFISANT",$S14="EMPLACEMENT INCOHERENT",$S14="BLOQUE"),"BLOQUE","OK"))) | U14: =IF($T14="OK",1,0) -> 0 | V14: =IF($B14="","",IF($Q14=0,"A COMPLETER : "&IF(ISNA(MATCH($B14,ST_ID,0)),"ID ST valide; ","")&IF(OR(NOT(ISNUMBER($F14)),$F14<=0),"QUANTITE > 0; ","")&IF($J14="","EMPL. DESTINATION; ",""),IF($T14="BLOQUE","Envoi parent en anomalie ("&$S14&") : corriger l'onglet SOUS_TRAITANCE.",IF(AND($E14<>"",ISNA(MATCH($E14,LOT_KEY,0))),"Creer la fiche du lot resultat dans l'onglet LOTS.","")))) | W14: =IF($B14="","",IF($C14<>"",$C14,IFERROR(INDEX(ST_DATERET,MATCH($B14,ST_ID,0)),""))) | X14: =IF($Q14=0,"",IF($L14=R_LOT,IF($N14<>R_LOT,$N14,""),IF($N14=R_LOT,$L14,""))) | Y14: =IF($X14="","",IF(COUNTIF($X$4:$X13,$X14)>0,"",COUNT($Y$4:$Y13)+1)) | Z14: =IF($Q14=0,0,IF(OR($L14=R_LOT,$N14=R_LOT),1,0)) -> 0 | AA14: =IF($Z14=0,"",COUNTIF($Z$5:$Z14,1))
A15: =IF($B15="","","RES-"&TEXT(ROW()-4,"000")) | L15: =IF($B15="","",IFERROR(INDEX(ST_LOT,MATCH($B15,ST_ID,0)),"")) | M15: =IF($B15="","",IFERROR(INDEX(ST_STRAIT,MATCH($B15,ST_ID,0)),"")) | N15: =IF($B15="","",IF($E15="",$L15,$E15)) | O15: =IF($N15="","",IFERROR(INDEX(LOT_EXTE,MATCH($N15,LOT_KEY,0)),"")) | P15: =IF($J15="","",IFERROR(INDEX(EMPL_CLASSE,MATCH($J15,EMPL_KEY,0)),"?")) | Q15: =IF($B15="",0,IF(OR(ISNA(MATCH($B15,ST_ID,0)),NOT(ISNUMBER($F15)),$F15<=0,$J15="",$N15=""),0,1)) -> 0 | R15: =IF($Q15=0,0,$F15) -> 0 | S15: =IF($B15="","",IFERROR(INDEX(ST_STATUT,MATCH($B15,ST_ID,0)),"")) | T15: =IF($B15="","",IF($Q15=0,"DONNEES MANQUANTES",IF(OR($S15="DONNEES MANQUANTES",$S15="STOCK INSUFFISANT",$S15="EMPLACEMENT INCOHERENT",$S15="BLOQUE"),"BLOQUE","OK"))) | U15: =IF($T15="OK",1,0) -> 0 | V15: =IF($B15="","",IF($Q15=0,"A COMPLETER : "&IF(ISNA(MATCH($B15,ST_ID,0)),"ID ST valide; ","")&IF(OR(NOT(ISNUMBER($F15)),$F15<=0),"QUANTITE > 0; ","")&IF($J15="","EMPL. DESTINATION; ",""),IF($T15="BLOQUE","Envoi parent en anomalie ("&$S15&") : corriger l'onglet SOUS_TRAITANCE.",IF(AND($E15<>"",ISNA(MATCH($E15,LOT_KEY,0))),"Creer la fiche du lot resultat dans l'onglet LOTS.","")))) | W15: =IF($B15="","",IF($C15<>"",$C15,IFERROR(INDEX(ST_DATERET,MATCH($B15,ST_ID,0)),""))) | X15: =IF($Q15=0,"",IF($L15=R_LOT,IF($N15<>R_LOT,$N15,""),IF($N15=R_LOT,$L15,""))) | Y15: =IF($X15="","",IF(COUNTIF($X$4:$X14,$X15)>0,"",COUNT($Y$4:$Y14)+1)) | Z15: =IF($Q15=0,0,IF(OR($L15=R_LOT,$N15=R_LOT),1,0)) -> 0 | AA15: =IF($Z15=0,"",COUNTIF($Z$5:$Z15,1))
A16: =IF($B16="","","RES-"&TEXT(ROW()-4,"000")) | L16: =IF($B16="","",IFERROR(INDEX(ST_LOT,MATCH($B16,ST_ID,0)),"")) | M16: =IF($B16="","",IFERROR(INDEX(ST_STRAIT,MATCH($B16,ST_ID,0)),"")) | N16: =IF($B16="","",IF($E16="",$L16,$E16)) | O16: =IF($N16="","",IFERROR(INDEX(LOT_EXTE,MATCH($N16,LOT_KEY,0)),"")) | P16: =IF($J16="","",IFERROR(INDEX(EMPL_CLASSE,MATCH($J16,EMPL_KEY,0)),"?")) | Q16: =IF($B16="",0,IF(OR(ISNA(MATCH($B16,ST_ID,0)),NOT(ISNUMBER($F16)),$F16<=0,$J16="",$N16=""),0,1)) -> 0 | R16: =IF($Q16=0,0,$F16) -> 0 | S16: =IF($B16="","",IFERROR(INDEX(ST_STATUT,MATCH($B16,ST_ID,0)),"")) | T16: =IF($B16="","",IF($Q16=0,"DONNEES MANQUANTES",IF(OR($S16="DONNEES MANQUANTES",$S16="STOCK INSUFFISANT",$S16="EMPLACEMENT INCOHERENT",$S16="BLOQUE"),"BLOQUE","OK"))) | U16: =IF($T16="OK",1,0) -> 0 | V16: =IF($B16="","",IF($Q16=0,"A COMPLETER : "&IF(ISNA(MATCH($B16,ST_ID,0)),"ID ST valide; ","")&IF(OR(NOT(ISNUMBER($F16)),$F16<=0),"QUANTITE > 0; ","")&IF($J16="","EMPL. DESTINATION; ",""),IF($T16="BLOQUE","Envoi parent en anomalie ("&$S16&") : corriger l'onglet SOUS_TRAITANCE.",IF(AND($E16<>"",ISNA(MATCH($E16,LOT_KEY,0))),"Creer la fiche du lot resultat dans l'onglet LOTS.","")))) | W16: =IF($B16="","",IF($C16<>"",$C16,IFERROR(INDEX(ST_DATERET,MATCH($B16,ST_ID,0)),""))) | X16: =IF($Q16=0,"",IF($L16=R_LOT,IF($N16<>R_LOT,$N16,""),IF($N16=R_LOT,$L16,""))) | Y16: =IF($X16="","",IF(COUNTIF($X$4:$X15,$X16)>0,"",COUNT($Y$4:$Y15)+1)) | Z16: =IF($Q16=0,0,IF(OR($L16=R_LOT,$N16=R_LOT),1,0)) -> 0 | AA16: =IF($Z16=0,"",COUNTIF($Z$5:$Z16,1))
A17: =IF($B17="","","RES-"&TEXT(ROW()-4,"000")) | L17: =IF($B17="","",IFERROR(INDEX(ST_LOT,MATCH($B17,ST_ID,0)),"")) | M17: =IF($B17="","",IFERROR(INDEX(ST_STRAIT,MATCH($B17,ST_ID,0)),"")) | N17: =IF($B17="","",IF($E17="",$L17,$E17)) | O17: =IF($N17="","",IFERROR(INDEX(LOT_EXTE,MATCH($N17,LOT_KEY,0)),"")) | P17: =IF($J17="","",IFERROR(INDEX(EMPL_CLASSE,MATCH($J17,EMPL_KEY,0)),"?")) | Q17: =IF($B17="",0,IF(OR(ISNA(MATCH($B17,ST_ID,0)),NOT(ISNUMBER($F17)),$F17<=0,$J17="",$N17=""),0,1)) -> 0 | R17: =IF($Q17=0,0,$F17) -> 0 | S17: =IF($B17="","",IFERROR(INDEX(ST_STATUT,MATCH($B17,ST_ID,0)),"")) | T17: =IF($B17="","",IF($Q17=0,"DONNEES MANQUANTES",IF(OR($S17="DONNEES MANQUANTES",$S17="STOCK INSUFFISANT",$S17="EMPLACEMENT INCOHERENT",$S17="BLOQUE"),"BLOQUE","OK"))) | U17: =IF($T17="OK",1,0) -> 0 | V17: =IF($B17="","",IF($Q17=0,"A COMPLETER : "&IF(ISNA(MATCH($B17,ST_ID,0)),"ID ST valide; ","")&IF(OR(NOT(ISNUMBER($F17)),$F17<=0),"QUANTITE > 0; ","")&IF($J17="","EMPL. DESTINATION; ",""),IF($T17="BLOQUE","Envoi parent en anomalie ("&$S17&") : corriger l'onglet SOUS_TRAITANCE.",IF(AND($E17<>"",ISNA(MATCH($E17,LOT_KEY,0))),"Creer la fiche du lot resultat dans l'onglet LOTS.","")))) | W17: =IF($B17="","",IF($C17<>"",$C17,IFERROR(INDEX(ST_DATERET,MATCH($B17,ST_ID,0)),""))) | X17: =IF($Q17=0,"",IF($L17=R_LOT,IF($N17<>R_LOT,$N17,""),IF($N17=R_LOT,$L17,""))) | Y17: =IF($X17="","",IF(COUNTIF($X$4:$X16,$X17)>0,"",COUNT($Y$4:$Y16)+1)) | Z17: =IF($Q17=0,0,IF(OR($L17=R_LOT,$N17=R_LOT),1,0)) -> 0 | AA17: =IF($Z17=0,"",COUNTIF($Z$5:$Z17,1))
A18: =IF($B18="","","RES-"&TEXT(ROW()-4,"000")) | L18: =IF($B18="","",IFERROR(INDEX(ST_LOT,MATCH($B18,ST_ID,0)),"")) | M18: =IF($B18="","",IFERROR(INDEX(ST_STRAIT,MATCH($B18,ST_ID,0)),"")) | N18: =IF($B18="","",IF($E18="",$L18,$E18)) | O18: =IF($N18="","",IFERROR(INDEX(LOT_EXTE,MATCH($N18,LOT_KEY,0)),"")) | P18: =IF($J18="","",IFERROR(INDEX(EMPL_CLASSE,MATCH($J18,EMPL_KEY,0)),"?")) | Q18: =IF($B18="",0,IF(OR(ISNA(MATCH($B18,ST_ID,0)),NOT(ISNUMBER($F18)),$F18<=0,$J18="",$N18=""),0,1)) -> 0 | R18: =IF($Q18=0,0,$F18) -> 0 | S18: =IF($B18="","",IFERROR(INDEX(ST_STATUT,MATCH($B18,ST_ID,0)),"")) | T18: =IF($B18="","",IF($Q18=0,"DONNEES MANQUANTES",IF(OR($S18="DONNEES MANQUANTES",$S18="STOCK INSUFFISANT",$S18="EMPLACEMENT INCOHERENT",$S18="BLOQUE"),"BLOQUE","OK"))) | U18: =IF($T18="OK",1,0) -> 0 | V18: =IF($B18="","",IF($Q18=0,"A COMPLETER : "&IF(ISNA(MATCH($B18,ST_ID,0)),"ID ST valide; ","")&IF(OR(NOT(ISNUMBER($F18)),$F18<=0),"QUANTITE > 0; ","")&IF($J18="","EMPL. DESTINATION; ",""),IF($T18="BLOQUE","Envoi parent en anomalie ("&$S18&") : corriger l'onglet SOUS_TRAITANCE.",IF(AND($E18<>"",ISNA(MATCH($E18,LOT_KEY,0))),"Creer la fiche du lot resultat dans l'onglet LOTS.","")))) | W18: =IF($B18="","",IF($C18<>"",$C18,IFERROR(INDEX(ST_DATERET,MATCH($B18,ST_ID,0)),""))) | X18: =IF($Q18=0,"",IF($L18=R_LOT,IF($N18<>R_LOT,$N18,""),IF($N18=R_LOT,$L18,""))) | Y18: =IF($X18="","",IF(COUNTIF($X$4:$X17,$X18)>0,"",COUNT($Y$4:$Y17)+1)) | Z18: =IF($Q18=0,0,IF(OR($L18=R_LOT,$N18=R_LOT),1,0)) -> 0 | AA18: =IF($Z18=0,"",COUNTIF($Z$5:$Z18,1))
A19: =IF($B19="","","RES-"&TEXT(ROW()-4,"000")) | L19: =IF($B19="","",IFERROR(INDEX(ST_LOT,MATCH($B19,ST_ID,0)),"")) | M19: =IF($B19="","",IFERROR(INDEX(ST_STRAIT,MATCH($B19,ST_ID,0)),"")) | N19: =IF($B19="","",IF($E19="",$L19,$E19)) | O19: =IF($N19="","",IFERROR(INDEX(LOT_EXTE,MATCH($N19,LOT_KEY,0)),"")) | P19: =IF($J19="","",IFERROR(INDEX(EMPL_CLASSE,MATCH($J19,EMPL_KEY,0)),"?")) | Q19: =IF($B19="",0,IF(OR(ISNA(MATCH($B19,ST_ID,0)),NOT(ISNUMBER($F19)),$F19<=0,$J19="",$N19=""),0,1)) -> 0 | R19: =IF($Q19=0,0,$F19) -> 0 | S19: =IF($B19="","",IFERROR(INDEX(ST_STATUT,MATCH($B19,ST_ID,0)),"")) | T19: =IF($B19="","",IF($Q19=0,"DONNEES MANQUANTES",IF(OR($S19="DONNEES MANQUANTES",$S19="STOCK INSUFFISANT",$S19="EMPLACEMENT INCOHERENT",$S19="BLOQUE"),"BLOQUE","OK"))) | U19: =IF($T19="OK",1,0) -> 0 | V19: =IF($B19="","",IF($Q19=0,"A COMPLETER : "&IF(ISNA(MATCH($B19,ST_ID,0)),"ID ST valide; ","")&IF(OR(NOT(ISNUMBER($F19)),$F19<=0),"QUANTITE > 0; ","")&IF($J19="","EMPL. DESTINATION; ",""),IF($T19="BLOQUE","Envoi parent en anomalie ("&$S19&") : corriger l'onglet SOUS_TRAITANCE.",IF(AND($E19<>"",ISNA(MATCH($E19,LOT_KEY,0))),"Creer la fiche du lot resultat dans l'onglet LOTS.","")))) | W19: =IF($B19="","",IF($C19<>"",$C19,IFERROR(INDEX(ST_DATERET,MATCH($B19,ST_ID,0)),""))) | X19: =IF($Q19=0,"",IF($L19=R_LOT,IF($N19<>R_LOT,$N19,""),IF($N19=R_LOT,$L19,""))) | Y19: =IF($X19="","",IF(COUNTIF($X$4:$X18,$X19)>0,"",COUNT($Y$4:$Y18)+1)) | Z19: =IF($Q19=0,0,IF(OR($L19=R_LOT,$N19=R_LOT),1,0)) -> 0 | AA19: =IF($Z19=0,"",COUNTIF($Z$5:$Z19,1))
... A304: =IF($B304="","","RES-"&TEXT(ROW()-4,"000")) | L304: =IF($B304="","",IFERROR(INDEX(ST_LOT,MATCH($B304,ST_ID,0)),"")) | M304: =IF($B304="","",IFERROR(INDEX(ST_STRAIT,MATCH($B304,ST_ID,0)),"")) | N304: =IF($B304="","",IF($E304="",$L304,$E304)) | O304: =IF($N304="","",IFERROR(INDEX(LOT_EXTE,MATCH($N304,LOT_KEY,0)),"")) | P304: =IF($J304="","",IFERROR(INDEX(EMPL_CLASSE,MATCH($J304,EMPL_KEY,0)),"?")) | Q304: =IF($B304="",0,IF(OR(ISNA(MATCH($B304,ST_ID,0)),NOT(ISNUMBER($F304)),$F304<=0,$J304="",$N304=""),0,1)) -> 0 | R304: =IF($Q304=0,0,$F304) -> 0 | S304: =IF($B304="","",IFERROR(INDEX(ST_STATUT,MATCH($B304,ST_ID,0)),"")) | T304: =IF($B304="","",IF($Q304=0,"DONNEES MANQUANTES",IF(OR($S304="DONNEES MANQUANTES",$S304="STOCK INSUFFISANT",$S304="EMPLACEMENT INCOHERENT",$S304="BLOQUE"),"BLOQUE","OK"))) | U304: =IF($T304="OK",1,0) -> 0 | V304: =IF($B304="","",IF($Q304=0,"A COMPLETER : "&IF(ISNA(MATCH($B304,ST_ID,0)),"ID ST valide; ","")&IF(OR(NOT(ISNUMBER($F304)),$F304<=0),"QUANTITE > 0; ","")&IF($J304="","EMPL. DESTINATION; ",""),IF($T304="BLOQUE","Envoi parent en anomalie ("&$S304&") : corriger l'onglet SOUS_TRAITANCE.",IF(AND($E304<>"",ISNA(MATCH($E304,LOT_KEY,0))),"Creer la fiche du lot resultat dans l'onglet LOTS.","")))) | W304: =IF($B304="","",IF($C304<>"",$C304,IFERROR(INDEX(ST_DATERET,MATCH($B304,ST_ID,0)),""))) | X304: =IF($Q304=0,"",IF($L304=R_LOT,IF($N304<>R_LOT,$N304,""),IF($N304=R_LOT,$L304,""))) | Y304: =IF($X304="","",IF(COUNTIF($X$4:$X303,$X304)>0,"",COUNT($Y$4:$Y303)+1)) | Z304: =IF($Q304=0,0,IF(OR($L304=R_LOT,$N304=R_LOT),1,0)) -> 0 | AA304: =IF($Z304=0,"",COUNTIF($Z$5:$Z304,1))

Sheet QUALITE
A1: CONTROLES QUALITE
A2: Un controle qualite ne modifie JAMAIS le stock. Saisir uniquement les mesures reellement effectuees : aucun champ n'est obligatoire au-dela du lot, de la date et d'au moins une information de controle. QUALITE et MOULE acceptent la saisie libre (ex. A=20 B=40 C=40 / 20/24=14 26/30=55).
A3: Le resultat appartient au lot physiquement controle. Un lot lie reste tracable mais n'herite pas du resultat.
A4: ID CONTROLE | B4: DATE | C4: LOT INTERNE | D4: EMPLACEMENT | E4: TYPE DE CONTROLE | F4: TEMPERATURE (C) | G4: HISTAMINE (PPM) | H4: QUALITE | I4: MOULE | J4: DEFAUTS | K4: DECISION | L4: CONTROLEUR | M4: OBSERVATION | N4: LOT EXTERNE | O4: ESPECE | P4: CONSERVATION | Q4: STOCK LOT / EMPL. (KG) | R4: STATUT | S4: ALERTE | T4: DERNIER CONTROLE | U4: CLE DERNIER | V4: REL. RECHERCHE | W4: RANG RECHERCHE
A5: =IF($C5="","","QC-"&TEXT(ROW()-4,"000")) -> QC-001 | B5: 46247 | C5: 255 | D5: OCEAMIC 2 | E5: CONTROLE MOUVEMENT | F5: -19 | G5: 45 | H5: A=20 B=40 C=40 | I5: 20/24=14 26/30=55 38/50=31 | J5: Aucun defaut | K5: ACCEPTER | L5: K. BENALI | M5: Scenario 12 - aucun impact sur le stock | N5: =IF($C5="","",IFERROR(INDEX(LOT_EXTE,MATCH($C5,LOT_KEY,0)),"")) -> L-EXT-255 | O5: =IF($C5="","",IFERROR(INDEX(LOT_PRODE,MATCH($C5,LOT_KEY,0)),"LOT NON REFERENCE")) -> Sardine | P5: =IF($C5="","",IFERROR(INDEX(LOT_CONSERVE,MATCH($C5,LOT_KEY,0)),"")) -> CONGELE | Q5: =IF(OR($C5="",$D5=""),"",SUMIFS(MVT_NET,MVT_LOT,$C5,MVT_EMPL,$D5)) -> 500 | R5: =IF($C5="","",IF(OR($B5="",AND($F5="",$G5="",$H5="",$I5="",$J5="",$K5="")),"DONNEES MANQUANTES",IF(AND($D5<>"",$Q5<=0),"EMPLACEMENT INCOHERENT","OK"))) -> OK | S5: =IF($C5="","",IF(AND(ISNUMBER($G5),$G5>P_HIST),"HISTAMINE "&TEXT($G5,"#,##0")&" PPM > seuil "&TEXT(P_HIST,"#,##0")&". ","")&IF(AND(ISNUMBER($F5),$P5="CONGELE",$F5>P_TCONG),"TEMPERATURE "&TEXT($F5,"0.0")&" C hors seuil congele. ","")&IF(AND(ISNUMBER($F5),$P5="FRAIS",$F5>P_TFRAIS),"TEMPERATURE "&TEXT($F5,"0.0")&" C hors seuil frais. ","")&IF($K5="BLOQUER","Lot bloque qualite : stock signale mais inchange. ","")&IF($R5="EMPLACEMENT INCOHERENT","Lot absent de cet emplacement : controle conserve, stock inchange. ","")&IF($R5="DONNEES MANQUANTES","Renseigner la DATE et au moins une mesure. ","")) | T5: =IF(OR($C5="",$B5=""),0,IF(COUNTIFS(QC_LOT,$C5,QC_DATE,">"&$B5)>0,0,IF(COUNTIFS($C$5:$C5,$C5,$B$5:$B5,$B5)=COUNTIFS(QC_LOT,$C5,QC_DATE,$B5),1,0))) -> 1 | U5: =IF($T5=1,$C5,"") -> 255 | V5: =IF($C5="",0,IF($C5=R_LOT,1,0)) -> 1 | W5: =IF($V5=0,"",COUNTIF($V$5:$V5,1)) -> 1
A6: =IF($C6="","","QC-"&TEXT(ROW()-4,"000")) -> QC-002 | B6: 46248 | C6: 257 | D6: COFRIGOB | E6: STOCK | F6: 2 | H6: A | K6: ACCEPTER | L6: K. BENALI | M6: Emplacement incoherent : le lot 257 est a OCEAMIC 2 | N6: =IF($C6="","",IFERROR(INDEX(LOT_EXTE,MATCH($C6,LOT_KEY,0)),"")) -> L-EXT-255 | O6: =IF($C6="","",IFERROR(INDEX(LOT_PRODE,MATCH($C6,LOT_KEY,0)),"LOT NON REFERENCE")) -> Sardine | P6: =IF($C6="","",IFERROR(INDEX(LOT_CONSERVE,MATCH($C6,LOT_KEY,0)),"")) -> FRAIS | Q6: =IF(OR($C6="",$D6=""),"",SUMIFS(MVT_NET,MVT_LOT,$C6,MVT_EMPL,$D6)) -> 0 | R6: =IF($C6="","",IF(OR($B6="",AND($F6="",$G6="",$H6="",$I6="",$J6="",$K6="")),"DONNEES MANQUANTES",IF(AND($D6<>"",$Q6<=0),"EMPLACEMENT INCOHERENT","OK"))) -> EMPLACEMENT INCOHERENT | S6: =IF($C6="","",IF(AND(ISNUMBER($G6),$G6>P_HIST),"HISTAMINE "&TEXT($G6,"#,##0")&" PPM > seuil "&TEXT(P_HIST,"#,##0")&". ","")&IF(AND(ISNUMBER($F6),$P6="CONGELE",$F6>P_TCONG),"TEMPERATURE "&TEXT($F6,"0.0")&" C hors seuil congele. ","")&IF(AND(ISNUMBER($F6),$P6="FRAIS",$F6>P_TFRAIS),"TEMPERATURE "&TEXT($F6,"0.0")&" C hors seuil frais. ","")&IF($K6="BLOQUER","Lot bloque qualite : stock signale mais inchange. ","")&IF($R6="EMPLACEMENT INCOHERENT","Lot absent de cet emplacement : controle conserve, stock inchange. ","")&IF($R6="DONNEES MANQUANTES","Renseigner la DATE et au moins une mesure. ","")) -> Lot absent de cet emplacement : controle conserve, stock inchange. | T6: =IF(OR($C6="",$B6=""),0,IF(COUNTIFS(QC_LOT,$C6,QC_DATE,">"&$B6)>0,0,IF(COUNTIFS($C$5:$C6,$C6,$B$5:$B6,$B6)=COUNTIFS(QC_LOT,$C6,QC_DATE,$B6),1,0))) -> 1 | U6: =IF($T6=1,$C6,"") -> 257 | V6: =IF($C6="",0,IF($C6=R_LOT,1,0)) -> 0 | W6: =IF($V6=0,"",COUNTIF($V$5:$V6,1))
A7: =IF($C7="","","QC-"&TEXT(ROW()-4,"000")) -> QC-003 | B7: 46250 | C7: 256 | D7: OCEAMIC 2 | E7: RECEPTION | F7: -18 | G7: 180 | H7: A=10 B=60 C=30 | I7: 26/30=70 38/50=30 | J7: Aspect legerement decolore | K7: A RECONTROLER | L7: K. BENALI | M7: Alerte histamine au-dessus du seuil | N7: =IF($C7="","",IFERROR(INDEX(LOT_EXTE,MATCH($C7,LOT_KEY,0)),"")) -> L-EXT-256 | O7: =IF($C7="","",IFERROR(INDEX(LOT_PRODE,MATCH($C7,LOT_KEY,0)),"LOT NON REFERENCE")) -> Maquereau | P7: =IF($C7="","",IFERROR(INDEX(LOT_CONSERVE,MATCH($C7,LOT_KEY,0)),"")) -> CONGELE | Q7: =IF(OR($C7="",$D7=""),"",SUMIFS(MVT_NET,MVT_LOT,$C7,MVT_EMPL,$D7)) -> 800 | R7: =IF($C7="","",IF(OR($B7="",AND($F7="",$G7="",$H7="",$I7="",$J7="",$K7="")),"DONNEES MANQUANTES",IF(AND($D7<>"",$Q7<=0),"EMPLACEMENT INCOHERENT","OK"))) -> OK | S7: =IF($C7="","",IF(AND(ISNUMBER($G7),$G7>P_HIST),"HISTAMINE "&TEXT($G7,"#,##0")&" PPM > seuil "&TEXT(P_HIST,"#,##0")&". ","")&IF(AND(ISNUMBER($F7),$P7="CONGELE",$F7>P_TCONG),"TEMPERATURE "&TEXT($F7,"0.0")&" C hors seuil congele. ","")&IF(AND(ISNUMBER($F7),$P7="FRAIS",$F7>P_TFRAIS),"TEMPERATURE "&TEXT($F7,"0.0")&" C hors seuil frais. ","")&IF($K7="BLOQUER","Lot bloque qualite : stock signale mais inchange. ","")&IF($R7="EMPLACEMENT INCOHERENT","Lot absent de cet emplacement : controle conserve, stock inchange. ","")&IF($R7="DONNEES MANQUANTES","Renseigner la DATE et au moins une mesure. ","")) -> HISTAMINE 180 PPM > seuil 100. | T7: =IF(OR($C7="",$B7=""),0,IF(COUNTIFS(QC_LOT,$C7,QC_DATE,">"&$B7)>0,0,IF(COUNTIFS($C$5:$C7,$C7,$B$5:$B7,$B7)=COUNTIFS(QC_LOT,$C7,QC_DATE,$B7),1,0))) -> 1 | U7: =IF($T7=1,$C7,"") -> 256 | V7: =IF($C7="",0,IF($C7=R_LOT,1,0)) -> 0 | W7: =IF($V7=0,"",COUNTIF($V$5:$V7,1))
A8: =IF($C8="","","QC-"&TEXT(ROW()-4,"000")) -> QC-004 | B8: 46253 | C8: 301 | D8: OCEAMIC 2 | E8: STOCK | F8: -17 | G8: 210 | J8: Suspicion histamine | K8: BLOQUER | L8: K. BENALI | M8: Scenario 22 - lot bloque qualite : signale, stock inchange | N8: =IF($C8="","",IFERROR(INDEX(LOT_EXTE,MATCH($C8,LOT_KEY,0)),"")) -> L-EXT-301 | O8: =IF($C8="","",IFERROR(INDEX(LOT_PRODE,MATCH($C8,LOT_KEY,0)),"LOT NON REFERENCE")) -> Maquereau | P8: =IF($C8="","",IFERROR(INDEX(LOT_CONSERVE,MATCH($C8,LOT_KEY,0)),"")) -> CONGELE | Q8: =IF(OR($C8="",$D8=""),"",SUMIFS(MVT_NET,MVT_LOT,$C8,MVT_EMPL,$D8)) -> 200 | R8: =IF($C8="","",IF(OR($B8="",AND($F8="",$G8="",$H8="",$I8="",$J8="",$K8="")),"DONNEES MANQUANTES",IF(AND($D8<>"",$Q8<=0),"EMPLACEMENT INCOHERENT","OK"))) -> OK | S8: =IF($C8="","",IF(AND(ISNUMBER($G8),$G8>P_HIST),"HISTAMINE "&TEXT($G8,"#,##0")&" PPM > seuil "&TEXT(P_HIST,"#,##0")&". ","")&IF(AND(ISNUMBER($F8),$P8="CONGELE",$F8>P_TCONG),"TEMPERATURE "&TEXT($F8,"0.0")&" C hors seuil congele. ","")&IF(AND(ISNUMBER($F8),$P8="FRAIS",$F8>P_TFRAIS),"TEMPERATURE "&TEXT($F8,"0.0")&" C hors seuil frais. ","")&IF($K8="BLOQUER","Lot bloque qualite : stock signale mais inchange. ","")&IF($R8="EMPLACEMENT INCOHERENT","Lot absent de cet emplacement : controle conserve, stock inchange. ","")&IF($R8="DONNEES MANQUANTES","Renseigner la DATE et au moins une mesure. ","")) -> HISTAMINE 210 PPM > seuil 100. TEMPERATURE -17.0 C hors seuil congele. Lot bloque qualite : stock signale mais inchange. | T8: =IF(OR($C8="",$B8=""),0,IF(COUNTIFS(QC_LOT,$C8,QC_DATE,">"&$B8)>0,0,IF(COUNTIFS($C$5:$C8,$C8,$B$5:$B8,$B8)=COUNTIFS(QC_LOT,$C8,QC_DATE,$B8),1,0))) -> 1 | U8: =IF($T8=1,$C8,"") -> 301 | V8: =IF($C8="",0,IF($C8=R_LOT,1,0)) -> 0 | W8: =IF($V8=0,"",COUNTIF($V$5:$V8,1))
A9: =IF($C9="","","QC-"&TEXT(ROW()-4,"000")) | N9: =IF($C9="","",IFERROR(INDEX(LOT_EXTE,MATCH($C9,LOT_KEY,0)),"")) | O9: =IF($C9="","",IFERROR(INDEX(LOT_PRODE,MATCH($C9,LOT_KEY,0)),"LOT NON REFERENCE")) | P9: =IF($C9="","",IFERROR(INDEX(LOT_CONSERVE,MATCH($C9,LOT_KEY,0)),"")) | Q9: =IF(OR($C9="",$D9=""),"",SUMIFS(MVT_NET,MVT_LOT,$C9,MVT_EMPL,$D9)) | R9: =IF($C9="","",IF(OR($B9="",AND($F9="",$G9="",$H9="",$I9="",$J9="",$K9="")),"DONNEES MANQUANTES",IF(AND($D9<>"",$Q9<=0),"EMPLACEMENT INCOHERENT","OK"))) | S9: =IF($C9="","",IF(AND(ISNUMBER($G9),$G9>P_HIST),"HISTAMINE "&TEXT($G9,"#,##0")&" PPM > seuil "&TEXT(P_HIST,"#,##0")&". ","")&IF(AND(ISNUMBER($F9),$P9="CONGELE",$F9>P_TCONG),"TEMPERATURE "&TEXT($F9,"0.0")&" C hors seuil congele. ","")&IF(AND(ISNUMBER($F9),$P9="FRAIS",$F9>P_TFRAIS),"TEMPERATURE "&TEXT($F9,"0.0")&" C hors seuil frais. ","")&IF($K9="BLOQUER","Lot bloque qualite : stock signale mais inchange. ","")&IF($R9="EMPLACEMENT INCOHERENT","Lot absent de cet emplacement : controle conserve, stock inchange. ","")&IF($R9="DONNEES MANQUANTES","Renseigner la DATE et au moins une mesure. ","")) | T9: =IF(OR($C9="",$B9=""),0,IF(COUNTIFS(QC_LOT,$C9,QC_DATE,">"&$B9)>0,0,IF(COUNTIFS($C$5:$C9,$C9,$B$5:$B9,$B9)=COUNTIFS(QC_LOT,$C9,QC_DATE,$B9),1,0))) -> 0 | U9: =IF($T9=1,$C9,"") | V9: =IF($C9="",0,IF($C9=R_LOT,1,0)) -> 0 | W9: =IF($V9=0,"",COUNTIF($V$5:$V9,1))
A10: =IF($C10="","","QC-"&TEXT(ROW()-4,"000")) | N10: =IF($C10="","",IFERROR(INDEX(LOT_EXTE,MATCH($C10,LOT_KEY,0)),"")) | O10: =IF($C10="","",IFERROR(INDEX(LOT_PRODE,MATCH($C10,LOT_KEY,0)),"LOT NON REFERENCE")) | P10: =IF($C10="","",IFERROR(INDEX(LOT_CONSERVE,MATCH($C10,LOT_KEY,0)),"")) | Q10: =IF(OR($C10="",$D10=""),"",SUMIFS(MVT_NET,MVT_LOT,$C10,MVT_EMPL,$D10)) | R10: =IF($C10="","",IF(OR($B10="",AND($F10="",$G10="",$H10="",$I10="",$J10="",$K10="")),"DONNEES MANQUANTES",IF(AND($D10<>"",$Q10<=0),"EMPLACEMENT INCOHERENT","OK"))) | S10: =IF($C10="","",IF(AND(ISNUMBER($G10),$G10>P_HIST),"HISTAMINE "&TEXT($G10,"#,##0")&" PPM > seuil "&TEXT(P_HIST,"#,##0")&". ","")&IF(AND(ISNUMBER($F10),$P10="CONGELE",$F10>P_TCONG),"TEMPERATURE "&TEXT($F10,"0.0")&" C hors seuil congele. ","")&IF(AND(ISNUMBER($F10),$P10="FRAIS",$F10>P_TFRAIS),"TEMPERATURE "&TEXT($F10,"0.0")&" C hors seuil frais. ","")&IF($K10="BLOQUER","Lot bloque qualite : stock signale mais inchange. ","")&IF($R10="EMPLACEMENT INCOHERENT","Lot absent de cet emplacement : controle conserve, stock inchange. ","")&IF($R10="DONNEES MANQUANTES","Renseigner la DATE et au moins une mesure. ","")) | T10: =IF(OR($C10="",$B10=""),0,IF(COUNTIFS(QC_LOT,$C10,QC_DATE,">"&$B10)>0,0,IF(COUNTIFS($C$5:$C10,$C10,$B$5:$B10,$B10)=COUNTIFS(QC_LOT,$C10,QC_DATE,$B10),1,0))) -> 0 | U10: =IF($T10=1,$C10,"") | V10: =IF($C10="",0,IF($C10=R_LOT,1,0)) -> 0 | W10: =IF($V10=0,"",COUNTIF($V$5:$V10,1))
A11: =IF($C11="","","QC-"&TEXT(ROW()-4,"000")) | N11: =IF($C11="","",IFERROR(INDEX(LOT_EXTE,MATCH($C11,LOT_KEY,0)),"")) | O11: =IF($C11="","",IFERROR(INDEX(LOT_PRODE,MATCH($C11,LOT_KEY,0)),"LOT NON REFERENCE")) | P11: =IF($C11="","",IFERROR(INDEX(LOT_CONSERVE,MATCH($C11,LOT_KEY,0)),"")) | Q11: =IF(OR($C11="",$D11=""),"",SUMIFS(MVT_NET,MVT_LOT,$C11,MVT_EMPL,$D11)) | R11: =IF($C11="","",IF(OR($B11="",AND($F11="",$G11="",$H11="",$I11="",$J11="",$K11="")),"DONNEES MANQUANTES",IF(AND($D11<>"",$Q11<=0),"EMPLACEMENT INCOHERENT","OK"))) | S11: =IF($C11="","",IF(AND(ISNUMBER($G11),$G11>P_HIST),"HISTAMINE "&TEXT($G11,"#,##0")&" PPM > seuil "&TEXT(P_HIST,"#,##0")&". ","")&IF(AND(ISNUMBER($F11),$P11="CONGELE",$F11>P_TCONG),"TEMPERATURE "&TEXT($F11,"0.0")&" C hors seuil congele. ","")&IF(AND(ISNUMBER($F11),$P11="FRAIS",$F11>P_TFRAIS),"TEMPERATURE "&TEXT($F11,"0.0")&" C hors seuil frais. ","")&IF($K11="BLOQUER","Lot bloque qualite : stock signale mais inchange. ","")&IF($R11="EMPLACEMENT INCOHERENT","Lot absent de cet emplacement : controle conserve, stock inchange. ","")&IF($R11="DONNEES MANQUANTES","Renseigner la DATE et au moins une mesure. ","")) | T11: =IF(OR($C11="",$B11=""),0,IF(COUNTIFS(QC_LOT,$C11,QC_DATE,">"&$B11)>0,0,IF(COUNTIFS($C$5:$C11,$C11,$B$5:$B11,$B11)=COUNTIFS(QC_LOT,$C11,QC_DATE,$B11),1,0))) -> 0 | U11: =IF($T11=1,$C11,"") | V11: =IF($C11="",0,IF($C11=R_LOT,1,0)) -> 0 | W11: =IF($V11=0,"",COUNTIF($V$5:$V11,1))
A12: =IF($C12="","","QC-"&TEXT(ROW()-4,"000")) | N12: =IF($C12="","",IFERROR(INDEX(LOT_EXTE,MATCH($C12,LOT_KEY,0)),"")) | O12: =IF($C12="","",IFERROR(INDEX(LOT_PRODE,MATCH($C12,LOT_KEY,0)),"LOT NON REFERENCE")) | P12: =IF($C12="","",IFERROR(INDEX(LOT_CONSERVE,MATCH($C12,LOT_KEY,0)),"")) | Q12: =IF(OR($C12="",$D12=""),"",SUMIFS(MVT_NET,MVT_LOT,$C12,MVT_EMPL,$D12)) | R12: =IF($C12="","",IF(OR($B12="",AND($F12="",$G12="",$H12="",$I12="",$J12="",$K12="")),"DONNEES MANQUANTES",IF(AND($D12<>"",$Q12<=0),"EMPLACEMENT INCOHERENT","OK"))) | S12: =IF($C12="","",IF(AND(ISNUMBER($G12),$G12>P_HIST),"HISTAMINE "&TEXT($G12,"#,##0")&" PPM > seuil "&TEXT(P_HIST,"#,##0")&". ","")&IF(AND(ISNUMBER($F12),$P12="CONGELE",$F12>P_TCONG),"TEMPERATURE "&TEXT($F12,"0.0")&" C hors seuil congele. ","")&IF(AND(ISNUMBER($F12),$P12="FRAIS",$F12>P_TFRAIS),"TEMPERATURE "&TEXT($F12,"0.0")&" C hors seuil frais. ","")&IF($K12="BLOQUER","Lot bloque qualite : stock signale mais inchange. ","")&IF($R12="EMPLACEMENT INCOHERENT","Lot absent de cet emplacement : controle conserve, stock inchange. ","")&IF($R12="DONNEES MANQUANTES","Renseigner la DATE et au moins une mesure. ","")) | T12: =IF(OR($C12="",$B12=""),0,IF(COUNTIFS(QC_LOT,$C12,QC_DATE,">"&$B12)>0,0,IF(COUNTIFS($C$5:$C12,$C12,$B$5:$B12,$B12)=COUNTIFS(QC_LOT,$C12,QC_DATE,$B12),1,0))) -> 0 | U12: =IF($T12=1,$C12,"") | V12: =IF($C12="",0,IF($C12=R_LOT,1,0)) -> 0 | W12: =IF($V12=0,"",COUNTIF($V$5:$V12,1))
A13: =IF($C13="","","QC-"&TEXT(ROW()-4,"000")) | N13: =IF($C13="","",IFERROR(INDEX(LOT_EXTE,MATCH($C13,LOT_KEY,0)),"")) | O13: =IF($C13="","",IFERROR(INDEX(LOT_PRODE,MATCH($C13,LOT_KEY,0)),"LOT NON REFERENCE")) | P13: =IF($C13="","",IFERROR(INDEX(LOT_CONSERVE,MATCH($C13,LOT_KEY,0)),"")) | Q13: =IF(OR($C13="",$D13=""),"",SUMIFS(MVT_NET,MVT_LOT,$C13,MVT_EMPL,$D13)) | R13: =IF($C13="","",IF(OR($B13="",AND($F13="",$G13="",$H13="",$I13="",$J13="",$K13="")),"DONNEES MANQUANTES",IF(AND($D13<>"",$Q13<=0),"EMPLACEMENT INCOHERENT","OK"))) | S13: =IF($C13="","",IF(AND(ISNUMBER($G13),$G13>P_HIST),"HISTAMINE "&TEXT($G13,"#,##0")&" PPM > seuil "&TEXT(P_HIST,"#,##0")&". ","")&IF(AND(ISNUMBER($F13),$P13="CONGELE",$F13>P_TCONG),"TEMPERATURE "&TEXT($F13,"0.0")&" C hors seuil congele. ","")&IF(AND(ISNUMBER($F13),$P13="FRAIS",$F13>P_TFRAIS),"TEMPERATURE "&TEXT($F13,"0.0")&" C hors seuil frais. ","")&IF($K13="BLOQUER","Lot bloque qualite : stock signale mais inchange. ","")&IF($R13="EMPLACEMENT INCOHERENT","Lot absent de cet emplacement : controle conserve, stock inchange. ","")&IF($R13="DONNEES MANQUANTES","Renseigner la DATE et au moins une mesure. ","")) | T13: =IF(OR($C13="",$B13=""),0,IF(COUNTIFS(QC_LOT,$C13,QC_DATE,">"&$B13)>0,0,IF(COUNTIFS($C$5:$C13,$C13,$B$5:$B13,$B13)=COUNTIFS(QC_LOT,$C13,QC_DATE,$B13),1,0))) -> 0 | U13: =IF($T13=1,$C13,"") | V13: =IF($C13="",0,IF($C13=R_LOT,1,0)) -> 0 | W13: =IF($V13=0,"",COUNTIF($V$5:$V13,1))
A14: =IF($C14="","","QC-"&TEXT(ROW()-4,"000")) | N14: =IF($C14="","",IFERROR(INDEX(LOT_EXTE,MATCH($C14,LOT_KEY,0)),"")) | O14: =IF($C14="","",IFERROR(INDEX(LOT_PRODE,MATCH($C14,LOT_KEY,0)),"LOT NON REFERENCE")) | P14: =IF($C14="","",IFERROR(INDEX(LOT_CONSERVE,MATCH($C14,LOT_KEY,0)),"")) | Q14: =IF(OR($C14="",$D14=""),"",SUMIFS(MVT_NET,MVT_LOT,$C14,MVT_EMPL,$D14)) | R14: =IF($C14="","",IF(OR($B14="",AND($F14="",$G14="",$H14="",$I14="",$J14="",$K14="")),"DONNEES MANQUANTES",IF(AND($D14<>"",$Q14<=0),"EMPLACEMENT INCOHERENT","OK"))) | S14: =IF($C14="","",IF(AND(ISNUMBER($G14),$G14>P_HIST),"HISTAMINE "&TEXT($G14,"#,##0")&" PPM > seuil "&TEXT(P_HIST,"#,##0")&". ","")&IF(AND(ISNUMBER($F14),$P14="CONGELE",$F14>P_TCONG),"TEMPERATURE "&TEXT($F14,"0.0")&" C hors seuil congele. ","")&IF(AND(ISNUMBER($F14),$P14="FRAIS",$F14>P_TFRAIS),"TEMPERATURE "&TEXT($F14,"0.0")&" C hors seuil frais. ","")&IF($K14="BLOQUER","Lot bloque qualite : stock signale mais inchange. ","")&IF($R14="EMPLACEMENT INCOHERENT","Lot absent de cet emplacement : controle conserve, stock inchange. ","")&IF($R14="DONNEES MANQUANTES","Renseigner la DATE et au moins une mesure. ","")) | T14: =IF(OR($C14="",$B14=""),0,IF(COUNTIFS(QC_LOT,$C14,QC_DATE,">"&$B14)>0,0,IF(COUNTIFS($C$5:$C14,$C14,$B$5:$B14,$B14)=COUNTIFS(QC_LOT,$C14,QC_DATE,$B14),1,0))) -> 0 | U14: =IF($T14=1,$C14,"") | V14: =IF($C14="",0,IF($C14=R_LOT,1,0)) -> 0 | W14: =IF($V14=0,"",COUNTIF($V$5:$V14,1))
A15: =IF($C15="","","QC-"&TEXT(ROW()-4,"000")) | N15: =IF($C15="","",IFERROR(INDEX(LOT_EXTE,MATCH($C15,LOT_KEY,0)),"")) | O15: =IF($C15="","",IFERROR(INDEX(LOT_PRODE,MATCH($C15,LOT_KEY,0)),"LOT NON REFERENCE")) | P15: =IF($C15="","",IFERROR(INDEX(LOT_CONSERVE,MATCH($C15,LOT_KEY,0)),"")) | Q15: =IF(OR($C15="",$D15=""),"",SUMIFS(MVT_NET,MVT_LOT,$C15,MVT_EMPL,$D15)) | R15: =IF($C15="","",IF(OR($B15="",AND($F15="",$G15="",$H15="",$I15="",$J15="",$K15="")),"DONNEES MANQUANTES",IF(AND($D15<>"",$Q15<=0),"EMPLACEMENT INCOHERENT","OK"))) | S15: =IF($C15="","",IF(AND(ISNUMBER($G15),$G15>P_HIST),"HISTAMINE "&TEXT($G15,"#,##0")&" PPM > seuil "&TEXT(P_HIST,"#,##0")&". ","")&IF(AND(ISNUMBER($F15),$P15="CONGELE",$F15>P_TCONG),"TEMPERATURE "&TEXT($F15,"0.0")&" C hors seuil congele. ","")&IF(AND(ISNUMBER($F15),$P15="FRAIS",$F15>P_TFRAIS),"TEMPERATURE "&TEXT($F15,"0.0")&" C hors seuil frais. ","")&IF($K15="BLOQUER","Lot bloque qualite : stock signale mais inchange. ","")&IF($R15="EMPLACEMENT INCOHERENT","Lot absent de cet emplacement : controle conserve, stock inchange. ","")&IF($R15="DONNEES MANQUANTES","Renseigner la DATE et au moins une mesure. ","")) | T15: =IF(OR($C15="",$B15=""),0,IF(COUNTIFS(QC_LOT,$C15,QC_DATE,">"&$B15)>0,0,IF(COUNTIFS($C$5:$C15,$C15,$B$5:$B15,$B15)=COUNTIFS(QC_LOT,$C15,QC_DATE,$B15),1,0))) -> 0 | U15: =IF($T15=1,$C15,"") | V15: =IF($C15="",0,IF($C15=R_LOT,1,0)) -> 0 | W15: =IF($V15=0,"",COUNTIF($V$5:$V15,1))
A16: =IF($C16="","","QC-"&TEXT(ROW()-4,"000")) | N16: =IF($C16="","",IFERROR(INDEX(LOT_EXTE,MATCH($C16,LOT_KEY,0)),"")) | O16: =IF($C16="","",IFERROR(INDEX(LOT_PRODE,MATCH($C16,LOT_KEY,0)),"LOT NON REFERENCE")) | P16: =IF($C16="","",IFERROR(INDEX(LOT_CONSERVE,MATCH($C16,LOT_KEY,0)),"")) | Q16: =IF(OR($C16="",$D16=""),"",SUMIFS(MVT_NET,MVT_LOT,$C16,MVT_EMPL,$D16)) | R16: =IF($C16="","",IF(OR($B16="",AND($F16="",$G16="",$H16="",$I16="",$J16="",$K16="")),"DONNEES MANQUANTES",IF(AND($D16<>"",$Q16<=0),"EMPLACEMENT INCOHERENT","OK"))) | S16: =IF($C16="","",IF(AND(ISNUMBER($G16),$G16>P_HIST),"HISTAMINE "&TEXT($G16,"#,##0")&" PPM > seuil "&TEXT(P_HIST,"#,##0")&". ","")&IF(AND(ISNUMBER($F16),$P16="CONGELE",$F16>P_TCONG),"TEMPERATURE "&TEXT($F16,"0.0")&" C hors seuil congele. ","")&IF(AND(ISNUMBER($F16),$P16="FRAIS",$F16>P_TFRAIS),"TEMPERATURE "&TEXT($F16,"0.0")&" C hors seuil frais. ","")&IF($K16="BLOQUER","Lot bloque qualite : stock signale mais inchange. ","")&IF($R16="EMPLACEMENT INCOHERENT","Lot absent de cet emplacement : controle conserve, stock inchange. ","")&IF($R16="DONNEES MANQUANTES","Renseigner la DATE et au moins une mesure. ","")) | T16: =IF(OR($C16="",$B16=""),0,IF(COUNTIFS(QC_LOT,$C16,QC_DATE,">"&$B16)>0,0,IF(COUNTIFS($C$5:$C16,$C16,$B$5:$B16,$B16)=COUNTIFS(QC_LOT,$C16,QC_DATE,$B16),1,0))) -> 0 | U16: =IF($T16=1,$C16,"") | V16: =IF($C16="",0,IF($C16=R_LOT,1,0)) -> 0 | W16: =IF($V16=0,"",COUNTIF($V$5:$V16,1))
A17: =IF($C17="","","QC-"&TEXT(ROW()-4,"000")) | N17: =IF($C17="","",IFERROR(INDEX(LOT_EXTE,MATCH($C17,LOT_KEY,0)),"")) | O17: =IF($C17="","",IFERROR(INDEX(LOT_PRODE,MATCH($C17,LOT_KEY,0)),"LOT NON REFERENCE")) | P17: =IF($C17="","",IFERROR(INDEX(LOT_CONSERVE,MATCH($C17,LOT_KEY,0)),"")) | Q17: =IF(OR($C17="",$D17=""),"",SUMIFS(MVT_NET,MVT_LOT,$C17,MVT_EMPL,$D17)) | R17: =IF($C17="","",IF(OR($B17="",AND($F17="",$G17="",$H17="",$I17="",$J17="",$K17="")),"DONNEES MANQUANTES",IF(AND($D17<>"",$Q17<=0),"EMPLACEMENT INCOHERENT","OK"))) | S17: =IF($C17="","",IF(AND(ISNUMBER($G17),$G17>P_HIST),"HISTAMINE "&TEXT($G17,"#,##0")&" PPM > seuil "&TEXT(P_HIST,"#,##0")&". ","")&IF(AND(ISNUMBER($F17),$P17="CONGELE",$F17>P_TCONG),"TEMPERATURE "&TEXT($F17,"0.0")&" C hors seuil congele. ","")&IF(AND(ISNUMBER($F17),$P17="FRAIS",$F17>P_TFRAIS),"TEMPERATURE "&TEXT($F17,"0.0")&" C hors seuil frais. ","")&IF($K17="BLOQUER","Lot bloque qualite : stock signale mais inchange. ","")&IF($R17="EMPLACEMENT INCOHERENT","Lot absent de cet emplacement : controle conserve, stock inchange. ","")&IF($R17="DONNEES MANQUANTES","Renseigner la DATE et au moins une mesure. ","")) | T17: =IF(OR($C17="",$B17=""),0,IF(COUNTIFS(QC_LOT,$C17,QC_DATE,">"&$B17)>0,0,IF(COUNTIFS($C$5:$C17,$C17,$B$5:$B17,$B17)=COUNTIFS(QC_LOT,$C17,QC_DATE,$B17),1,0))) -> 0 | U17: =IF($T17=1,$C17,"") | V17: =IF($C17="",0,IF($C17=R_LOT,1,0)) -> 0 | W17: =IF($V17=0,"",COUNTIF($V$5:$V17,1))
A18: =IF($C18="","","QC-"&TEXT(ROW()-4,"000")) | N18: =IF($C18="","",IFERROR(INDEX(LOT_EXTE,MATCH($C18,LOT_KEY,0)),"")) | O18: =IF($C18="","",IFERROR(INDEX(LOT_PRODE,MATCH($C18,LOT_KEY,0)),"LOT NON REFERENCE")) | P18: =IF($C18="","",IFERROR(INDEX(LOT_CONSERVE,MATCH($C18,LOT_KEY,0)),"")) | Q18: =IF(OR($C18="",$D18=""),"",SUMIFS(MVT_NET,MVT_LOT,$C18,MVT_EMPL,$D18)) | R18: =IF($C18="","",IF(OR($B18="",AND($F18="",$G18="",$H18="",$I18="",$J18="",$K18="")),"DONNEES MANQUANTES",IF(AND($D18<>"",$Q18<=0),"EMPLACEMENT INCOHERENT","OK"))) | S18: =IF($C18="","",IF(AND(ISNUMBER($G18),$G18>P_HIST),"HISTAMINE "&TEXT($G18,"#,##0")&" PPM > seuil "&TEXT(P_HIST,"#,##0")&". ","")&IF(AND(ISNUMBER($F18),$P18="CONGELE",$F18>P_TCONG),"TEMPERATURE "&TEXT($F18,"0.0")&" C hors seuil congele. ","")&IF(AND(ISNUMBER($F18),$P18="FRAIS",$F18>P_TFRAIS),"TEMPERATURE "&TEXT($F18,"0.0")&" C hors seuil frais. ","")&IF($K18="BLOQUER","Lot bloque qualite : stock signale mais inchange. ","")&IF($R18="EMPLACEMENT INCOHERENT","Lot absent de cet emplacement : controle conserve, stock inchange. ","")&IF($R18="DONNEES MANQUANTES","Renseigner la DATE et au moins une mesure. ","")) | T18: =IF(OR($C18="",$B18=""),0,IF(COUNTIFS(QC_LOT,$C18,QC_DATE,">"&$B18)>0,0,IF(COUNTIFS($C$5:$C18,$C18,$B$5:$B18,$B18)=COUNTIFS(QC_LOT,$C18,QC_DATE,$B18),1,0))) -> 0 | U18: =IF($T18=1,$C18,"") | V18: =IF($C18="",0,IF($C18=R_LOT,1,0)) -> 0 | W18: =IF($V18=0,"",COUNTIF($V$5:$V18,1))
A19: =IF($C19="","","QC-"&TEXT(ROW()-4,"000")) | N19: =IF($C19="","",IFERROR(INDEX(LOT_EXTE,MATCH($C19,LOT_KEY,0)),"")) | O19: =IF($C19="","",IFERROR(INDEX(LOT_PRODE,MATCH($C19,LOT_KEY,0)),"LOT NON REFERENCE")) | P19: =IF($C19="","",IFERROR(INDEX(LOT_CONSERVE,MATCH($C19,LOT_KEY,0)),"")) | Q19: =IF(OR($C19="",$D19=""),"",SUMIFS(MVT_NET,MVT_LOT,$C19,MVT_EMPL,$D19)) | R19: =IF($C19="","",IF(OR($B19="",AND($F19="",$G19="",$H19="",$I19="",$J19="",$K19="")),"DONNEES MANQUANTES",IF(AND($D19<>"",$Q19<=0),"EMPLACEMENT INCOHERENT","OK"))) | S19: =IF($C19="","",IF(AND(ISNUMBER($G19),$G19>P_HIST),"HISTAMINE "&TEXT($G19,"#,##0")&" PPM > seuil "&TEXT(P_HIST,"#,##0")&". ","")&IF(AND(ISNUMBER($F19),$P19="CONGELE",$F19>P_TCONG),"TEMPERATURE "&TEXT($F19,"0.0")&" C hors seuil congele. ","")&IF(AND(ISNUMBER($F19),$P19="FRAIS",$F19>P_TFRAIS),"TEMPERATURE "&TEXT($F19,"0.0")&" C hors seuil frais. ","")&IF($K19="BLOQUER","Lot bloque qualite : stock signale mais inchange. ","")&IF($R19="EMPLACEMENT INCOHERENT","Lot absent de cet emplacement : controle conserve, stock inchange. ","")&IF($R19="DONNEES MANQUANTES","Renseigner la DATE et au moins une mesure. ","")) | T19: =IF(OR($C19="",$B19=""),0,IF(COUNTIFS(QC_LOT,$C19,QC_DATE,">"&$B19)>0,0,IF(COUNTIFS($C$5:$C19,$C19,$B$5:$B19,$B19)=COUNTIFS(QC_LOT,$C19,QC_DATE,$B19),1,0))) -> 0 | U19: =IF($T19=1,$C19,"") | V19: =IF($C19="",0,IF($C19=R_LOT,1,0)) -> 0 | W19: =IF($V19=0,"",COUNTIF($V$5:$V19,1))
A20: =IF($C20="","","QC-"&TEXT(ROW()-4,"000")) | N20: =IF($C20="","",IFERROR(INDEX(LOT_EXTE,MATCH($C20,LOT_KEY,0)),"")) | O20: =IF($C20="","",IFERROR(INDEX(LOT_PRODE,MATCH($C20,LOT_KEY,0)),"LOT NON REFERENCE")) | P20: =IF($C20="","",IFERROR(INDEX(LOT_CONSERVE,MATCH($C20,LOT_KEY,0)),"")) | Q20: =IF(OR($C20="",$D20=""),"",SUMIFS(MVT_NET,MVT_LOT,$C20,MVT_EMPL,$D20)) | R20: =IF($C20="","",IF(OR($B20="",AND($F20="",$G20="",$H20="",$I20="",$J20="",$K20="")),"DONNEES MANQUANTES",IF(AND($D20<>"",$Q20<=0),"EMPLACEMENT INCOHERENT","OK"))) | S20: =IF($C20="","",IF(AND(ISNUMBER($G20),$G20>P_HIST),"HISTAMINE "&TEXT($G20,"#,##0")&" PPM > seuil "&TEXT(P_HIST,"#,##0")&". ","")&IF(AND(ISNUMBER($F20),$P20="CONGELE",$F20>P_TCONG),"TEMPERATURE "&TEXT($F20,"0.0")&" C hors seuil congele. ","")&IF(AND(ISNUMBER($F20),$P20="FRAIS",$F20>P_TFRAIS),"TEMPERATURE "&TEXT($F20,"0.0")&" C hors seuil frais. ","")&IF($K20="BLOQUER","Lot bloque qualite : stock signale mais inchange. ","")&IF($R20="EMPLACEMENT INCOHERENT","Lot absent de cet emplacement : controle conserve, stock inchange. ","")&IF($R20="DONNEES MANQUANTES","Renseigner la DATE et au moins une mesure. ","")) | T20: =IF(OR($C20="",$B20=""),0,IF(COUNTIFS(QC_LOT,$C20,QC_DATE,">"&$B20)>0,0,IF(COUNTIFS($C$5:$C20,$C20,$B$5:$B20,$B20)=COUNTIFS(QC_LOT,$C20,QC_DATE,$B20),1,0))) -> 0 | U20: =IF($T20=1,$C20,"") | V20: =IF($C20="",0,IF($C20=R_LOT,1,0)) -> 0 | W20: =IF($V20=0,"",COUNTIF($V$5:$V20,1))
... A254: =IF($C254="","","QC-"&TEXT(ROW()-4,"000")) | N254: =IF($C254="","",IFERROR(INDEX(LOT_EXTE,MATCH($C254,LOT_KEY,0)),"")) | O254: =IF($C254="","",IFERROR(INDEX(LOT_PRODE,MATCH($C254,LOT_KEY,0)),"LOT NON REFERENCE")) | P254: =IF($C254="","",IFERROR(INDEX(LOT_CONSERVE,MATCH($C254,LOT_KEY,0)),"")) | Q254: =IF(OR($C254="",$D254=""),"",SUMIFS(MVT_NET,MVT_LOT,$C254,MVT_EMPL,$D254)) | R254: =IF($C254="","",IF(OR($B254="",AND($F254="",$G254="",$H254="",$I254="",$J254="",$K254="")),"DONNEES MANQUANTES",IF(AND($D254<>"",$Q254<=0),"EMPLACEMENT INCOHERENT","OK"))) | S254: =IF($C254="","",IF(AND(ISNUMBER($G254),$G254>P_HIST),"HISTAMINE "&TEXT($G254,"#,##0")&" PPM > seuil "&TEXT(P_HIST,"#,##0")&". ","")&IF(AND(ISNUMBER($F254),$P254="CONGELE",$F254>P_TCONG),"TEMPERATURE "&TEXT($F254,"0.0")&" C hors seuil congele. ","")&IF(AND(ISNUMBER($F254),$P254="FRAIS",$F254>P_TFRAIS),"TEMPERATURE "&TEXT($F254,"0.0")&" C hors seuil frais. ","")&IF($K254="BLOQUER","Lot bloque qualite : stock signale mais inchange. ","")&IF($R254="EMPLACEMENT INCOHERENT","Lot absent de cet emplacement : controle conserve, stock inchange. ","")&IF($R254="DONNEES MANQUANTES","Renseigner la DATE et au moins une mesure. ","")) | T254: =IF(OR($C254="",$B254=""),0,IF(COUNTIFS(QC_LOT,$C254,QC_DATE,">"&$B254)>0,0,IF(COUNTIFS($C$5:$C254,$C254,$B$5:$B254,$B254)=COUNTIFS(QC_LOT,$C254,QC_DATE,$B254),1,0))) -> 0 | U254: =IF($T254=1,$C254,"") | V254: =IF($C254="",0,IF($C254=R_LOT,1,0)) -> 0 | W254: =IF($V254=0,"",COUNTIF($V$5:$V254,1))

Sheet STOCK
A1: SYNTHESE DES STOCKS
A2: Reconstruit integralement a partir du grand livre MOUVEMENTS. Une case vide signifie zero.
A4: STOCK TOTAL INTERNE (kg) | D4: =SUMIFS(MVT_NET,MVT_CLASSE,"INTERNE") -> 4065
A5: STOCK TOTAL EXTERNE (kg) | D5: =SUMIFS(MVT_NET,MVT_CLASSE,"EXTERNE") -> 1350
A6: STOCK TOTAL (kg) | D6: =SUM(MVT_NET) -> 5415
A7: NB LOTS EN STOCK | D7: =COUNTIF($N$15:$N$214,">0") -> 9
A8: EN COURS CHEZ LES SOUS-TRAITANTS (kg) | D8: =SUM(ST_ENCOURS) -> 200
A9: STOCK BLOQUE QUALITE (kg) | D9: =SUM($T$15:$T$214) -> 200
A10: CONTROLE : ECART MATRICE / GRAND LIVRE (kg) | D10: =ROUND(SUM(MVT_NET)-SUM($N$15:$N$214),3) -> 0 | E10: Doit rester a 0. Sinon un lot present dans les mouvements n'a pas de fiche dans LOTS.
A12: STOCK PAR LOT ET PAR EMPLACEMENT
A13: CLASSE | B13: =IF(INDEX(EMPL_KEY,1)="","",IFERROR(INDEX(EMPL_CLASSE,1),"")) -> INTERNE | C13: =IF(INDEX(EMPL_KEY,2)="","",IFERROR(INDEX(EMPL_CLASSE,2),"")) -> EXTERNE | D13: =IF(INDEX(EMPL_KEY,3)="","",IFERROR(INDEX(EMPL_CLASSE,3),"")) -> EXTERNE | E13: =IF(INDEX(EMPL_KEY,4)="","",IFERROR(INDEX(EMPL_CLASSE,4),"")) -> EXTERNE | F13: =IF(INDEX(EMPL_KEY,5)="","",IFERROR(INDEX(EMPL_CLASSE,5),"")) -> EXTERNE | G13: =IF(INDEX(EMPL_KEY,6)="","",IFERROR(INDEX(EMPL_CLASSE,6),"")) -> EXTERNE | H13: =IF(INDEX(EMPL_KEY,7)="","",IFERROR(INDEX(EMPL_CLASSE,7),"")) -> EXTERNE | I13: =IF(INDEX(EMPL_KEY,8)="","",IFERROR(INDEX(EMPL_CLASSE,8),"")) -> EXTERNE | J13: =IF(INDEX(EMPL_KEY,9)="","",IFERROR(INDEX(EMPL_CLASSE,9),"")) -> EXTERNE | K13: =IF(INDEX(EMPL_KEY,10)="","",IFERROR(INDEX(EMPL_CLASSE,10),"")) -> EXTERNE | L13: =IF(INDEX(EMPL_KEY,11)="","",IFERROR(INDEX(EMPL_CLASSE,11),"")) | M13: =IF(INDEX(EMPL_KEY,12)="","",IFERROR(INDEX(EMPL_CLASSE,12),""))
A14: LOT INTERNE | B14: =IF(INDEX(EMPL_KEY,1)="","",INDEX(EMPL_KEY,1)) -> OCEAMIC 2 | C14: =IF(INDEX(EMPL_KEY,2)="","",INDEX(EMPL_KEY,2)) -> SARMA | D14: =IF(INDEX(EMPL_KEY,3)="","",INDEX(EMPL_KEY,3)) -> DAMSA | E14: =IF(INDEX(EMPL_KEY,4)="","",INDEX(EMPL_KEY,4)) -> COFRIGOP | F14: =IF(INDEX(EMPL_KEY,5)="","",INDEX(EMPL_KEY,5)) -> COFRIGOB | G14: =IF(INDEX(EMPL_KEY,6)="","",INDEX(EMPL_KEY,6)) -> FOURSEASEN | H14: =IF(INDEX(EMPL_KEY,7)="","",INDEX(EMPL_KEY,7)) -> ATLANTIC | I14: =IF(INDEX(EMPL_KEY,8)="","",INDEX(EMPL_KEY,8)) -> WILL FISHING | J14: =IF(INDEX(EMPL_KEY,9)="","",INDEX(EMPL_KEY,9)) -> KJ FISH | K14: =IF(INDEX(EMPL_KEY,10)="","",INDEX(EMPL_KEY,10)) -> OCEAMIC 1 | L14: =IF(INDEX(EMPL_KEY,11)="","",INDEX(EMPL_KEY,11)) | M14: =IF(INDEX(EMPL_KEY,12)="","",INDEX(EMPL_KEY,12)) | N14: TOTAL LOT (KG) | O14: DONT INTERNE | P14: DONT EXTERNE | Q14: EN COURS ST | R14: LOT EXTERNE | S14: DERNIERE DECISION | T14: STOCK BLOQUE (KG) | U14: ALERTE
A15: =IF(LOTS!$A5="","",LOTS!$A5) -> 255 | B15: =IF(OR($A15="",B$14=""),0,SUMIFS(MVT_NET,MVT_LOT,$A15,MVT_EMPL,B$14)) -> 500 | C15: =IF(OR($A15="",C$14=""),0,SUMIFS(MVT_NET,MVT_LOT,$A15,MVT_EMPL,C$14)) -> 0 | D15: =IF(OR($A15="",D$14=""),0,SUMIFS(MVT_NET,MVT_LOT,$A15,MVT_EMPL,D$14)) -> 0 | E15: =IF(OR($A15="",E$14=""),0,SUMIFS(MVT_NET,MVT_LOT,$A15,MVT_EMPL,E$14)) -> 0 | F15: =IF(OR($A15="",F$14=""),0,SUMIFS(MVT_NET,MVT_LOT,$A15,MVT_EMPL,F$14)) -> 0 | G15: =IF(OR($A15="",G$14=""),0,SUMIFS(MVT_NET,MVT_LOT,$A15,MVT_EMPL,G$14)) -> 0 | H15: =IF(OR($A15="",H$14=""),0,SUMIFS(MVT_NET,MVT_LOT,$A15,MVT_EMPL,H$14)) -> 0 | I15: =IF(OR($A15="",I$14=""),0,SUMIFS(MVT_NET,MVT_LOT,$A15,MVT_EMPL,I$14)) -> 0 | ... M15: =IF(OR($A15="",M$14=""),0,SUMIFS(MVT_NET,MVT_LOT,$A15,MVT_EMPL,M$14)) -> 0 | N15: =SUM($B15:$M15) -> 500 | O15: =SUMPRODUCT(($B$13:$M$13="INTERNE")*$B15:$M15) -> 500 | P15: =SUMPRODUCT(($B$13:$M$13="EXTERNE")*$B15:$M15) -> 0 | Q15: =IF($A15="",0,SUMIFS(ST_ENCOURS,ST_LOT,$A15)) -> 0 | R15: =IF($A15="","",IFERROR(INDEX(LOT_EXTE,MATCH($A15,LOT_KEY,0)),"")) -> L-EXT-255 | S15: =IF($A15="","",IFERROR(INDEX(LOT_DECISION,MATCH($A15,LOT_KEY,0)),"")) -> ACCEPTER | T15: =IF($S15="BLOQUER",MAX(0,$N15),0) -> 0 | U15: =IF($A15="","",IF($N15<-0.001,"STOCK NEGATIF - ANOMALIE",IF($T15>0,"BLOQUE QUALITE","")))
A16: =IF(LOTS!$A6="","",LOTS!$A6) -> 256 | B16: =IF(OR($A16="",B$14=""),0,SUMIFS(MVT_NET,MVT_LOT,$A16,MVT_EMPL,B$14)) -> 800 | C16: =IF(OR($A16="",C$14=""),0,SUMIFS(MVT_NET,MVT_LOT,$A16,MVT_EMPL,C$14)) -> 1200 | D16: =IF(OR($A16="",D$14=""),0,SUMIFS(MVT_NET,MVT_LOT,$A16,MVT_EMPL,D$14)) -> 0 | E16: =IF(OR($A16="",E$14=""),0,SUMIFS(MVT_NET,MVT_LOT,$A16,MVT_EMPL,E$14)) -> 0 | F16: =IF(OR($A16="",F$14=""),0,SUMIFS(MVT_NET,MVT_LOT,$A16,MVT_EMPL,F$14)) -> 0 | G16: =IF(OR($A16="",G$14=""),0,SUMIFS(MVT_NET,MVT_LOT,$A16,MVT_EMPL,G$14)) -> 0 | H16: =IF(OR($A16="",H$14=""),0,SUMIFS(MVT_NET,MVT_LOT,$A16,MVT_EMPL,H$14)) -> 0 | I16: =IF(OR($A16="",I$14=""),0,SUMIFS(MVT_NET,MVT_LOT,$A16,MVT_EMPL,I$14)) -> 0 | ... M16: =IF(OR($A16="",M$14=""),0,SUMIFS(MVT_NET,MVT_LOT,$A16,MVT_EMPL,M$14)) -> 0 | N16: =SUM($B16:$M16) -> 2000 | O16: =SUMPRODUCT(($B$13:$M$13="INTERNE")*$B16:$M16) -> 800 | P16: =SUMPRODUCT(($B$13:$M$13="EXTERNE")*$B16:$M16) -> 1200 | Q16: =IF($A16="",0,SUMIFS(ST_ENCOURS,ST_LOT,$A16)) -> 0 | R16: =IF($A16="","",IFERROR(INDEX(LOT_EXTE,MATCH($A16,LOT_KEY,0)),"")) -> L-EXT-256 | S16: =IF($A16="","",IFERROR(INDEX(LOT_DECISION,MATCH($A16,LOT_KEY,0)),"")) -> A RECONTROLER | T16: =IF($S16="BLOQUER",MAX(0,$N16),0) -> 0 | U16: =IF($A16="","",IF($N16<-0.001,"STOCK NEGATIF - ANOMALIE",IF($T16>0,"BLOQUE QUALITE","")))
A17: =IF(LOTS!$A7="","",LOTS!$A7) -> 257 | B17: =IF(OR($A17="",B$14=""),0,SUMIFS(MVT_NET,MVT_LOT,$A17,MVT_EMPL,B$14)) -> 500 | C17: =IF(OR($A17="",C$14=""),0,SUMIFS(MVT_NET,MVT_LOT,$A17,MVT_EMPL,C$14)) -> 0 | D17: =IF(OR($A17="",D$14=""),0,SUMIFS(MVT_NET,MVT_LOT,$A17,MVT_EMPL,D$14)) -> 0 | E17: =IF(OR($A17="",E$14=""),0,SUMIFS(MVT_NET,MVT_LOT,$A17,MVT_EMPL,E$14)) -> 0 | F17: =IF(OR($A17="",F$14=""),0,SUMIFS(MVT_NET,MVT_LOT,$A17,MVT_EMPL,F$14)) -> 0 | G17: =IF(OR($A17="",G$14=""),0,SUMIFS(MVT_NET,MVT_LOT,$A17,MVT_EMPL,G$14)) -> 0 | H17: =IF(OR($A17="",H$14=""),0,SUMIFS(MVT_NET,MVT_LOT,$A17,MVT_EMPL,H$14)) -> 0 | I17: =IF(OR($A17="",I$14=""),0,SUMIFS(MVT_NET,MVT_LOT,$A17,MVT_EMPL,I$14)) -> 0 | ... M17: =IF(OR($A17="",M$14=""),0,SUMIFS(MVT_NET,MVT_LOT,$A17,MVT_EMPL,M$14)) -> 0 | N17: =SUM($B17:$M17) -> 500 | O17: =SUMPRODUCT(($B$13:$M$13="INTERNE")*$B17:$M17) -> 500 | P17: =SUMPRODUCT(($B$13:$M$13="EXTERNE")*$B17:$M17) -> 0 | Q17: =IF($A17="",0,SUMIFS(ST_ENCOURS,ST_LOT,$A17)) -> 0 | R17: =IF($A17="","",IFERROR(INDEX(LOT_EXTE,MATCH($A17,LOT_KEY,0)),"")) -> L-EXT-255 | S17: =IF($A17="","",IFERROR(INDEX(LOT_DECISION,MATCH($A17,LOT_KEY,0)),"")) -> ACCEPTER | T17: =IF($S17="BLOQUER",MAX(0,$N17),0) -> 0 | U17: =IF($A17="","",IF($N17<-0.001,"STOCK NEGATIF - ANOMALIE",IF($T17>0,"BLOQUE QUALITE","")))
A18: =IF(LOTS!$A8="","",LOTS!$A8) -> 258 | B18: =IF(OR($A18="",B$14=""),0,SUMIFS(MVT_NET,MVT_LOT,$A18,MVT_EMPL,B$14)) -> 200 | C18: =IF(OR($A18="",C$14=""),0,SUMIFS(MVT_NET,MVT_LOT,$A18,MVT_EMPL,C$14)) -> 0 | D18: =IF(OR($A18="",D$14=""),0,SUMIFS(MVT_NET,MVT_LOT,$A18,MVT_EMPL,D$14)) -> 0 | E18: =IF(OR($A18="",E$14=""),0,SUMIFS(MVT_NET,MVT_LOT,$A18,MVT_EMPL,E$14)) -> 0 | F18: =IF(OR($A18="",F$14=""),0,SUMIFS(MVT_NET,MVT_LOT,$A18,MVT_EMPL,F$14)) -> 0 | G18: =IF(OR($A18="",G$14=""),0,SUMIFS(MVT_NET,MVT_LOT,$A18,MVT_EMPL,G$14)) -> 0 | H18: =IF(OR($A18="",H$14=""),0,SUMIFS(MVT_NET,MVT_LOT,$A18,MVT_EMPL,H$14)) -> 0 | I18: =IF(OR($A18="",I$14=""),0,SUMIFS(MVT_NET,MVT_LOT,$A18,MVT_EMPL,I$14)) -> 0 | ... M18: =IF(OR($A18="",M$14=""),0,SUMIFS(MVT_NET,MVT_LOT,$A18,MVT_EMPL,M$14)) -> 0 | N18: =SUM($B18:$M18) -> 200 | O18: =SUMPRODUCT(($B$13:$M$13="INTERNE")*$B18:$M18) -> 200 | P18: =SUMPRODUCT(($B$13:$M$13="EXTERNE")*$B18:$M18) -> 0 | Q18: =IF($A18="",0,SUMIFS(ST_ENCOURS,ST_LOT,$A18)) -> 0 | R18: =IF($A18="","",IFERROR(INDEX(LOT_EXTE,MATCH($A18,LOT_KEY,0)),"")) -> L-EXT-258 | S18: =IF($A18="","",IFERROR(INDEX(LOT_DECISION,MATCH($A18,LOT_KEY,0)),"")) | T18: =IF($S18="BLOQUER",MAX(0,$N18),0) -> 0 | U18: =IF($A18="","",IF($N18<-0.001,"STOCK NEGATIF - ANOMALIE",IF($T18>0,"BLOQUE QUALITE","")))
A19: =IF(LOTS!$A9="","",LOTS!$A9) -> 300 | B19: =IF(OR($A19="",B$14=""),0,SUMIFS(MVT_NET,MVT_LOT,$A19,MVT_EMPL,B$14)) -> 0 | C19: =IF(OR($A19="",C$14=""),0,SUMIFS(MVT_NET,MVT_LOT,$A19,MVT_EMPL,C$14)) -> 0 | D19: =IF(OR($A19="",D$14=""),0,SUMIFS(MVT_NET,MVT_LOT,$A19,MVT_EMPL,D$14)) -> 0 | E19: =IF(OR($A19="",E$14=""),0,SUMIFS(MVT_NET,MVT_LOT,$A19,MVT_EMPL,E$14)) -> 0 | F19: =IF(OR($A19="",F$14=""),0,SUMIFS(MVT_NET,MVT_LOT,$A19,MVT_EMPL,F$14)) -> 0 | G19: =IF(OR($A19="",G$14=""),0,SUMIFS(MVT_NET,MVT_LOT,$A19,MVT_EMPL,G$14)) -> 0 | H19: =IF(OR($A19="",H$14=""),0,SUMIFS(MVT_NET,MVT_LOT,$A19,MVT_EMPL,H$14)) -> 0 | I19: =IF(OR($A19="",I$14=""),0,SUMIFS(MVT_NET,MVT_LOT,$A19,MVT_EMPL,I$14)) -> 0 | ... M19: =IF(OR($A19="",M$14=""),0,SUMIFS(MVT_NET,MVT_LOT,$A19,MVT_EMPL,M$14)) -> 0 | N19: =SUM($B19:$M19) -> 0 | O19: =SUMPRODUCT(($B$13:$M$13="INTERNE")*$B19:$M19) -> 0 | P19: =SUMPRODUCT(($B$13:$M$13="EXTERNE")*$B19:$M19) -> 0 | Q19: =IF($A19="",0,SUMIFS(ST_ENCOURS,ST_LOT,$A19)) -> 0 | R19: =IF($A19="","",IFERROR(INDEX(LOT_EXTE,MATCH($A19,LOT_KEY,0)),"")) -> L-EXT-300 | S19: =IF($A19="","",IFERROR(INDEX(LOT_DECISION,MATCH($A19,LOT_KEY,0)),"")) | T19: =IF($S19="BLOQUER",MAX(0,$N19),0) -> 0 | U19: =IF($A19="","",IF($N19<-0.001,"STOCK NEGATIF - ANOMALIE",IF($T19>0,"BLOQUE QUALITE","")))
A20: =IF(LOTS!$A10="","",LOTS!$A10) -> 301 | B20: =IF(OR($A20="",B$14=""),0,SUMIFS(MVT_NET,MVT_LOT,$A20,MVT_EMPL,B$14)) -> 200 | C20: =IF(OR($A20="",C$14=""),0,SUMIFS(MVT_NET,MVT_LOT,$A20,MVT_EMPL,C$14)) -> 0 | D20: =IF(OR($A20="",D$14=""),0,SUMIFS(MVT_NET,MVT_LOT,$A20,MVT_EMPL,D$14)) -> 0 | E20: =IF(OR($A20="",E$14=""),0,SUMIFS(MVT_NET,MVT_LOT,$A20,MVT_EMPL,E$14)) -> 0 | F20: =IF(OR($A20="",F$14=""),0,SUMIFS(MVT_NET,MVT_LOT,$A20,MVT_EMPL,F$14)) -> 0 | G20: =IF(OR($A20="",G$14=""),0,SUMIFS(MVT_NET,MVT_LOT,$A20,MVT_EMPL,G$14)) -> 0 | H20: =IF(OR($A20="",H$14=""),0,SUMIFS(MVT_NET,MVT_LOT,$A20,MVT_EMPL,H$14)) -> 0 | I20: =IF(OR($A20="",I$14=""),0,SUMIFS(MVT_NET,MVT_LOT,$A20,MVT_EMPL,I$14)) -> 0 | ... M20: =IF(OR($A20="",M$14=""),0,SUMIFS(MVT_NET,MVT_LOT,$A20,MVT_EMPL,M$14)) -> 0 | N20: =SUM($B20:$M20) -> 200 | O20: =SUMPRODUCT(($B$13:$M$13="INTERNE")*$B20:$M20) -> 200 | P20: =SUMPRODUCT(($B$13:$M$13="EXTERNE")*$B20:$M20) -> 0 | Q20: =IF($A20="",0,SUMIFS(ST_ENCOURS,ST_LOT,$A20)) -> 200 | R20: =IF($A20="","",IFERROR(INDEX(LOT_EXTE,MATCH($A20,LOT_KEY,0)),"")) -> L-EXT-301 | S20: =IF($A20="","",IFERROR(INDEX(LOT_DECISION,MATCH($A20,LOT_KEY,0)),"")) -> BLOQUER | T20: =IF($S20="BLOQUER",MAX(0,$N20),0) -> 200 | U20: =IF($A20="","",IF($N20<-0.001,"STOCK NEGATIF - ANOMALIE",IF($T20>0,"BLOQUE QUALITE",""))) -> BLOQUE QUALITE
A21: =IF(LOTS!$A11="","",LOTS!$A11) -> 302 | B21: =IF(OR($A21="",B$14=""),0,SUMIFS(MVT_NET,MVT_LOT,$A21,MVT_EMPL,B$14)) -> 975 | C21: =IF(OR($A21="",C$14=""),0,SUMIFS(MVT_NET,MVT_LOT,$A21,MVT_EMPL,C$14)) -> 0 | D21: =IF(OR($A21="",D$14=""),0,SUMIFS(MVT_NET,MVT_LOT,$A21,MVT_EMPL,D$14)) -> 0 | E21: =IF(OR($A21="",E$14=""),0,SUMIFS(MVT_NET,MVT_LOT,$A21,MVT_EMPL,E$14)) -> 0 | F21: =IF(OR($A21="",F$14=""),0,SUMIFS(MVT_NET,MVT_LOT,$A21,MVT_EMPL,F$14)) -> 0 | G21: =IF(OR($A21="",G$14=""),0,SUMIFS(MVT_NET,MVT_LOT,$A21,MVT_EMPL,G$14)) -> 0 | H21: =IF(OR($A21="",H$14=""),0,SUMIFS(MVT_NET,MVT_LOT,$A21,MVT_EMPL,H$14)) -> 0 | I21: =IF(OR($A21="",I$14=""),0,SUMIFS(MVT_NET,MVT_LOT,$A21,MVT_EMPL,I$14)) -> 0 | ... M21: =IF(OR($A21="",M$14=""),0,SUMIFS(MVT_NET,MVT_LOT,$A21,MVT_EMPL,M$14)) -> 0 | N21: =SUM($B21:$M21) -> 975 | O21: =SUMPRODUCT(($B$13:$M$13="INTERNE")*$B21:$M21) -> 975 | P21: =SUMPRODUCT(($B$13:$M$13="EXTERNE")*$B21:$M21) -> 0 | Q21: =IF($A21="",0,SUMIFS(ST_ENCOURS,ST_LOT,$A21)) -> 0 | R21: =IF($A21="","",IFERROR(INDEX(LOT_EXTE,MATCH($A21,LOT_KEY,0)),"")) -> L-EXT-302 | S21: =IF($A21="","",IFERROR(INDEX(LOT_DECISION,MATCH($A21,LOT_KEY,0)),"")) | T21: =IF($S21="BLOQUER",MAX(0,$N21),0) -> 0 | U21: =IF($A21="","",IF($N21<-0.001,"STOCK NEGATIF - ANOMALIE",IF($T21>0,"BLOQUE QUALITE","")))
A22: =IF(LOTS!$A12="","",LOTS!$A12) -> 255-HG | B22: =IF(OR($A22="",B$14=""),0,SUMIFS(MVT_NET,MVT_LOT,$A22,MVT_EMPL,B$14)) -> 300 | C22: =IF(OR($A22="",C$14=""),0,SUMIFS(MVT_NET,MVT_LOT,$A22,MVT_EMPL,C$14)) -> 0 | D22: =IF(OR($A22="",D$14=""),0,SUMIFS(MVT_NET,MVT_LOT,$A22,MVT_EMPL,D$14)) -> 0 | E22: =IF(OR($A22="",E$14=""),0,SUMIFS(MVT_NET,MVT_LOT,$A22,MVT_EMPL,E$14)) -> 0 | F22: =IF(OR($A22="",F$14=""),0,SUMIFS(MVT_NET,MVT_LOT,$A22,MVT_EMPL,F$14)) -> 0 | G22: =IF(OR($A22="",G$14=""),0,SUMIFS(MVT_NET,MVT_LOT,$A22,MVT_EMPL,G$14)) -> 0 | H22: =IF(OR($A22="",H$14=""),0,SUMIFS(MVT_NET,MVT_LOT,$A22,MVT_EMPL,H$14)) -> 0 | I22: =IF(OR($A22="",I$14=""),0,SUMIFS(MVT_NET,MVT_LOT,$A22,MVT_EMPL,I$14)) -> 0 | ... M22: =IF(OR($A22="",M$14=""),0,SUMIFS(MVT_NET,MVT_LOT,$A22,MVT_EMPL,M$14)) -> 0 | N22: =SUM($B22:$M22) -> 300 | O22: =SUMPRODUCT(($B$13:$M$13="INTERNE")*$B22:$M22) -> 300 | P22: =SUMPRODUCT(($B$13:$M$13="EXTERNE")*$B22:$M22) -> 0 | Q22: =IF($A22="",0,SUMIFS(ST_ENCOURS,ST_LOT,$A22)) -> 0 | R22: =IF($A22="","",IFERROR(INDEX(LOT_EXTE,MATCH($A22,LOT_KEY,0)),"")) -> L-EXT-255 | S22: =IF($A22="","",IFERROR(INDEX(LOT_DECISION,MATCH($A22,LOT_KEY,0)),"")) | T22: =IF($S22="BLOQUER",MAX(0,$N22),0) -> 0 | U22: =IF($A22="","",IF($N22<-0.001,"STOCK NEGATIF - ANOMALIE",IF($T22>0,"BLOQUE QUALITE","")))
A23: =IF(LOTS!$A13="","",LOTS!$A13) -> 255-HGT | B23: =IF(OR($A23="",B$14=""),0,SUMIFS(MVT_NET,MVT_LOT,$A23,MVT_EMPL,B$14)) -> 0 | C23: =IF(OR($A23="",C$14=""),0,SUMIFS(MVT_NET,MVT_LOT,$A23,MVT_EMPL,C$14)) -> 0 | D23: =IF(OR($A23="",D$14=""),0,SUMIFS(MVT_NET,MVT_LOT,$A23,MVT_EMPL,D$14)) -> 0 | E23: =IF(OR($A23="",E$14=""),0,SUMIFS(MVT_NET,MVT_LOT,$A23,MVT_EMPL,E$14)) -> 150 | F23: =IF(OR($A23="",F$14=""),0,SUMIFS(MVT_NET,MVT_LOT,$A23,MVT_EMPL,F$14)) -> 0 | G23: =IF(OR($A23="",G$14=""),0,SUMIFS(MVT_NET,MVT_LOT,$A23,MVT_EMPL,G$14)) -> 0 | H23: =IF(OR($A23="",H$14=""),0,SUMIFS(MVT_NET,MVT_LOT,$A23,MVT_EMPL,H$14)) -> 0 | I23: =IF(OR($A23="",I$14=""),0,SUMIFS(MVT_NET,MVT_LOT,$A23,MVT_EMPL,I$14)) -> 0 | ... M23: =IF(OR($A23="",M$14=""),0,SUMIFS(MVT_NET,MVT_LOT,$A23,MVT_EMPL,M$14)) -> 0 | N23: =SUM($B23:$M23) -> 150 | O23: =SUMPRODUCT(($B$13:$M$13="INTERNE")*$B23:$M23) -> 0 | P23: =SUMPRODUCT(($B$13:$M$13="EXTERNE")*$B23:$M23) -> 150 | Q23: =IF($A23="",0,SUMIFS(ST_ENCOURS,ST_LOT,$A23)) -> 0 | R23: =IF($A23="","",IFERROR(INDEX(LOT_EXTE,MATCH($A23,LOT_KEY,0)),"")) -> L-EXT-255 | S23: =IF($A23="","",IFERROR(INDEX(LOT_DECISION,MATCH($A23,LOT_KEY,0)),"")) | T23: =IF($S23="BLOQUER",MAX(0,$N23),0) -> 0 | U23: =IF($A23="","",IF($N23<-0.001,"STOCK NEGATIF - ANOMALIE",IF($T23>0,"BLOQUE QUALITE","")))
A24: =IF(LOTS!$A14="","",LOTS!$A14) -> 300-FIL | B24: =IF(OR($A24="",B$14=""),0,SUMIFS(MVT_NET,MVT_LOT,$A24,MVT_EMPL,B$14)) -> 590 | C24: =IF(OR($A24="",C$14=""),0,SUMIFS(MVT_NET,MVT_LOT,$A24,MVT_EMPL,C$14)) -> 0 | D24: =IF(OR($A24="",D$14=""),0,SUMIFS(MVT_NET,MVT_LOT,$A24,MVT_EMPL,D$14)) -> 0 | E24: =IF(OR($A24="",E$14=""),0,SUMIFS(MVT_NET,MVT_LOT,$A24,MVT_EMPL,E$14)) -> 0 | F24: =IF(OR($A24="",F$14=""),0,SUMIFS(MVT_NET,MVT_LOT,$A24,MVT_EMPL,F$14)) -> 0 | G24: =IF(OR($A24="",G$14=""),0,SUMIFS(MVT_NET,MVT_LOT,$A24,MVT_EMPL,G$14)) -> 0 | H24: =IF(OR($A24="",H$14=""),0,SUMIFS(MVT_NET,MVT_LOT,$A24,MVT_EMPL,H$14)) -> 0 | I24: =IF(OR($A24="",I$14=""),0,SUMIFS(MVT_NET,MVT_LOT,$A24,MVT_EMPL,I$14)) -> 0 | ... M24: =IF(OR($A24="",M$14=""),0,SUMIFS(MVT_NET,MVT_LOT,$A24,MVT_EMPL,M$14)) -> 0 | N24: =SUM($B24:$M24) -> 590 | O24: =SUMPRODUCT(($B$13:$M$13="INTERNE")*$B24:$M24) -> 590 | P24: =SUMPRODUCT(($B$13:$M$13="EXTERNE")*$B24:$M24) -> 0 | Q24: =IF($A24="",0,SUMIFS(ST_ENCOURS,ST_LOT,$A24)) -> 0 | R24: =IF($A24="","",IFERROR(INDEX(LOT_EXTE,MATCH($A24,LOT_KEY,0)),"")) -> L-EXT-300 | S24: =IF($A24="","",IFERROR(INDEX(LOT_DECISION,MATCH($A24,LOT_KEY,0)),"")) | T24: =IF($S24="BLOQUER",MAX(0,$N24),0) -> 0 | U24: =IF($A24="","",IF($N24<-0.001,"STOCK NEGATIF - ANOMALIE",IF($T24>0,"BLOQUE QUALITE","")))
A25: =IF(LOTS!$A15="","",LOTS!$A15) | B25: =IF(OR($A25="",B$14=""),0,SUMIFS(MVT_NET,MVT_LOT,$A25,MVT_EMPL,B$14)) -> 0 | C25: =IF(OR($A25="",C$14=""),0,SUMIFS(MVT_NET,MVT_LOT,$A25,MVT_EMPL,C$14)) -> 0 | D25: =IF(OR($A25="",D$14=""),0,SUMIFS(MVT_NET,MVT_LOT,$A25,MVT_EMPL,D$14)) -> 0 | E25: =IF(OR($A25="",E$14=""),0,SUMIFS(MVT_NET,MVT_LOT,$A25,MVT_EMPL,E$14)) -> 0 | F25: =IF(OR($A25="",F$14=""),0,SUMIFS(MVT_NET,MVT_LOT,$A25,MVT_EMPL,F$14)) -> 0 | G25: =IF(OR($A25="",G$14=""),0,SUMIFS(MVT_NET,MVT_LOT,$A25,MVT_EMPL,G$14)) -> 0 | H25: =IF(OR($A25="",H$14=""),0,SUMIFS(MVT_NET,MVT_LOT,$A25,MVT_EMPL,H$14)) -> 0 | I25: =IF(OR($A25="",I$14=""),0,SUMIFS(MVT_NET,MVT_LOT,$A25,MVT_EMPL,I$14)) -> 0 | ... M25: =IF(OR($A25="",M$14=""),0,SUMIFS(MVT_NET,MVT_LOT,$A25,MVT_EMPL,M$14)) -> 0 | N25: =SUM($B25:$M25) -> 0 | O25: =SUMPRODUCT(($B$13:$M$13="INTERNE")*$B25:$M25) -> 0 | P25: =SUMPRODUCT(($B$13:$M$13="EXTERNE")*$B25:$M25) -> 0 | Q25: =IF($A25="",0,SUMIFS(ST_ENCOURS,ST_LOT,$A25)) -> 0 | R25: =IF($A25="","",IFERROR(INDEX(LOT_EXTE,MATCH($A25,LOT_KEY,0)),"")) | S25: =IF($A25="","",IFERROR(INDEX(LOT_DECISION,MATCH($A25,LOT_KEY,0)),"")) | T25: =IF($S25="BLOQUER",MAX(0,$N25),0) -> 0 | U25: =IF($A25="","",IF($N25<-0.001,"STOCK NEGATIF - ANOMALIE",IF($T25>0,"BLOQUE QUALITE","")))
